pt_path,label_name,label_index
/data/dev/projects/ai/Trackey/trackey/research/EXTRACTED_HMDB51_FEATURES/brush_hair_April_09_brush_hair_u_nm_np1_ba_goo_0.pt,brush_hair,0
/data/dev/projects/ai/Trackey/trackey/research/EXTRACTED_HMDB51_FEATURES/brush_hair_April_09_brush_hair_u_nm_np1_ba_goo_1.pt,brush_hair,0
/data/dev/projects/ai/Trackey/trackey/research/EXTRACTED_HMDB51_FEATURES/brush_hair_April_09_brush_hair_u_nm_np1_ba_goo_2.pt,brush_hair,0
/data/dev/projects/ai/Trackey/trackey/research/EXTRACTED_HMDB51_FEATURES/brush_hair_Aussie_Brunette_Brushing_Hair_II_brush_hair_u_nm_np1_ba_goo_4.pt,brush_hair,0
/data/dev/projects/ai/Trackey/trackey/research/EXTRACTED_HMDB51_FEATURES/brush_hair_Aussie_Brunette_Brushing_Hair_II_brush_hair_u_nm_np1_ri_med_3.pt,brush_hair,0
/data/dev/projects/ai/Trackey/trackey/research/EXTRACTED_HMDB51_FEATURES/brush_hair_Aussie_Brunette_Brushing_Hair_II_brush_hair_u_nm_np2_le_goo_0.pt,brush_hair,0
/data/dev/projects/ai/Trackey/trackey/research/EXTRACTED_HMDB51_FEATURES/brush_hair_Aussie_Brunette_Brushing_Hair_II_brush_hair_u_nm_np2_le_goo_1.pt,brush_hair,0
/data/dev/projects/ai/Trackey/trackey/research/EXTRACTED_HMDB51_FEATURES/brush_hair_Aussie_Brunette_Brushing_Hair_II_brush_hair_u_nm_np2_le_med_2.pt,brush_hair,0
/data/dev/projects/ai/Trackey/trackey/research/EXTRACTED_HMDB51_FEATURES/brush_hair_Aussie_Brunette_Brushing_Long_Hair_brush_hair_u_nm_np1_ba_med_3.pt,brush_hair,0
/data/dev/projects/ai/Trackey/trackey/research/EXTRACTED_HMDB51_FEATURES/brush_hair_Aussie_Brunette_Brushing_Long_Hair_brush_hair_u_nm_np1_fr_goo_1.pt,brush_hair,0
/data/dev/projects/ai/Trackey/trackey/research/EXTRACTED_HMDB51_FEATURES/brush_hair_Aussie_Brunette_Brushing_Long_Hair_brush_hair_u_nm_np1_fr_goo_2.pt,brush_hair,0
/data/dev/projects/ai/Trackey/trackey/research/EXTRACTED_HMDB51_FEATURES/brush_hair_Aussie_Brunette_Brushing_Long_Hair_brush_hair_u_nm_np1_fr_med_0.pt,brush_hair,0
/data/dev/projects/ai/Trackey/trackey/research/EXTRACTED_HMDB51_FEATURES/brush_hair_Blonde_being_brushed_brush_hair_f_nm_np2_ri_med_0.pt,brush_hair,0
/data/dev/projects/ai/Trackey/trackey/research/EXTRACTED_HMDB51_FEATURES/brush_hair_Blonde_being_brushed_brush_hair_u_cm_np2_ri_med_1.pt,brush_hair,0
/data/dev/projects/ai/Trackey/trackey/research/EXTRACTED_HMDB51_FEATURES/brush_hair_Brunette_Foxyanya_ultra_silky_long_hair_brushing_hairjob_brush_hair_f_nm_np1_fr_goo_1.pt,brush_hair,0
/data/dev/projects/ai/Trackey/trackey/research/EXTRACTED_HMDB51_FEATURES/brush_hair_Brunette_Foxyanya_ultra_silky_long_hair_brushing_hairjob_brush_hair_f_nm_np1_fr_goo_2.pt,brush_hair,0
/data/dev/projects/ai/Trackey/trackey/research/EXTRACTED_HMDB51_FEATURES/brush_hair_Brunette_Foxyanya_ultra_silky_long_hair_brushing_hairjob_brush_hair_f_nm_np1_fr_goo_4.pt,brush_hair,0
/data/dev/projects/ai/Trackey/trackey/research/EXTRACTED_HMDB51_FEATURES/brush_hair_Brunette_Foxyanya_ultra_silky_long_hair_brushing_hairjob_brush_hair_f_nm_np1_le_goo_3.pt,brush_hair,0
/data/dev/projects/ai/Trackey/trackey/research/EXTRACTED_HMDB51_FEATURES/brush_hair_Brunette_Foxyanya_ultra_silky_long_hair_brushing_hairjob_brush_hair_f_nm_np1_ri_goo_0.pt,brush_hair,0
/data/dev/projects/ai/Trackey/trackey/research/EXTRACTED_HMDB51_FEATURES/brush_hair_Brunette_Foxyanya_ultra_silky_long_hair_brushing_hairjob_brush_hair_h_cm_np2_ri_goo_6.pt,brush_hair,0
/data/dev/projects/ai/Trackey/trackey/research/EXTRACTED_HMDB51_FEATURES/brush_hair_Brunette_Foxyanya_ultra_silky_long_hair_brushing_hairjob_brush_hair_h_nm_np2_ri_goo_5.pt,brush_hair,0
/data/dev/projects/ai/Trackey/trackey/research/EXTRACTED_HMDB51_FEATURES/brush_hair_Brushing_Hair_with_Beth_brush_hair_h_nm_np1_le_goo_0.pt,brush_hair,0
/data/dev/projects/ai/Trackey/trackey/research/EXTRACTED_HMDB51_FEATURES/brush_hair_Brushing_Hair_with_Beth_brush_hair_u_nm_np1_fr_goo_1.pt,brush_hair,0
/data/dev/projects/ai/Trackey/trackey/research/EXTRACTED_HMDB51_FEATURES/brush_hair_Brushing_Hair_with_Beth_brush_hair_u_nm_np1_fr_goo_2.pt,brush_hair,0
/data/dev/projects/ai/Trackey/trackey/research/EXTRACTED_HMDB51_FEATURES/brush_hair_Brushing_Her_Hair__[_NEW_AUDIO_]_UPDATED!!!!_brush_hair_h_cm_np1_fr_goo_0.pt,brush_hair,0
/data/dev/projects/ai/Trackey/trackey/research/EXTRACTED_HMDB51_FEATURES/brush_hair_Brushing_Her_Hair__[_NEW_AUDIO_]_UPDATED!!!!_brush_hair_h_cm_np1_le_goo_1.pt,brush_hair,0
/data/dev/projects/ai/Trackey/trackey/research/EXTRACTED_HMDB51_FEATURES/brush_hair_Brushing_Her_Hair__[_NEW_AUDIO_]_UPDATED!!!!_brush_hair_h_cm_np1_le_goo_2.pt,brush_hair,0
/data/dev/projects/ai/Trackey/trackey/research/EXTRACTED_HMDB51_FEATURES/brush_hair_Brushing_Her_Hair__[_NEW_AUDIO_]_UPDATED!!!!_brush_hair_h_cm_np1_le_goo_3.pt,brush_hair,0
/data/dev/projects/ai/Trackey/trackey/research/EXTRACTED_HMDB51_FEATURES/brush_hair_Brushing_hair__the_right_way_brush_hair_u_nm_np1_fr_goo_0.pt,brush_hair,0
/data/dev/projects/ai/Trackey/trackey/research/EXTRACTED_HMDB51_FEATURES/brush_hair_Brushing_hair__the_right_way_brush_hair_u_nm_np1_fr_goo_1.pt,brush_hair,0
/data/dev/projects/ai/Trackey/trackey/research/EXTRACTED_HMDB51_FEATURES/brush_hair_Brushing_hair__the_right_way_brush_hair_u_nm_np1_fr_goo_2.pt,brush_hair,0
/data/dev/projects/ai/Trackey/trackey/research/EXTRACTED_HMDB51_FEATURES/brush_hair_Brushing_my_Long_Hair__February_2009_brush_hair_u_nm_np1_ba_goo_1.pt,brush_hair,0
/data/dev/projects/ai/Trackey/trackey/research/EXTRACTED_HMDB51_FEATURES/brush_hair_Brushing_my_Long_Hair__February_2009_brush_hair_u_nm_np1_ba_goo_2.pt,brush_hair,0
/data/dev/projects/ai/Trackey/trackey/research/EXTRACTED_HMDB51_FEATURES/brush_hair_Brushing_my_Long_Hair__February_2009_brush_hair_u_nm_np1_fr_goo_0.pt,brush_hair,0
/data/dev/projects/ai/Trackey/trackey/research/EXTRACTED_HMDB51_FEATURES/brush_hair_Brushing_my_hair_-_December_2008_brush_hair_u_cm_np1_ba_goo_1.pt,brush_hair,0
/data/dev/projects/ai/Trackey/trackey/research/EXTRACTED_HMDB51_FEATURES/brush_hair_Brushing_my_hair_-_December_2008_brush_hair_u_cm_np1_ba_goo_2.pt,brush_hair,0
/data/dev/projects/ai/Trackey/trackey/research/EXTRACTED_HMDB51_FEATURES/brush_hair_Brushing_my_hair_-_December_2008_brush_hair_u_nm_np1_ba_goo_0.pt,brush_hair,0
/data/dev/projects/ai/Trackey/trackey/research/EXTRACTED_HMDB51_FEATURES/brush_hair_Brushing_my_long_hair_brush_hair_u_nm_np1_ba_goo_2.pt,brush_hair,0
/data/dev/projects/ai/Trackey/trackey/research/EXTRACTED_HMDB51_FEATURES/brush_hair_Brushing_my_long_hair_brush_hair_u_nm_np1_fr_goo_0.pt,brush_hair,0
/data/dev/projects/ai/Trackey/trackey/research/EXTRACTED_HMDB51_FEATURES/brush_hair_Brushing_my_long_hair_brush_hair_u_nm_np1_fr_goo_1.pt,brush_hair,0
/data/dev/projects/ai/Trackey/trackey/research/EXTRACTED_HMDB51_FEATURES/brush_hair_Brushing_my_waist_lenth_hair_brush_hair_u_nm_np1_ba_goo_0.pt,brush_hair,0
/data/dev/projects/ai/Trackey/trackey/research/EXTRACTED_HMDB51_FEATURES/brush_hair_Brushing_my_waist_lenth_hair_brush_hair_u_nm_np1_ba_goo_1.pt,brush_hair,0
/data/dev/projects/ai/Trackey/trackey/research/EXTRACTED_HMDB51_FEATURES/brush_hair_Brushing_my_waist_lenth_hair_brush_hair_u_nm_np1_ba_goo_2.pt,brush_hair,0
/data/dev/projects/ai/Trackey/trackey/research/EXTRACTED_HMDB51_FEATURES/brush_hair_Chanta!____THAT_IS_long_blonde_hair!_brush_hair_u_cm_np1_fr_goo_2.pt,brush_hair,0
/data/dev/projects/ai/Trackey/trackey/research/EXTRACTED_HMDB51_FEATURES/brush_hair_Chanta!____THAT_IS_long_blonde_hair!_brush_hair_u_cm_np1_le_goo_0.pt,brush_hair,0
/data/dev/projects/ai/Trackey/trackey/research/EXTRACTED_HMDB51_FEATURES/brush_hair_Chanta!____THAT_IS_long_blonde_hair!_brush_hair_u_cm_np1_le_goo_1.pt,brush_hair,0
/data/dev/projects/ai/Trackey/trackey/research/EXTRACTED_HMDB51_FEATURES/brush_hair_Chanta!____THAT_IS_long_blonde_hair!_brush_hair_u_nm_np1_ri_goo_3.pt,brush_hair,0
/data/dev/projects/ai/Trackey/trackey/research/EXTRACTED_HMDB51_FEATURES/brush_hair_Ella_brushing_her_amazing_long_hair_brush_hair_u_cm_np1_ba_goo_0.pt,brush_hair,0
/data/dev/projects/ai/Trackey/trackey/research/EXTRACTED_HMDB51_FEATURES/brush_hair_Ella_brushing_her_amazing_long_hair_brush_hair_u_cm_np1_ba_goo_2.pt,brush_hair,0
/data/dev/projects/ai/Trackey/trackey/research/EXTRACTED_HMDB51_FEATURES/brush_hair_Ella_brushing_her_amazing_long_hair_brush_hair_u_cm_np1_ri_goo_1.pt,brush_hair,0
/data/dev/projects/ai/Trackey/trackey/research/EXTRACTED_HMDB51_FEATURES/brush_hair_Ella_brushing_her_long_blonde_hair___again_brush_hair_u_cm_np1_ba_goo_0.pt,brush_hair,0
/data/dev/projects/ai/Trackey/trackey/research/EXTRACTED_HMDB51_FEATURES/brush_hair_Ella_brushing_her_long_blonde_hair___again_brush_hair_u_cm_np1_ba_goo_2.pt,brush_hair,0
/data/dev/projects/ai/Trackey/trackey/research/EXTRACTED_HMDB51_FEATURES/brush_hair_Ella_brushing_her_long_blonde_hair___again_brush_hair_u_cm_np1_le_goo_1.pt,brush_hair,0
/data/dev/projects/ai/Trackey/trackey/research/EXTRACTED_HMDB51_FEATURES/brush_hair_Haarek_mmen_brush_hair_h_cm_np1_fr_goo_0.pt,brush_hair,0
/data/dev/projects/ai/Trackey/trackey/research/EXTRACTED_HMDB51_FEATURES/brush_hair_Haarek_mmen_brush_hair_h_cm_np1_fr_goo_1.pt,brush_hair,0
/data/dev/projects/ai/Trackey/trackey/research/EXTRACTED_HMDB51_FEATURES/brush_hair_Haarek_mmen_brush_hair_h_cm_np1_fr_goo_2.pt,brush_hair,0
/data/dev/projects/ai/Trackey/trackey/research/EXTRACTED_HMDB51_FEATURES/brush_hair_Lektion_3__-_Das_Haare_b_rsten_brush_hair_h_nm_np1_fr_med_1.pt,brush_hair,0
/data/dev/projects/ai/Trackey/trackey/research/EXTRACTED_HMDB51_FEATURES/brush_hair_Lektion_3__-_Das_Haare_b_rsten_brush_hair_h_nm_np1_fr_med_2.pt,brush_hair,0
/data/dev/projects/ai/Trackey/trackey/research/EXTRACTED_HMDB51_FEATURES/brush_hair_Lektion_3__-_Das_Haare_b_rsten_brush_hair_h_nm_np1_le_med_0.pt,brush_hair,0
/data/dev/projects/ai/Trackey/trackey/research/EXTRACTED_HMDB51_FEATURES/brush_hair_My_Hair_Routine_brush_hair_h_nm_np1_le_goo_0.pt,brush_hair,0
/data/dev/projects/ai/Trackey/trackey/research/EXTRACTED_HMDB51_FEATURES/brush_hair_Olivia_Brushing_Hair_Playing_with_Evelyn_brush_hair_u_cm_np1_fr_goo_1.pt,brush_hair,0
/data/dev/projects/ai/Trackey/trackey/research/EXTRACTED_HMDB51_FEATURES/brush_hair_Olivia_Brushing_Hair_Playing_with_Evelyn_brush_hair_u_cm_np2_ri_goo_0.pt,brush_hair,0
/data/dev/projects/ai/Trackey/trackey/research/EXTRACTED_HMDB51_FEATURES/brush_hair_Prelinger_HabitPat1954_brush_hair_h_nm_np1_ba_med_2.pt,brush_hair,0
/data/dev/projects/ai/Trackey/trackey/research/EXTRACTED_HMDB51_FEATURES/brush_hair_Prelinger_HabitPat1954_brush_hair_h_nm_np1_fr_med_26.pt,brush_hair,0
/data/dev/projects/ai/Trackey/trackey/research/EXTRACTED_HMDB51_FEATURES/brush_hair_Prelinger_HabitPat1954_brush_hair_u_cm_np1_le_med_10.pt,brush_hair,0
/data/dev/projects/ai/Trackey/trackey/research/EXTRACTED_HMDB51_FEATURES/brush_hair_Prelinger_HabitPat1954_brush_hair_u_nm_np1_le_goo_11.pt,brush_hair,0
/data/dev/projects/ai/Trackey/trackey/research/EXTRACTED_HMDB51_FEATURES/brush_hair_Silky_Straight_Hair_Original_brush_hair_h_nm_np1_ba_goo_0.pt,brush_hair,0
/data/dev/projects/ai/Trackey/trackey/research/EXTRACTED_HMDB51_FEATURES/brush_hair_Silky_Straight_Hair_Original_brush_hair_h_nm_np1_ba_goo_1.pt,brush_hair,0
/data/dev/projects/ai/Trackey/trackey/research/EXTRACTED_HMDB51_FEATURES/brush_hair_Silky_Straight_Hair_Original_brush_hair_u_nm_np1_ba_goo_2.pt,brush_hair,0
/data/dev/projects/ai/Trackey/trackey/research/EXTRACTED_HMDB51_FEATURES/brush_hair_Slave_brush_my_hair_brush_hair_u_cm_np2_le_goo_0.pt,brush_hair,0
/data/dev/projects/ai/Trackey/trackey/research/EXTRACTED_HMDB51_FEATURES/brush_hair_Slave_brush_my_hair_brush_hair_u_cm_np2_le_goo_1.pt,brush_hair,0
/data/dev/projects/ai/Trackey/trackey/research/EXTRACTED_HMDB51_FEATURES/brush_hair_Slave_brush_my_hair_brush_hair_u_cm_np2_le_goo_2.pt,brush_hair,0
/data/dev/projects/ai/Trackey/trackey/research/EXTRACTED_HMDB51_FEATURES/brush_hair_Trannydude___Brushing_SyntheticHair___OhNOES!__those_fukin_knots!_brush_hair_u_nm_np1_fr_goo_0.pt,brush_hair,0
/data/dev/projects/ai/Trackey/trackey/research/EXTRACTED_HMDB51_FEATURES/brush_hair_Trannydude___Brushing_SyntheticHair___OhNOES!__those_fukin_knots!_brush_hair_u_nm_np1_fr_goo_1.pt,brush_hair,0
/data/dev/projects/ai/Trackey/trackey/research/EXTRACTED_HMDB51_FEATURES/brush_hair_Trannydude___Brushing_SyntheticHair___OhNOES!__those_fukin_knots!_brush_hair_u_nm_np1_fr_goo_2.pt,brush_hair,0
/data/dev/projects/ai/Trackey/trackey/research/EXTRACTED_HMDB51_FEATURES/brush_hair_atempting_to_brush_my_hair_brush_hair_u_nm_np2_le_goo_0.pt,brush_hair,0
/data/dev/projects/ai/Trackey/trackey/research/EXTRACTED_HMDB51_FEATURES/brush_hair_atempting_to_brush_my_hair_brush_hair_u_nm_np2_le_goo_1.pt,brush_hair,0
/data/dev/projects/ai/Trackey/trackey/research/EXTRACTED_HMDB51_FEATURES/brush_hair_brush_my_hair_without_wearing_the_glasses_brush_hair_u_nm_np1_fr_goo_0.pt,brush_hair,0
/data/dev/projects/ai/Trackey/trackey/research/EXTRACTED_HMDB51_FEATURES/brush_hair_brush_my_hair_without_wearing_the_glasses_brush_hair_u_nm_np1_fr_goo_1.pt,brush_hair,0
/data/dev/projects/ai/Trackey/trackey/research/EXTRACTED_HMDB51_FEATURES/brush_hair_brush_my_hair_without_wearing_the_glasses_brush_hair_u_nm_np1_fr_goo_2.pt,brush_hair,0
/data/dev/projects/ai/Trackey/trackey/research/EXTRACTED_HMDB51_FEATURES/brush_hair_brushing_hair_2_brush_hair_h_nm_np1_ba_med_0.pt,brush_hair,0
/data/dev/projects/ai/Trackey/trackey/research/EXTRACTED_HMDB51_FEATURES/brush_hair_brushing_hair_2_brush_hair_h_nm_np1_ba_med_1.pt,brush_hair,0
/data/dev/projects/ai/Trackey/trackey/research/EXTRACTED_HMDB51_FEATURES/brush_hair_brushing_hair_2_brush_hair_h_nm_np1_ba_med_2.pt,brush_hair,0
/data/dev/projects/ai/Trackey/trackey/research/EXTRACTED_HMDB51_FEATURES/brush_hair_brushing_hair_brush_hair_f_cm_np2_ri_goo_0.pt,brush_hair,0
/data/dev/projects/ai/Trackey/trackey/research/EXTRACTED_HMDB51_FEATURES/brush_hair_brushing_hair_brush_hair_f_nm_np2_ba_goo_2.pt,brush_hair,0
/data/dev/projects/ai/Trackey/trackey/research/EXTRACTED_HMDB51_FEATURES/brush_hair_brushing_hair_brush_hair_f_nm_np2_ba_goo_4.pt,brush_hair,0
/data/dev/projects/ai/Trackey/trackey/research/EXTRACTED_HMDB51_FEATURES/brush_hair_brushing_hair_brush_hair_f_nm_np2_ri_goo_1.pt,brush_hair,0
/data/dev/projects/ai/Trackey/trackey/research/EXTRACTED_HMDB51_FEATURES/brush_hair_brushing_hair_brush_hair_f_nm_np2_ri_goo_3.pt,brush_hair,0
/data/dev/projects/ai/Trackey/trackey/research/EXTRACTED_HMDB51_FEATURES/brush_hair_brushing_jrs_hair_brush_hair_u_cm_np2_le_goo_0.pt,brush_hair,0
/data/dev/projects/ai/Trackey/trackey/research/EXTRACTED_HMDB51_FEATURES/brush_hair_brushing_jrs_hair_brush_hair_u_cm_np2_le_goo_1.pt,brush_hair,0
/data/dev/projects/ai/Trackey/trackey/research/EXTRACTED_HMDB51_FEATURES/brush_hair_brushing_raychel_s_hair_brush_hair_u_cm_np2_ri_goo_0.pt,brush_hair,0
/data/dev/projects/ai/Trackey/trackey/research/EXTRACTED_HMDB51_FEATURES/brush_hair_brushing_raychel_s_hair_brush_hair_u_cm_np2_ri_goo_1.pt,brush_hair,0
/data/dev/projects/ai/Trackey/trackey/research/EXTRACTED_HMDB51_FEATURES/brush_hair_brushing_raychel_s_hair_brush_hair_u_cm_np2_ri_goo_2.pt,brush_hair,0
/data/dev/projects/ai/Trackey/trackey/research/EXTRACTED_HMDB51_FEATURES/brush_hair_can_somebody_just_brush_my_hair!_brush_hair_u_cm_np2_ri_med_0.pt,brush_hair,0
/data/dev/projects/ai/Trackey/trackey/research/EXTRACTED_HMDB51_FEATURES/brush_hair_indianrapunzels_com---silky_long_hair_brushing_brush_hair_u_cm_np2_fr_goo_0.pt,brush_hair,0
/data/dev/projects/ai/Trackey/trackey/research/EXTRACTED_HMDB51_FEATURES/brush_hair_indianrapunzels_com---silky_long_hair_brushing_brush_hair_u_cm_np2_ri_goo_1.pt,brush_hair,0
/data/dev/projects/ai/Trackey/trackey/research/EXTRACTED_HMDB51_FEATURES/brush_hair_long_hair_Christa__brush_hair_u_nm_np1_le_goo_0.pt,brush_hair,0
/data/dev/projects/ai/Trackey/trackey/research/EXTRACTED_HMDB51_FEATURES/brush_hair_me_brushing_my_hair_lol_i_was_being_silly_brush_hair_u_nm_np1_ba_goo_2.pt,brush_hair,0
/data/dev/projects/ai/Trackey/trackey/research/EXTRACTED_HMDB51_FEATURES/brush_hair_me_brushing_my_hair_lol_i_was_being_silly_brush_hair_u_nm_np1_fr_goo_0.pt,brush_hair,0
/data/dev/projects/ai/Trackey/trackey/research/EXTRACTED_HMDB51_FEATURES/brush_hair_me_brushing_my_hair_lol_i_was_being_silly_brush_hair_u_nm_np1_le_goo_1.pt,brush_hair,0
/data/dev/projects/ai/Trackey/trackey/research/EXTRACTED_HMDB51_FEATURES/brush_hair_me_brushing_my_hair_lol_i_was_being_silly_brush_hair_u_nm_np1_ri_goo_3.pt,brush_hair,0
/data/dev/projects/ai/Trackey/trackey/research/EXTRACTED_HMDB51_FEATURES/brush_hair_rebecca_golden_hair_brush_hair_h_nm_np1_ba_goo_0.pt,brush_hair,0
/data/dev/projects/ai/Trackey/trackey/research/EXTRACTED_HMDB51_FEATURES/brush_hair_red_head_brush_hair_u_cm_np1_ba_goo_0.pt,brush_hair,0
/data/dev/projects/ai/Trackey/trackey/research/EXTRACTED_HMDB51_FEATURES/brush_hair_red_head_brush_hair_u_cm_np1_fr_goo_1.pt,brush_hair,0
/data/dev/projects/ai/Trackey/trackey/research/EXTRACTED_HMDB51_FEATURES/brush_hair_red_head_brush_hair_u_cm_np1_le_goo_2.pt,brush_hair,0
/data/dev/projects/ai/Trackey/trackey/research/EXTRACTED_HMDB51_FEATURES/brush_hair_sarah_brushing_her_hair_brush_hair_h_cm_np1_ri_goo_0.pt,brush_hair,0
/data/dev/projects/ai/Trackey/trackey/research/EXTRACTED_HMDB51_FEATURES/brush_hair_sarah_brushing_her_hair_brush_hair_h_cm_np1_ri_goo_1.pt,brush_hair,0
/data/dev/projects/ai/Trackey/trackey/research/EXTRACTED_HMDB51_FEATURES/cartwheel_(Rad)Schlag_die_Bank!_cartwheel_f_cm_np1_le_med_0.pt,cartwheel,1
/data/dev/projects/ai/Trackey/trackey/research/EXTRACTED_HMDB51_FEATURES/cartwheel_Acrobacias_de_un_fenomeno_cartwheel_f_cm_np1_ba_bad_8.pt,cartwheel,1
/data/dev/projects/ai/Trackey/trackey/research/EXTRACTED_HMDB51_FEATURES/cartwheel_Acrobacias_de_un_fenomeno_cartwheel_f_cm_np1_fr_bad_3.pt,cartwheel,1
/data/dev/projects/ai/Trackey/trackey/research/EXTRACTED_HMDB51_FEATURES/cartwheel_Acrobacias_de_un_fenomeno_cartwheel_f_cm_np1_fr_bad_4.pt,cartwheel,1
/data/dev/projects/ai/Trackey/trackey/research/EXTRACTED_HMDB51_FEATURES/cartwheel_Acrobacias_de_un_fenomeno_cartwheel_f_cm_np1_fr_bad_5.pt,cartwheel,1
/data/dev/projects/ai/Trackey/trackey/research/EXTRACTED_HMDB51_FEATURES/cartwheel_Aerial_Cartwheel_Tutorial_By_Jujimufu_cartwheel_f_nm_np1_ri_med_0.pt,cartwheel,1
/data/dev/projects/ai/Trackey/trackey/research/EXTRACTED_HMDB51_FEATURES/cartwheel_Bayer__Meisterin_Teresa_Stadler_cartwheel_f_cm_np1_le_med_0.pt,cartwheel,1
/data/dev/projects/ai/Trackey/trackey/research/EXTRACTED_HMDB51_FEATURES/cartwheel_Bayer__Meisterin_Teresa_Stadler_cartwheel_f_cm_np1_le_med_2.pt,cartwheel,1
/data/dev/projects/ai/Trackey/trackey/research/EXTRACTED_HMDB51_FEATURES/cartwheel_Beim_Radschlag_Hose_gerissen_(Nick)_xD_cartwheel_f_cm_np1_ri_med_0.pt,cartwheel,1
/data/dev/projects/ai/Trackey/trackey/research/EXTRACTED_HMDB51_FEATURES/cartwheel_Boden_bung_Spoho_Eignungspr_fung_cartwheel_f_cm_np1_ri_med_2.pt,cartwheel,1
/data/dev/projects/ai/Trackey/trackey/research/EXTRACTED_HMDB51_FEATURES/cartwheel_Bodenturnen_2004_cartwheel_f_cm_np1_le_med_0.pt,cartwheel,1
/data/dev/projects/ai/Trackey/trackey/research/EXTRACTED_HMDB51_FEATURES/cartwheel_Bodenturnen_2004_cartwheel_f_cm_np1_le_med_4.pt,cartwheel,1
/data/dev/projects/ai/Trackey/trackey/research/EXTRACTED_HMDB51_FEATURES/cartwheel_Bodenturnen_2004_cartwheel_f_cm_np1_le_med_5.pt,cartwheel,1
/data/dev/projects/ai/Trackey/trackey/research/EXTRACTED_HMDB51_FEATURES/cartwheel_Bodenturnen_2004_cartwheel_f_cm_np1_ri_med_2.pt,cartwheel,1
/data/dev/projects/ai/Trackey/trackey/research/EXTRACTED_HMDB51_FEATURES/cartwheel_Bodenturnen_cartwheel_f_cm_np1_le_med_3.pt,cartwheel,1
/data/dev/projects/ai/Trackey/trackey/research/EXTRACTED_HMDB51_FEATURES/cartwheel_Bodenturnen_cartwheel_f_cm_np1_ri_med_2.pt,cartwheel,1
/data/dev/projects/ai/Trackey/trackey/research/EXTRACTED_HMDB51_FEATURES/cartwheel_Bodenturnen_cartwheel_f_cm_np1_ri_med_4.pt,cartwheel,1
/data/dev/projects/ai/Trackey/trackey/research/EXTRACTED_HMDB51_FEATURES/cartwheel_Bodenturnen_im_sportunterricht_cartwheel_f_cm_np1_ri_med_2.pt,cartwheel,1
/data/dev/projects/ai/Trackey/trackey/research/EXTRACTED_HMDB51_FEATURES/cartwheel_Bodenturnen_im_sportunterricht_cartwheel_f_cm_np1_ri_med_4.pt,cartwheel,1
/data/dev/projects/ai/Trackey/trackey/research/EXTRACTED_HMDB51_FEATURES/cartwheel_CarTwHeeL_PerFecT_cartwheel_f_cm_np1_le_med_0.pt,cartwheel,1
/data/dev/projects/ai/Trackey/trackey/research/EXTRACTED_HMDB51_FEATURES/cartwheel_Cartwheel_Competition_cartwheel_f_cm_np1_le_med_0.pt,cartwheel,1
/data/dev/projects/ai/Trackey/trackey/research/EXTRACTED_HMDB51_FEATURES/cartwheel_Cartwheel_Competition_cartwheel_f_cm_np1_le_med_2.pt,cartwheel,1
/data/dev/projects/ai/Trackey/trackey/research/EXTRACTED_HMDB51_FEATURES/cartwheel_Cartwheel_Competition_cartwheel_f_cm_np1_le_med_4.pt,cartwheel,1
/data/dev/projects/ai/Trackey/trackey/research/EXTRACTED_HMDB51_FEATURES/cartwheel_Cartwheel_Competition_cartwheel_f_cm_np1_ri_med_1.pt,cartwheel,1
/data/dev/projects/ai/Trackey/trackey/research/EXTRACTED_HMDB51_FEATURES/cartwheel_Cartwheel_Competition_cartwheel_f_cm_np1_ri_med_3.pt,cartwheel,1
/data/dev/projects/ai/Trackey/trackey/research/EXTRACTED_HMDB51_FEATURES/cartwheel_Cartwheel_Competition_cartwheel_f_cm_np1_ri_med_5.pt,cartwheel,1
/data/dev/projects/ai/Trackey/trackey/research/EXTRACTED_HMDB51_FEATURES/cartwheel_Cartwheel_Contest_cartwheel_f_cm_np1_fr_med_2.pt,cartwheel,1
/data/dev/projects/ai/Trackey/trackey/research/EXTRACTED_HMDB51_FEATURES/cartwheel_Cartwheel_Contest_cartwheel_f_cm_np1_fr_med_3.pt,cartwheel,1
/data/dev/projects/ai/Trackey/trackey/research/EXTRACTED_HMDB51_FEATURES/cartwheel_Cartwheel_Contest_cartwheel_f_cm_np1_fr_med_4.pt,cartwheel,1
/data/dev/projects/ai/Trackey/trackey/research/EXTRACTED_HMDB51_FEATURES/cartwheel_Cartwheel_Contest_cartwheel_f_cm_np2_fr_med_0.pt,cartwheel,1
/data/dev/projects/ai/Trackey/trackey/research/EXTRACTED_HMDB51_FEATURES/cartwheel_Cartwheel_Contest_cartwheel_f_cm_np2_fr_med_1.pt,cartwheel,1
/data/dev/projects/ai/Trackey/trackey/research/EXTRACTED_HMDB51_FEATURES/cartwheel_Charlottes_Brilliant_Roly_Poly__Handstand_Thingy_cartwheel_f_cm_np1_le_bad_1.pt,cartwheel,1
/data/dev/projects/ai/Trackey/trackey/research/EXTRACTED_HMDB51_FEATURES/cartwheel_DSHS_Pflicht_Bodenturnen_BAS_1_Bachelor_Spoho_cartwheel_f_cm_np1_ri_med_0.pt,cartwheel,1
/data/dev/projects/ai/Trackey/trackey/research/EXTRACTED_HMDB51_FEATURES/cartwheel_Ein_guter_Radschlag_cartwheel_f_cm_np1_ba_med_5.pt,cartwheel,1
/data/dev/projects/ai/Trackey/trackey/research/EXTRACTED_HMDB51_FEATURES/cartwheel_Ein_guter_Radschlag_cartwheel_f_nm_np1_ba_med_0.pt,cartwheel,1
/data/dev/projects/ai/Trackey/trackey/research/EXTRACTED_HMDB51_FEATURES/cartwheel_Ein_guter_Radschlag_cartwheel_f_nm_np1_ba_med_3.pt,cartwheel,1
/data/dev/projects/ai/Trackey/trackey/research/EXTRACTED_HMDB51_FEATURES/cartwheel_Ein_guter_Radschlag_cartwheel_f_nm_np1_le_med_1.pt,cartwheel,1
/data/dev/projects/ai/Trackey/trackey/research/EXTRACTED_HMDB51_FEATURES/cartwheel_Ein_guter_Radschlag_cartwheel_f_nm_np1_le_med_2.pt,cartwheel,1
/data/dev/projects/ai/Trackey/trackey/research/EXTRACTED_HMDB51_FEATURES/cartwheel_Ein_guter_Radschlag_cartwheel_f_nm_np1_le_med_4.pt,cartwheel,1
/data/dev/projects/ai/Trackey/trackey/research/EXTRACTED_HMDB51_FEATURES/cartwheel_Estrela_mini_kelly_cartwheel_f_cm_np1_ri_med_0.pt,cartwheel,1
/data/dev/projects/ai/Trackey/trackey/research/EXTRACTED_HMDB51_FEATURES/cartwheel_Geena_und_die_Radschl_ge___;-)_cartwheel_f_cm_np1_fr_med_2.pt,cartwheel,1
/data/dev/projects/ai/Trackey/trackey/research/EXTRACTED_HMDB51_FEATURES/cartwheel_Geena_und_die_Radschl_ge___;-)_cartwheel_f_cm_np1_le_med_3.pt,cartwheel,1
/data/dev/projects/ai/Trackey/trackey/research/EXTRACTED_HMDB51_FEATURES/cartwheel_Geena_und_die_Radschl_ge___;-)_cartwheel_f_cm_np1_ri_med_0.pt,cartwheel,1
/data/dev/projects/ai/Trackey/trackey/research/EXTRACTED_HMDB51_FEATURES/cartwheel_Geena_und_die_Radschl_ge___;-)_cartwheel_f_cm_np1_ri_med_1.pt,cartwheel,1
/data/dev/projects/ai/Trackey/trackey/research/EXTRACTED_HMDB51_FEATURES/cartwheel_Gymnastics_-_How_to_Do_a_Perfect_Cartwheel_cartwheel_f_cm_np1_le_med_1.pt,cartwheel,1
/data/dev/projects/ai/Trackey/trackey/research/EXTRACTED_HMDB51_FEATURES/cartwheel_Gymnastics_-_How_to_Do_a_Perfect_Cartwheel_cartwheel_f_cm_np1_ri_med_0.pt,cartwheel,1
/data/dev/projects/ai/Trackey/trackey/research/EXTRACTED_HMDB51_FEATURES/cartwheel_Gymnastics__-_Steps_to_Do_a_Cartwheel_cartwheel_f_nm_np1_le_med_0.pt,cartwheel,1
/data/dev/projects/ai/Trackey/trackey/research/EXTRACTED_HMDB51_FEATURES/cartwheel_Handstandk_nig_cartwheel_f_cm_np1_le_med_0.pt,cartwheel,1
/data/dev/projects/ai/Trackey/trackey/research/EXTRACTED_HMDB51_FEATURES/cartwheel_Handstandk_nig_cartwheel_f_cm_np1_ri_med_4.pt,cartwheel,1
/data/dev/projects/ai/Trackey/trackey/research/EXTRACTED_HMDB51_FEATURES/cartwheel_How_to_Do_an_Aerial_-_Aerial_vs__Cartwheel_cartwheel_f_cm_np1_le_med_0.pt,cartwheel,1
/data/dev/projects/ai/Trackey/trackey/research/EXTRACTED_HMDB51_FEATURES/cartwheel_How_to_Do_an_Aerial_-_Aerial_vs__Cartwheel_cartwheel_f_cm_np1_ri_med_1.pt,cartwheel,1
/data/dev/projects/ai/Trackey/trackey/research/EXTRACTED_HMDB51_FEATURES/cartwheel_How_to_do_a_Cartwheel_cartwheel_f_nm_np1_le_med_1.pt,cartwheel,1
/data/dev/projects/ai/Trackey/trackey/research/EXTRACTED_HMDB51_FEATURES/cartwheel_How_to_do_a_Cartwheel_cartwheel_f_nm_np1_le_med_2.pt,cartwheel,1
/data/dev/projects/ai/Trackey/trackey/research/EXTRACTED_HMDB51_FEATURES/cartwheel_How_to_do_a_Cartwheel_cartwheel_f_nm_np1_ri_med_0.pt,cartwheel,1
/data/dev/projects/ai/Trackey/trackey/research/EXTRACTED_HMDB51_FEATURES/cartwheel_Jennis_Bodenk_r_cartwheel_f_cm_np1_fr_med_3.pt,cartwheel,1
/data/dev/projects/ai/Trackey/trackey/research/EXTRACTED_HMDB51_FEATURES/cartwheel_Jessica_Heinz_-_Leverkusen_Cup_2006__floor_routine_cartwheel_f_cm_np1_le_med_2.pt,cartwheel,1
/data/dev/projects/ai/Trackey/trackey/research/EXTRACTED_HMDB51_FEATURES/cartwheel_Jessica_Heinz_-_Leverkusen_Cup_2006__floor_routine_cartwheel_f_cm_np1_le_med_5.pt,cartwheel,1
/data/dev/projects/ai/Trackey/trackey/research/EXTRACTED_HMDB51_FEATURES/cartwheel_Jessica_Heinz_-_Leverkusen_Cup_2006__floor_routine_cartwheel_f_cm_np1_ri_med_0.pt,cartwheel,1
/data/dev/projects/ai/Trackey/trackey/research/EXTRACTED_HMDB51_FEATURES/cartwheel_Jessica_Heinz_-_Leverkusen_Cup_2006__floor_routine_cartwheel_f_cm_np1_ri_med_4.pt,cartwheel,1
/data/dev/projects/ai/Trackey/trackey/research/EXTRACTED_HMDB51_FEATURES/cartwheel_Jessica_and_Gregs_Cartwheel_Competition_cartwheel_f_cm_np1_ba_med_1.pt,cartwheel,1
/data/dev/projects/ai/Trackey/trackey/research/EXTRACTED_HMDB51_FEATURES/cartwheel_Jessica_and_Gregs_Cartwheel_Competition_cartwheel_f_cm_np1_fr_med_3.pt,cartwheel,1
/data/dev/projects/ai/Trackey/trackey/research/EXTRACTED_HMDB51_FEATURES/cartwheel_Jessica_and_Gregs_Cartwheel_Competition_cartwheel_f_cm_np1_fr_med_5.pt,cartwheel,1
/data/dev/projects/ai/Trackey/trackey/research/EXTRACTED_HMDB51_FEATURES/cartwheel_Jessica_and_Gregs_Cartwheel_Competition_cartwheel_f_cm_np1_fr_med_6.pt,cartwheel,1
/data/dev/projects/ai/Trackey/trackey/research/EXTRACTED_HMDB51_FEATURES/cartwheel_Jessica_and_Gregs_Cartwheel_Competition_cartwheel_f_cm_np1_le_med_0.pt,cartwheel,1
/data/dev/projects/ai/Trackey/trackey/research/EXTRACTED_HMDB51_FEATURES/cartwheel_Jessica_and_Gregs_Cartwheel_Competition_cartwheel_f_cm_np1_le_med_4.pt,cartwheel,1
/data/dev/projects/ai/Trackey/trackey/research/EXTRACTED_HMDB51_FEATURES/cartwheel_Jessica_and_Gregs_Cartwheel_Competition_cartwheel_f_cm_np1_ri_med_2.pt,cartwheel,1
/data/dev/projects/ai/Trackey/trackey/research/EXTRACTED_HMDB51_FEATURES/cartwheel_Jessica_and_Gregs_Cartwheel_Competition_cartwheel_f_cm_np1_ri_med_7.pt,cartwheel,1
/data/dev/projects/ai/Trackey/trackey/research/EXTRACTED_HMDB51_FEATURES/cartwheel_Lynn_en_Chelsea_Turnen_cartwheel_f_cm_np2_le_med_0.pt,cartwheel,1
/data/dev/projects/ai/Trackey/trackey/research/EXTRACTED_HMDB51_FEATURES/cartwheel_Mirco_turnt_die_5_2_LAD___Schraube_rw_cartwheel_f_cm_np1_le_med_2.pt,cartwheel,1
/data/dev/projects/ai/Trackey/trackey/research/EXTRACTED_HMDB51_FEATURES/cartwheel_Mirco_turnt_die_5_2_LAD___Schraube_rw_cartwheel_f_cm_np1_ri_med_0.pt,cartwheel,1
/data/dev/projects/ai/Trackey/trackey/research/EXTRACTED_HMDB51_FEATURES/cartwheel_Mirco_turnt_die_5_2_LAD___Schraube_rw_cartwheel_f_cm_np1_ri_med_1.pt,cartwheel,1
/data/dev/projects/ai/Trackey/trackey/research/EXTRACTED_HMDB51_FEATURES/cartwheel_Mirco_turnt_die_5_2_LAD___Schraube_rw_cartwheel_f_cm_np1_ri_med_3.pt,cartwheel,1
/data/dev/projects/ai/Trackey/trackey/research/EXTRACTED_HMDB51_FEATURES/cartwheel_Monica_cartwheel_f_cm_np1_le_med_0.pt,cartwheel,1
/data/dev/projects/ai/Trackey/trackey/research/EXTRACTED_HMDB51_FEATURES/cartwheel_Monikas_Staatsexamen__Turnen_cartwheel_f_cm_np1_le_med_3.pt,cartwheel,1
/data/dev/projects/ai/Trackey/trackey/research/EXTRACTED_HMDB51_FEATURES/cartwheel_Monikas_Staatsexamen__Turnen_cartwheel_f_cm_np1_ri_med_4.pt,cartwheel,1
/data/dev/projects/ai/Trackey/trackey/research/EXTRACTED_HMDB51_FEATURES/cartwheel_Parada_de_mao_cartwheel_f_cm_np1_ba_med_1.pt,cartwheel,1
/data/dev/projects/ai/Trackey/trackey/research/EXTRACTED_HMDB51_FEATURES/cartwheel_Parada_de_mao_cartwheel_f_cm_np1_fr_med_2.pt,cartwheel,1
/data/dev/projects/ai/Trackey/trackey/research/EXTRACTED_HMDB51_FEATURES/cartwheel_Parada_de_mao_cartwheel_f_cm_np1_fr_med_3.pt,cartwheel,1
/data/dev/projects/ai/Trackey/trackey/research/EXTRACTED_HMDB51_FEATURES/cartwheel_Projekt_SPOHO_2008_-_27_02_08_-_Training-_Bodenk_r_3_cartwheel_f_cm_np1_le_med_3.pt,cartwheel,1
/data/dev/projects/ai/Trackey/trackey/research/EXTRACTED_HMDB51_FEATURES/cartwheel_Projekt_SPOHO_2008_-_27_02_08_-_Training-_Bodenk_r_4_cartwheel_f_cm_np1_ri_med_3.pt,cartwheel,1
/data/dev/projects/ai/Trackey/trackey/research/EXTRACTED_HMDB51_FEATURES/cartwheel_Rush_Hour_4_Turnk_r_cartwheel_f_cm_np1_le_med_3.pt,cartwheel,1
/data/dev/projects/ai/Trackey/trackey/research/EXTRACTED_HMDB51_FEATURES/cartwheel_Rush_Hour_4_Turnk_r_cartwheel_f_cm_np1_le_med_6.pt,cartwheel,1
/data/dev/projects/ai/Trackey/trackey/research/EXTRACTED_HMDB51_FEATURES/cartwheel_Sabine_en_Lieke_Turnen_3_cartwheel_f_cm_np2_fr_med_0.pt,cartwheel,1
/data/dev/projects/ai/Trackey/trackey/research/EXTRACTED_HMDB51_FEATURES/cartwheel_Simon_Bodenturnen_cartwheel_f_cm_np1_ba_med_2.pt,cartwheel,1
/data/dev/projects/ai/Trackey/trackey/research/EXTRACTED_HMDB51_FEATURES/cartwheel_Simon_Bodenturnen_cartwheel_f_cm_np1_fr_med_4.pt,cartwheel,1
/data/dev/projects/ai/Trackey/trackey/research/EXTRACTED_HMDB51_FEATURES/cartwheel_Turn_pr_fung_glaser_schule_cartwheel_f_cm_np1_le_med_4.pt,cartwheel,1
/data/dev/projects/ai/Trackey/trackey/research/EXTRACTED_HMDB51_FEATURES/cartwheel_Turn_pr_fung_glaser_schule_cartwheel_f_cm_np1_ri_med_3.pt,cartwheel,1
/data/dev/projects/ai/Trackey/trackey/research/EXTRACTED_HMDB51_FEATURES/cartwheel_Turnk_r_Pippi_Michel_cartwheel_f_cm_np2_le_med_6.pt,cartwheel,1
/data/dev/projects/ai/Trackey/trackey/research/EXTRACTED_HMDB51_FEATURES/cartwheel_Zwei_hoffnungslose_Pflegef_lle_beim_Turnen(Part2)_cartwheel_f_cm_np1_le_bad_0.pt,cartwheel,1
/data/dev/projects/ai/Trackey/trackey/research/EXTRACTED_HMDB51_FEATURES/cartwheel_Zwei_hoffnungslose_Pflegef_lle_beim_Turnen(Part4)_cartwheel_f_cm_np1_ri_bad_0.pt,cartwheel,1
/data/dev/projects/ai/Trackey/trackey/research/EXTRACTED_HMDB51_FEATURES/cartwheel_anna_turnen_cartwheel_f_cm_np1_le_bad_0.pt,cartwheel,1
/data/dev/projects/ai/Trackey/trackey/research/EXTRACTED_HMDB51_FEATURES/cartwheel_boden__bung_gaurunde_cartwheel_f_cm_np1_le_med_0.pt,cartwheel,1
/data/dev/projects/ai/Trackey/trackey/research/EXTRACTED_HMDB51_FEATURES/cartwheel_boden__bung_gaurunde_cartwheel_f_cm_np1_le_med_2.pt,cartwheel,1
/data/dev/projects/ai/Trackey/trackey/research/EXTRACTED_HMDB51_FEATURES/cartwheel_cartwheel_challange_cartwheel_f_cm_np2_le_med_0.pt,cartwheel,1
/data/dev/projects/ai/Trackey/trackey/research/EXTRACTED_HMDB51_FEATURES/cartwheel_cartwheel_challange_cartwheel_f_cm_np2_le_med_1.pt,cartwheel,1
/data/dev/projects/ai/Trackey/trackey/research/EXTRACTED_HMDB51_FEATURES/cartwheel_cartwheel_competition_43_year_old_vs__15_year_old_cartwheel_f_cm_np2_ri_med_0.pt,cartwheel,1
/data/dev/projects/ai/Trackey/trackey/research/EXTRACTED_HMDB51_FEATURES/cartwheel_cartwheels_in_heels_cartwheel_f_cm_np1_fr_med_0.pt,cartwheel,1
/data/dev/projects/ai/Trackey/trackey/research/EXTRACTED_HMDB51_FEATURES/cartwheel_gimnasia_cartwheel_f_cm_np1_le_med_3.pt,cartwheel,1
/data/dev/projects/ai/Trackey/trackey/research/EXTRACTED_HMDB51_FEATURES/cartwheel_how_to_do_a_cartwheel_cartwheel_f_cm_np1_ri_med_0.pt,cartwheel,1
/data/dev/projects/ai/Trackey/trackey/research/EXTRACTED_HMDB51_FEATURES/cartwheel_jenny_~_rad_cartwheel_f_cm_np1_ri_med_0.pt,cartwheel,1
/data/dev/projects/ai/Trackey/trackey/research/EXTRACTED_HMDB51_FEATURES/cartwheel_lea_kann_radschlag_cartwheel_f_cm_np1_ri_med_0.pt,cartwheel,1
/data/dev/projects/ai/Trackey/trackey/research/EXTRACTED_HMDB51_FEATURES/cartwheel_park_cartwheel_f_cm_np1_ba_med_0.pt,cartwheel,1
/data/dev/projects/ai/Trackey/trackey/research/EXTRACTED_HMDB51_FEATURES/cartwheel_turnles!!_cartwheel_f_cm_np1_ri_med_0.pt,cartwheel,1
/data/dev/projects/ai/Trackey/trackey/research/EXTRACTED_HMDB51_FEATURES/cartwheel_turnles!!_cartwheel_f_cm_np1_ri_med_1.pt,cartwheel,1
/data/dev/projects/ai/Trackey/trackey/research/EXTRACTED_HMDB51_FEATURES/cartwheel_turnles!!_cartwheel_f_cm_np1_ri_med_3.pt,cartwheel,1
/data/dev/projects/ai/Trackey/trackey/research/EXTRACTED_HMDB51_FEATURES/cartwheel_turnles!!_cartwheel_f_cm_np1_ri_med_4.pt,cartwheel,1
/data/dev/projects/ai/Trackey/trackey/research/EXTRACTED_HMDB51_FEATURES/cartwheel_turnles!!_cartwheel_f_cm_np1_ri_med_6.pt,cartwheel,1
/data/dev/projects/ai/Trackey/trackey/research/EXTRACTED_HMDB51_FEATURES/catch_96-_Torwarttraining_1_catch_f_cm_np1_le_bad_0.pt,catch,2
/data/dev/projects/ai/Trackey/trackey/research/EXTRACTED_HMDB51_FEATURES/catch_Ball_hochwerfen_-_Rolle_-_Ball_fangen_(Timo_3)_catch_f_cm_np1_le_goo_0.pt,catch,2
/data/dev/projects/ai/Trackey/trackey/research/EXTRACTED_HMDB51_FEATURES/catch_Ball_hochwerfen_-_Rolle_-_Ball_fangen_(Timo_3)_catch_f_cm_np1_ri_med_1.pt,catch,2
/data/dev/projects/ai/Trackey/trackey/research/EXTRACTED_HMDB51_FEATURES/catch_Ballfangen_catch_u_cm_np1_fr_goo_0.pt,catch,2
/data/dev/projects/ai/Trackey/trackey/research/EXTRACTED_HMDB51_FEATURES/catch_Ballfangen_catch_u_cm_np1_fr_goo_1.pt,catch,2
/data/dev/projects/ai/Trackey/trackey/research/EXTRACTED_HMDB51_FEATURES/catch_Ballfangen_catch_u_cm_np1_fr_goo_2.pt,catch,2
/data/dev/projects/ai/Trackey/trackey/research/EXTRACTED_HMDB51_FEATURES/catch_Behinderten_Sport_part_2_catch_f_cm_np1_fr_bad_0.pt,catch,2
/data/dev/projects/ai/Trackey/trackey/research/EXTRACTED_HMDB51_FEATURES/catch_Behinderten_Sport_part_2_catch_f_cm_np1_ri_bad_1.pt,catch,2
/data/dev/projects/ai/Trackey/trackey/research/EXTRACTED_HMDB51_FEATURES/catch_Faith_Rewarded_catch_f_cm_np1_fr_med_10.pt,catch,2
/data/dev/projects/ai/Trackey/trackey/research/EXTRACTED_HMDB51_FEATURES/catch_Fangen_und_Werfen_catch_u_nm_np1_fr_bad_0.pt,catch,2
/data/dev/projects/ai/Trackey/trackey/research/EXTRACTED_HMDB51_FEATURES/catch_Finding_Forrester_3_catch_f_nm_np2_ba_med_7.pt,catch,2
/data/dev/projects/ai/Trackey/trackey/research/EXTRACTED_HMDB51_FEATURES/catch_Finding_Forrester_3_catch_u_cm_np1_fr_goo_11.pt,catch,2
/data/dev/projects/ai/Trackey/trackey/research/EXTRACTED_HMDB51_FEATURES/catch_Florian_Fromlowitz_beim_Training_der_U_21_Nationalmannschaft_catch_f_cm_np1_ri_med_0.pt,catch,2
/data/dev/projects/ai/Trackey/trackey/research/EXTRACTED_HMDB51_FEATURES/catch_Florian_Fromlowitz_beim_Training_der_U_21_Nationalmannschaft_catch_f_cm_np1_ri_med_2.pt,catch,2
/data/dev/projects/ai/Trackey/trackey/research/EXTRACTED_HMDB51_FEATURES/catch_Florian_Fromlowitz_beim_Training_der_U_21_Nationalmannschaft_catch_f_cm_np1_ri_med_4.pt,catch,2
/data/dev/projects/ai/Trackey/trackey/research/EXTRACTED_HMDB51_FEATURES/catch_Florian_Fromlowitz_beim_Training_der_U_21_Nationalmannschaft_catch_u_cm_np1_le_med_1.pt,catch,2
/data/dev/projects/ai/Trackey/trackey/research/EXTRACTED_HMDB51_FEATURES/catch_Florian_Fromlowitz_beim_Training_der_U_21_Nationalmannschaft_catch_u_cm_np1_le_med_3.pt,catch,2
/data/dev/projects/ai/Trackey/trackey/research/EXTRACTED_HMDB51_FEATURES/catch_Florian_Fromlowitz_beim_Training_der_U_21_Nationalmannschaft_catch_u_cm_np1_le_med_5.pt,catch,2
/data/dev/projects/ai/Trackey/trackey/research/EXTRACTED_HMDB51_FEATURES/catch_Frisbee_catch_f_cm_np1_fr_bad_2.pt,catch,2
/data/dev/projects/ai/Trackey/trackey/research/EXTRACTED_HMDB51_FEATURES/catch_Frisbee_catch_f_cm_np1_ri_med_0.pt,catch,2
/data/dev/projects/ai/Trackey/trackey/research/EXTRACTED_HMDB51_FEATURES/catch_Frisbee_catch_f_cm_np1_ri_med_1.pt,catch,2
/data/dev/projects/ai/Trackey/trackey/research/EXTRACTED_HMDB51_FEATURES/catch_Goal_Keeping_Tips_catch_f_cm_np1_fr_med_0.pt,catch,2
/data/dev/projects/ai/Trackey/trackey/research/EXTRACTED_HMDB51_FEATURES/catch_Goal_Keeping_Tips_catch_f_cm_np1_fr_med_2.pt,catch,2
/data/dev/projects/ai/Trackey/trackey/research/EXTRACTED_HMDB51_FEATURES/catch_Goal_Keeping_Tips_catch_u_cm_np1_fr_med_1.pt,catch,2
/data/dev/projects/ai/Trackey/trackey/research/EXTRACTED_HMDB51_FEATURES/catch_Goal_Keeping_Tips_catch_u_cm_np1_fr_med_3.pt,catch,2
/data/dev/projects/ai/Trackey/trackey/research/EXTRACTED_HMDB51_FEATURES/catch_Goalkeeper_Training_Day_#_2_catch_f_cm_np1_ba_bad_3.pt,catch,2
/data/dev/projects/ai/Trackey/trackey/research/EXTRACTED_HMDB51_FEATURES/catch_Goalkeeper_Training_Day_#_2_catch_f_cm_np1_ba_bad_4.pt,catch,2
/data/dev/projects/ai/Trackey/trackey/research/EXTRACTED_HMDB51_FEATURES/catch_Goalkeeper_Training_Day_#_2_catch_f_cm_np1_ba_bad_5.pt,catch,2
/data/dev/projects/ai/Trackey/trackey/research/EXTRACTED_HMDB51_FEATURES/catch_Goalkeeper_Training_Day_#_2_catch_f_cm_np1_fr_bad_0.pt,catch,2
/data/dev/projects/ai/Trackey/trackey/research/EXTRACTED_HMDB51_FEATURES/catch_Goalkeeper_Training_Day_#_2_catch_f_cm_np1_fr_bad_1.pt,catch,2
/data/dev/projects/ai/Trackey/trackey/research/EXTRACTED_HMDB51_FEATURES/catch_Goalkeeper_Training_Day_#_2_catch_f_cm_np1_fr_bad_2.pt,catch,2
/data/dev/projects/ai/Trackey/trackey/research/EXTRACTED_HMDB51_FEATURES/catch_Goalkeeper_Training_Day_#_7_catch_f_cm_np1_ba_bad_2.pt,catch,2
/data/dev/projects/ai/Trackey/trackey/research/EXTRACTED_HMDB51_FEATURES/catch_Goalkeeper_Training_Day_#_7_catch_f_cm_np1_le_bad_3.pt,catch,2
/data/dev/projects/ai/Trackey/trackey/research/EXTRACTED_HMDB51_FEATURES/catch_Goalkeeper_Training_Day_#_7_catch_f_cm_np1_ri_med_0.pt,catch,2
/data/dev/projects/ai/Trackey/trackey/research/EXTRACTED_HMDB51_FEATURES/catch_Goalkeeper_Training_Day_#_7_catch_f_cm_np1_ri_med_1.pt,catch,2
/data/dev/projects/ai/Trackey/trackey/research/EXTRACTED_HMDB51_FEATURES/catch_Goalkeeper_Training_Day_#_7_catch_f_nm_np1_ri_bad_4.pt,catch,2
/data/dev/projects/ai/Trackey/trackey/research/EXTRACTED_HMDB51_FEATURES/catch_Handball_Passtraining_in_der_Zweiergruppe_(1)_catch_f_cm_np1_le_bad_1.pt,catch,2
/data/dev/projects/ai/Trackey/trackey/research/EXTRACTED_HMDB51_FEATURES/catch_Handball_Passtraining_in_der_Zweiergruppe_(1)_catch_f_cm_np1_le_med_0.pt,catch,2
/data/dev/projects/ai/Trackey/trackey/research/EXTRACTED_HMDB51_FEATURES/catch_How_to_Pass_in_Basketball_catch_f_cm_np1_le_bad_0.pt,catch,2
/data/dev/projects/ai/Trackey/trackey/research/EXTRACTED_HMDB51_FEATURES/catch_How_to_Play_Wide_Receiver_in_Football_-_How_to_Catch_a_High_Ball_in_Football_catch_f_nm_np1_ri_goo_0.pt,catch,2
/data/dev/projects/ai/Trackey/trackey/research/EXTRACTED_HMDB51_FEATURES/catch_How_to_Play_Wide_Receiver_in_Football_-_How_to_Catch_a_High_Ball_in_Football_catch_f_nm_np1_ri_med_1.pt,catch,2
/data/dev/projects/ai/Trackey/trackey/research/EXTRACTED_HMDB51_FEATURES/catch_Phillies_dad_catches_foul_ball_before_daughter_tosses_it_away_catch_f_cm_np1_ba_bad_0.pt,catch,2
/data/dev/projects/ai/Trackey/trackey/research/EXTRACTED_HMDB51_FEATURES/catch_Seldin_Lipovic_-_Willi_Weber__Torwarttraining__catch_f_cm_np1_ba_bad_7.pt,catch,2
/data/dev/projects/ai/Trackey/trackey/research/EXTRACTED_HMDB51_FEATURES/catch_Seldin_Lipovic_-_Willi_Weber__Torwarttraining__catch_f_cm_np1_ba_bad_8.pt,catch,2
/data/dev/projects/ai/Trackey/trackey/research/EXTRACTED_HMDB51_FEATURES/catch_Seldin_Lipovic_-_Willi_Weber__Torwarttraining__catch_f_cm_np1_fr_bad_3.pt,catch,2
/data/dev/projects/ai/Trackey/trackey/research/EXTRACTED_HMDB51_FEATURES/catch_Seldin_Lipovic_-_Willi_Weber__Torwarttraining__catch_f_cm_np1_fr_bad_5.pt,catch,2
/data/dev/projects/ai/Trackey/trackey/research/EXTRACTED_HMDB51_FEATURES/catch_Seldin_Lipovic_-_Willi_Weber__Torwarttraining__catch_f_cm_np1_fr_bad_6.pt,catch,2
/data/dev/projects/ai/Trackey/trackey/research/EXTRACTED_HMDB51_FEATURES/catch_Seldin_Lipovic_-_Willi_Weber__Torwarttraining__catch_f_cm_np1_le_bad_2.pt,catch,2
/data/dev/projects/ai/Trackey/trackey/research/EXTRACTED_HMDB51_FEATURES/catch_Seldin_Lipovic_-_Willi_Weber__Torwarttraining__catch_f_cm_np1_le_bad_4.pt,catch,2
/data/dev/projects/ai/Trackey/trackey/research/EXTRACTED_HMDB51_FEATURES/catch_Seldin_Lipovic_-_Willi_Weber__Torwarttraining__catch_f_cm_np1_le_med_1.pt,catch,2
/data/dev/projects/ai/Trackey/trackey/research/EXTRACTED_HMDB51_FEATURES/catch_Seldin_Lipovic_-_Willi_Weber__Torwarttraining__catch_u_cm_np1_fr_bad_0.pt,catch,2
/data/dev/projects/ai/Trackey/trackey/research/EXTRACTED_HMDB51_FEATURES/catch_Torwartraining_TuS_Koblenz_11_08_09_catch_f_cm_np1_le_bad_1.pt,catch,2
/data/dev/projects/ai/Trackey/trackey/research/EXTRACTED_HMDB51_FEATURES/catch_Torwartraining_TuS_Koblenz_11_08_09_catch_f_cm_np1_le_bad_2.pt,catch,2
/data/dev/projects/ai/Trackey/trackey/research/EXTRACTED_HMDB51_FEATURES/catch_Torwartraining_TuS_Koblenz_11_08_09_catch_f_cm_np1_ri_bad_0.pt,catch,2
/data/dev/projects/ai/Trackey/trackey/research/EXTRACTED_HMDB51_FEATURES/catch_Torwarttraining_-_Impressionen_vom_1__FFC_Frankfurt_catch_f_cm_np1_ri_med_0.pt,catch,2
/data/dev/projects/ai/Trackey/trackey/research/EXTRACTED_HMDB51_FEATURES/catch_Torwarttraining_-_Impressionen_vom_1__FFC_Frankfurt_catch_f_cm_np1_ri_med_1.pt,catch,2
/data/dev/projects/ai/Trackey/trackey/research/EXTRACTED_HMDB51_FEATURES/catch_Torwarttraining_-_Impressionen_vom_1__FFC_Frankfurt_catch_f_cm_np1_ri_med_2.pt,catch,2
/data/dev/projects/ai/Trackey/trackey/research/EXTRACTED_HMDB51_FEATURES/catch_Torwarttraining_2_(_sterreich)_catch_f_cm_np1_ba_goo_0.pt,catch,2
/data/dev/projects/ai/Trackey/trackey/research/EXTRACTED_HMDB51_FEATURES/catch_Torwarttraining_2_(_sterreich)_catch_f_cm_np1_ba_goo_1.pt,catch,2
/data/dev/projects/ai/Trackey/trackey/research/EXTRACTED_HMDB51_FEATURES/catch_Torwarttraining_2_(_sterreich)_catch_f_cm_np1_ba_goo_2.pt,catch,2
/data/dev/projects/ai/Trackey/trackey/research/EXTRACTED_HMDB51_FEATURES/catch_Torwarttraining_2_(_sterreich)_catch_f_cm_np1_le_med_3.pt,catch,2
/data/dev/projects/ai/Trackey/trackey/research/EXTRACTED_HMDB51_FEATURES/catch_Torwarttraining_2_(_sterreich)_catch_f_cm_np1_le_med_4.pt,catch,2
/data/dev/projects/ai/Trackey/trackey/research/EXTRACTED_HMDB51_FEATURES/catch_Torwarttraining_2_(_sterreich)_catch_f_cm_np1_le_med_5.pt,catch,2
/data/dev/projects/ai/Trackey/trackey/research/EXTRACTED_HMDB51_FEATURES/catch_Torwarttraining_3_(_sterreich)_catch_f_nm_np1_fr_med_3.pt,catch,2
/data/dev/projects/ai/Trackey/trackey/research/EXTRACTED_HMDB51_FEATURES/catch_Torwarttraining_3_(_sterreich)_catch_f_nm_np1_fr_med_4.pt,catch,2
/data/dev/projects/ai/Trackey/trackey/research/EXTRACTED_HMDB51_FEATURES/catch_Torwarttraining_3_(_sterreich)_catch_f_nm_np1_fr_med_5.pt,catch,2
/data/dev/projects/ai/Trackey/trackey/research/EXTRACTED_HMDB51_FEATURES/catch_Torwarttraining_3_(_sterreich)_catch_f_nm_np1_le_med_0.pt,catch,2
/data/dev/projects/ai/Trackey/trackey/research/EXTRACTED_HMDB51_FEATURES/catch_Torwarttraining_3_(_sterreich)_catch_f_nm_np1_le_med_1.pt,catch,2
/data/dev/projects/ai/Trackey/trackey/research/EXTRACTED_HMDB51_FEATURES/catch_Torwarttraining_3_(_sterreich)_catch_f_nm_np1_le_med_2.pt,catch,2
/data/dev/projects/ai/Trackey/trackey/research/EXTRACTED_HMDB51_FEATURES/catch_Torwarttraining_Arminia_Bielefeld_catch_f_cm_np1_ba_med_0.pt,catch,2
/data/dev/projects/ai/Trackey/trackey/research/EXTRACTED_HMDB51_FEATURES/catch_Torwarttraining_Arminia_Bielefeld_catch_f_cm_np1_ba_med_1.pt,catch,2
/data/dev/projects/ai/Trackey/trackey/research/EXTRACTED_HMDB51_FEATURES/catch_Torwarttraining_Arminia_Bielefeld_catch_f_cm_np1_ba_med_2.pt,catch,2
/data/dev/projects/ai/Trackey/trackey/research/EXTRACTED_HMDB51_FEATURES/catch_Torwarttraining_Arminia_Bielefeld_catch_f_cm_np1_le_med_3.pt,catch,2
/data/dev/projects/ai/Trackey/trackey/research/EXTRACTED_HMDB51_FEATURES/catch_Torwarttraining_Arminia_Bielefeld_catch_f_cm_np1_le_med_6.pt,catch,2
/data/dev/projects/ai/Trackey/trackey/research/EXTRACTED_HMDB51_FEATURES/catch_Torwarttraining_Arminia_Bielefeld_catch_f_cm_np1_le_med_8.pt,catch,2
/data/dev/projects/ai/Trackey/trackey/research/EXTRACTED_HMDB51_FEATURES/catch_Torwarttraining_Arminia_Bielefeld_catch_f_cm_np1_ri_med_4.pt,catch,2
/data/dev/projects/ai/Trackey/trackey/research/EXTRACTED_HMDB51_FEATURES/catch_Torwarttraining_Arminia_Bielefeld_catch_f_cm_np1_ri_med_5.pt,catch,2
/data/dev/projects/ai/Trackey/trackey/research/EXTRACTED_HMDB51_FEATURES/catch_Torwarttraining_Arminia_Bielefeld_catch_f_cm_np1_ri_med_7.pt,catch,2
/data/dev/projects/ai/Trackey/trackey/research/EXTRACTED_HMDB51_FEATURES/catch_Torwarttraining_catch_f_cm_np1_ba_bad_10.pt,catch,2
/data/dev/projects/ai/Trackey/trackey/research/EXTRACTED_HMDB51_FEATURES/catch_Torwarttraining_catch_f_cm_np1_ba_bad_8.pt,catch,2
/data/dev/projects/ai/Trackey/trackey/research/EXTRACTED_HMDB51_FEATURES/catch_Torwarttraining_catch_f_cm_np1_ba_bad_9.pt,catch,2
/data/dev/projects/ai/Trackey/trackey/research/EXTRACTED_HMDB51_FEATURES/catch_Torwarttraining_catch_f_cm_np1_le_bad_11.pt,catch,2
/data/dev/projects/ai/Trackey/trackey/research/EXTRACTED_HMDB51_FEATURES/catch_Torwarttraining_catch_f_cm_np1_le_bad_3.pt,catch,2
/data/dev/projects/ai/Trackey/trackey/research/EXTRACTED_HMDB51_FEATURES/catch_Torwarttraining_catch_f_cm_np1_le_bad_5.pt,catch,2
/data/dev/projects/ai/Trackey/trackey/research/EXTRACTED_HMDB51_FEATURES/catch_Torwarttraining_catch_u_cm_np1_fr_bad_4.pt,catch,2
/data/dev/projects/ai/Trackey/trackey/research/EXTRACTED_HMDB51_FEATURES/catch_Torwarttraining_catch_u_cm_np1_le_bad_6.pt,catch,2
/data/dev/projects/ai/Trackey/trackey/research/EXTRACTED_HMDB51_FEATURES/catch_Torwarttraining_catch_u_cm_np1_le_bad_7.pt,catch,2
/data/dev/projects/ai/Trackey/trackey/research/EXTRACTED_HMDB51_FEATURES/catch_Torwarttraining_catch_u_cm_np1_ri_med_0.pt,catch,2
/data/dev/projects/ai/Trackey/trackey/research/EXTRACTED_HMDB51_FEATURES/catch_Torwarttraining_catch_u_cm_np1_ri_med_1.pt,catch,2
/data/dev/projects/ai/Trackey/trackey/research/EXTRACTED_HMDB51_FEATURES/catch_Torwarttraining_catch_u_cm_np1_ri_med_2.pt,catch,2
/data/dev/projects/ai/Trackey/trackey/research/EXTRACTED_HMDB51_FEATURES/catch_torwart_de-Camp_2009-_Training_hoher_B_lle_mit_Airbodies_catch_f_cm_np1_ba_bad_1.pt,catch,2
/data/dev/projects/ai/Trackey/trackey/research/EXTRACTED_HMDB51_FEATURES/catch_torwart_de-Camp_2009-_Training_hoher_B_lle_mit_Airbodies_catch_f_cm_np1_ba_bad_4.pt,catch,2
/data/dev/projects/ai/Trackey/trackey/research/EXTRACTED_HMDB51_FEATURES/catch_torwart_de-Camp_2009-_Training_hoher_B_lle_mit_Airbodies_catch_f_cm_np1_fr_bad_0.pt,catch,2
/data/dev/projects/ai/Trackey/trackey/research/EXTRACTED_HMDB51_FEATURES/catch_torwart_de-Camp_2009-_Training_hoher_B_lle_mit_Airbodies_catch_f_cm_np1_fr_bad_2.pt,catch,2
/data/dev/projects/ai/Trackey/trackey/research/EXTRACTED_HMDB51_FEATURES/catch_torwart_de-Camp_2009-_Training_hoher_B_lle_mit_Airbodies_catch_f_cm_np1_fr_bad_3.pt,catch,2
/data/dev/projects/ai/Trackey/trackey/research/EXTRACTED_HMDB51_FEATURES/catch_torwart_de-Camp_2009_-_Hohe_B_lle_catch_f_cm_np1_ba_med_0.pt,catch,2
/data/dev/projects/ai/Trackey/trackey/research/EXTRACTED_HMDB51_FEATURES/catch_torwart_de-Camp_2009_-_Hohe_B_lle_catch_f_cm_np1_ba_med_1.pt,catch,2
/data/dev/projects/ai/Trackey/trackey/research/EXTRACTED_HMDB51_FEATURES/catch_torwart_de-Camp_2009_-_Hohe_B_lle_catch_f_cm_np1_ba_med_2.pt,catch,2
/data/dev/projects/ai/Trackey/trackey/research/EXTRACTED_HMDB51_FEATURES/catch_torwart_de_-_Torwarttraining_Werder_Bremen_catch_f_cm_np1_ba_bad_0.pt,catch,2
/data/dev/projects/ai/Trackey/trackey/research/EXTRACTED_HMDB51_FEATURES/catch_torwart_de_-_Torwarttraining_Werder_Bremen_catch_f_cm_np1_ba_bad_1.pt,catch,2
/data/dev/projects/ai/Trackey/trackey/research/EXTRACTED_HMDB51_FEATURES/catch_torwart_de_-_Torwarttraining_Werder_Bremen_catch_f_cm_np1_fr_bad_2.pt,catch,2
/data/dev/projects/ai/Trackey/trackey/research/EXTRACTED_HMDB51_FEATURES/catch_torwart_de_-_Torwarttraining_Werder_Bremen_catch_f_cm_np1_fr_bad_3.pt,catch,2
/data/dev/projects/ai/Trackey/trackey/research/EXTRACTED_HMDB51_FEATURES/chew_#2_Gum_chew_h_nm_np1_fr_med_0.pt,chew,3
/data/dev/projects/ai/Trackey/trackey/research/EXTRACTED_HMDB51_FEATURES/chew_#2_Gum_chew_h_nm_np1_fr_med_1.pt,chew,3
/data/dev/projects/ai/Trackey/trackey/research/EXTRACTED_HMDB51_FEATURES/chew_#2_Gum_chew_h_nm_np1_fr_med_2.pt,chew,3
/data/dev/projects/ai/Trackey/trackey/research/EXTRACTED_HMDB51_FEATURES/chew_AMADEUS_chew_h_nm_np1_fr_goo_7.pt,chew,3
/data/dev/projects/ai/Trackey/trackey/research/EXTRACTED_HMDB51_FEATURES/chew_Big_League_Chew_chew_h_nm_np1_fr_goo_0.pt,chew,3
/data/dev/projects/ai/Trackey/trackey/research/EXTRACTED_HMDB51_FEATURES/chew_Big_League_Chew_chew_h_nm_np1_fr_goo_1.pt,chew,3
/data/dev/projects/ai/Trackey/trackey/research/EXTRACTED_HMDB51_FEATURES/chew_Big_League_Chew_chew_h_nm_np1_fr_goo_2.pt,chew,3
/data/dev/projects/ai/Trackey/trackey/research/EXTRACTED_HMDB51_FEATURES/chew_Blowing_Bubbles!_chew_h_nm_np1_fr_goo_2.pt,chew,3
/data/dev/projects/ai/Trackey/trackey/research/EXTRACTED_HMDB51_FEATURES/chew_Blowing_Bubbles!_chew_h_nm_np1_fr_med_0.pt,chew,3
/data/dev/projects/ai/Trackey/trackey/research/EXTRACTED_HMDB51_FEATURES/chew_Blowing_Bubbles!_chew_h_nm_np1_fr_med_1.pt,chew,3
/data/dev/projects/ai/Trackey/trackey/research/EXTRACTED_HMDB51_FEATURES/chew_Bubble_Blowing_Bubble_Gum_chew_h_nm_np1_fr_bad_0.pt,chew,3
/data/dev/projects/ai/Trackey/trackey/research/EXTRACTED_HMDB51_FEATURES/chew_Bubble_Blowing_Bubble_Gum_chew_h_nm_np1_fr_bad_1.pt,chew,3
/data/dev/projects/ai/Trackey/trackey/research/EXTRACTED_HMDB51_FEATURES/chew_Bubble_Blowing_Bubble_Gum_chew_h_nm_np1_fr_bad_2.pt,chew,3
/data/dev/projects/ai/Trackey/trackey/research/EXTRACTED_HMDB51_FEATURES/chew_Bubble_Gum_Club_2_chew_h_nm_np2_fr_med_1.pt,chew,3
/data/dev/projects/ai/Trackey/trackey/research/EXTRACTED_HMDB51_FEATURES/chew_Bubble_blowing_3!_chew_h_nm_np1_le_bad_0.pt,chew,3
/data/dev/projects/ai/Trackey/trackey/research/EXTRACTED_HMDB51_FEATURES/chew_Bubble_blowing_3!_chew_h_nm_np1_le_bad_1.pt,chew,3
/data/dev/projects/ai/Trackey/trackey/research/EXTRACTED_HMDB51_FEATURES/chew_Bubble_blowing_3!_chew_h_nm_np1_le_bad_2.pt,chew,3
/data/dev/projects/ai/Trackey/trackey/research/EXTRACTED_HMDB51_FEATURES/chew_Bubble_gum!_XD_chew_h_cm_np1_fr_bad_2.pt,chew,3
/data/dev/projects/ai/Trackey/trackey/research/EXTRACTED_HMDB51_FEATURES/chew_Bubble_gum!_XD_chew_h_cm_np1_fr_med_0.pt,chew,3
/data/dev/projects/ai/Trackey/trackey/research/EXTRACTED_HMDB51_FEATURES/chew_Bubble_gum!_XD_chew_h_cm_np1_fr_med_1.pt,chew,3
/data/dev/projects/ai/Trackey/trackey/research/EXTRACTED_HMDB51_FEATURES/chew_Bubblegum_Bubbles_chew_h_cm_np1_fr_bad_0.pt,chew,3
/data/dev/projects/ai/Trackey/trackey/research/EXTRACTED_HMDB51_FEATURES/chew_Bubblegum_Bubbles_chew_h_cm_np1_fr_bad_1.pt,chew,3
/data/dev/projects/ai/Trackey/trackey/research/EXTRACTED_HMDB51_FEATURES/chew_Bubblegum_Bubbles_chew_h_cm_np1_fr_bad_2.pt,chew,3
/data/dev/projects/ai/Trackey/trackey/research/EXTRACTED_HMDB51_FEATURES/chew_Bubblegum_Wigger_chew_h_nm_np1_fr_goo_0.pt,chew,3
/data/dev/projects/ai/Trackey/trackey/research/EXTRACTED_HMDB51_FEATURES/chew_Bubblegum_Wigger_chew_h_nm_np1_fr_goo_1.pt,chew,3
/data/dev/projects/ai/Trackey/trackey/research/EXTRACTED_HMDB51_FEATURES/chew_Bubblegum_Wigger_chew_h_nm_np1_fr_med_2.pt,chew,3
/data/dev/projects/ai/Trackey/trackey/research/EXTRACTED_HMDB51_FEATURES/chew_Chewing_Gum_chew_h_nm_np1_fr_med_0.pt,chew,3
/data/dev/projects/ai/Trackey/trackey/research/EXTRACTED_HMDB51_FEATURES/chew_Chewing_Gum_chew_h_nm_np1_fr_med_1.pt,chew,3
/data/dev/projects/ai/Trackey/trackey/research/EXTRACTED_HMDB51_FEATURES/chew_Double_bubble_in_one_big_bubble_-D_chew_h_cm_np1_fr_goo_0.pt,chew,3
/data/dev/projects/ai/Trackey/trackey/research/EXTRACTED_HMDB51_FEATURES/chew_Double_bubble_in_one_big_bubble_-D_chew_h_nm_np1_fr_goo_1.pt,chew,3
/data/dev/projects/ai/Trackey/trackey/research/EXTRACTED_HMDB51_FEATURES/chew_Double_bubble_in_one_big_bubble_-D_chew_h_nm_np1_fr_goo_2.pt,chew,3
/data/dev/projects/ai/Trackey/trackey/research/EXTRACTED_HMDB51_FEATURES/chew_Dubble_bubble_compilation_-_all_on_8_pieces_chew_h_nm_np1_fr_med_0.pt,chew,3
/data/dev/projects/ai/Trackey/trackey/research/EXTRACTED_HMDB51_FEATURES/chew_Dubble_bubble_compilation_-_all_on_8_pieces_chew_h_nm_np1_fr_med_1.pt,chew,3
/data/dev/projects/ai/Trackey/trackey/research/EXTRACTED_HMDB51_FEATURES/chew_Dubble_bubble_compilation_-_all_on_8_pieces_chew_h_nm_np1_fr_med_2.pt,chew,3
/data/dev/projects/ai/Trackey/trackey/research/EXTRACTED_HMDB51_FEATURES/chew_Duble_Bubble_Gum_chew_h_cm_np1_fr_bad_0.pt,chew,3
/data/dev/projects/ai/Trackey/trackey/research/EXTRACTED_HMDB51_FEATURES/chew_Duble_Bubble_Gum_chew_h_cm_np1_fr_bad_1.pt,chew,3
/data/dev/projects/ai/Trackey/trackey/research/EXTRACTED_HMDB51_FEATURES/chew_Duble_Bubble_Gum_chew_h_cm_np1_fr_bad_2.pt,chew,3
/data/dev/projects/ai/Trackey/trackey/research/EXTRACTED_HMDB51_FEATURES/chew_Fun_Chewing_Gum!_chew_h_nm_np1_fr_med_0.pt,chew,3
/data/dev/projects/ai/Trackey/trackey/research/EXTRACTED_HMDB51_FEATURES/chew_Fun_Chewing_Gum!_chew_h_nm_np1_fr_med_1.pt,chew,3
/data/dev/projects/ai/Trackey/trackey/research/EXTRACTED_HMDB51_FEATURES/chew_Fun_Chewing_Gum!_chew_h_nm_np1_fr_med_2.pt,chew,3
/data/dev/projects/ai/Trackey/trackey/research/EXTRACTED_HMDB51_FEATURES/chew_Fun_Chewing_Gum!_chew_h_nm_np2_fr_med_3.pt,chew,3
/data/dev/projects/ai/Trackey/trackey/research/EXTRACTED_HMDB51_FEATURES/chew_Fun_Chewing_Gum!_chew_h_nm_np2_fr_med_4.pt,chew,3
/data/dev/projects/ai/Trackey/trackey/research/EXTRACTED_HMDB51_FEATURES/chew_Gum_Chewing_Girl_chew_h_nm_np1_fr_med_0.pt,chew,3
/data/dev/projects/ai/Trackey/trackey/research/EXTRACTED_HMDB51_FEATURES/chew_Gum_Chewing_Girl_chew_h_nm_np1_fr_med_1.pt,chew,3
/data/dev/projects/ai/Trackey/trackey/research/EXTRACTED_HMDB51_FEATURES/chew_Gum_Chewing_Girl_chew_h_nm_np1_fr_med_2.pt,chew,3
/data/dev/projects/ai/Trackey/trackey/research/EXTRACTED_HMDB51_FEATURES/chew_How_to_Do_Basic_Mime_Skills_-_How_to_Mime_Chewing_Gum_chew_h_cm_np1_fr_med_0.pt,chew,3
/data/dev/projects/ai/Trackey/trackey/research/EXTRACTED_HMDB51_FEATURES/chew_How_to_Do_Basic_Mime_Skills_-_How_to_Mime_Chewing_Gum_chew_h_cm_np1_fr_med_1.pt,chew,3
/data/dev/projects/ai/Trackey/trackey/research/EXTRACTED_HMDB51_FEATURES/chew_How_to_Do_Basic_Mime_Skills_-_How_to_Mime_Chewing_Gum_chew_h_cm_np1_fr_med_2.pt,chew,3
/data/dev/projects/ai/Trackey/trackey/research/EXTRACTED_HMDB51_FEATURES/chew_Kaugummiblase_1_chew_h_cm_np1_le_med_0.pt,chew,3
/data/dev/projects/ai/Trackey/trackey/research/EXTRACTED_HMDB51_FEATURES/chew_Kaugummiblase_1_chew_h_cm_np1_le_med_1.pt,chew,3
/data/dev/projects/ai/Trackey/trackey/research/EXTRACTED_HMDB51_FEATURES/chew_Kaugummiblase_1_chew_h_cm_np1_le_med_2.pt,chew,3
/data/dev/projects/ai/Trackey/trackey/research/EXTRACTED_HMDB51_FEATURES/chew_LittleChildren_chew_h_nm_np1_fr_goo_7.pt,chew,3
/data/dev/projects/ai/Trackey/trackey/research/EXTRACTED_HMDB51_FEATURES/chew_Loud_Chewing_chew_u_cm_np1_fr_med_0.pt,chew,3
/data/dev/projects/ai/Trackey/trackey/research/EXTRACTED_HMDB51_FEATURES/chew_Loud_Chewing_chew_u_cm_np1_fr_med_1.pt,chew,3
/data/dev/projects/ai/Trackey/trackey/research/EXTRACTED_HMDB51_FEATURES/chew_Loud_Chewing_chew_u_cm_np1_fr_med_2.pt,chew,3
/data/dev/projects/ai/Trackey/trackey/research/EXTRACTED_HMDB51_FEATURES/chew_Massive_Bubble_Gum_Bubble_chew_h_nm_np1_le_goo_0.pt,chew,3
/data/dev/projects/ai/Trackey/trackey/research/EXTRACTED_HMDB51_FEATURES/chew_Massive_Bubble_Gum_Bubble_chew_h_nm_np1_le_goo_1.pt,chew,3
/data/dev/projects/ai/Trackey/trackey/research/EXTRACTED_HMDB51_FEATURES/chew_Massive_Bubble_Gum_Bubble_chew_h_nm_np1_le_goo_2.pt,chew,3
/data/dev/projects/ai/Trackey/trackey/research/EXTRACTED_HMDB51_FEATURES/chew_Me_chewing_hubba_bubba_bubble_gum_chew_h_nm_np1_fr_bad_0.pt,chew,3
/data/dev/projects/ai/Trackey/trackey/research/EXTRACTED_HMDB51_FEATURES/chew_Me_chewing_hubba_bubba_bubble_gum_chew_h_nm_np1_fr_bad_1.pt,chew,3
/data/dev/projects/ai/Trackey/trackey/research/EXTRACTED_HMDB51_FEATURES/chew_Me_chewing_hubba_bubba_bubble_gum_chew_h_nm_np1_fr_bad_2.pt,chew,3
/data/dev/projects/ai/Trackey/trackey/research/EXTRACTED_HMDB51_FEATURES/chew_Mr__Bubblegum_chew_h_nm_np1_fr_med_0.pt,chew,3
/data/dev/projects/ai/Trackey/trackey/research/EXTRACTED_HMDB51_FEATURES/chew_Mr__Bubblegum_chew_h_nm_np1_fr_med_1.pt,chew,3
/data/dev/projects/ai/Trackey/trackey/research/EXTRACTED_HMDB51_FEATURES/chew_Mr__Bubblegum_chew_h_nm_np1_fr_med_2.pt,chew,3
/data/dev/projects/ai/Trackey/trackey/research/EXTRACTED_HMDB51_FEATURES/chew_Scott_Can_t_Make_His_Bubblegum_Pop_chew_h_nm_np1_fr_med_0.pt,chew,3
/data/dev/projects/ai/Trackey/trackey/research/EXTRACTED_HMDB51_FEATURES/chew_Scott_Can_t_Make_His_Bubblegum_Pop_chew_h_nm_np1_fr_med_1.pt,chew,3
/data/dev/projects/ai/Trackey/trackey/research/EXTRACTED_HMDB51_FEATURES/chew_Scott_Can_t_Make_His_Bubblegum_Pop_chew_h_nm_np1_fr_med_2.pt,chew,3
/data/dev/projects/ai/Trackey/trackey/research/EXTRACTED_HMDB51_FEATURES/chew_Sexy_girl_on_the_bed_teasing_chew_u_nm_np1_fr_med_0.pt,chew,3
/data/dev/projects/ai/Trackey/trackey/research/EXTRACTED_HMDB51_FEATURES/chew_Sexy_girl_on_the_bed_teasing_chew_u_nm_np1_fr_med_1.pt,chew,3
/data/dev/projects/ai/Trackey/trackey/research/EXTRACTED_HMDB51_FEATURES/chew_Sexy_girl_on_the_bed_teasing_chew_u_nm_np1_fr_med_2.pt,chew,3
/data/dev/projects/ai/Trackey/trackey/research/EXTRACTED_HMDB51_FEATURES/chew_Sweet_Candy_Bubbles_chew_h_cm_np1_fr_med_0.pt,chew,3
/data/dev/projects/ai/Trackey/trackey/research/EXTRACTED_HMDB51_FEATURES/chew_Sweet_Candy_Bubbles_chew_h_cm_np1_fr_med_1.pt,chew,3
/data/dev/projects/ai/Trackey/trackey/research/EXTRACTED_HMDB51_FEATURES/chew_Sweet_Candy_Bubbles_chew_h_cm_np1_fr_med_2.pt,chew,3
/data/dev/projects/ai/Trackey/trackey/research/EXTRACTED_HMDB51_FEATURES/chew_Tara_Bush_blowing_bubbles_5_chew_h_nm_np1_fr_goo_0.pt,chew,3
/data/dev/projects/ai/Trackey/trackey/research/EXTRACTED_HMDB51_FEATURES/chew_Tara_Bush_blowing_bubbles_5_chew_h_nm_np1_fr_goo_2.pt,chew,3
/data/dev/projects/ai/Trackey/trackey/research/EXTRACTED_HMDB51_FEATURES/chew_Tara_Bush_blowing_bubbles_5_chew_h_nm_np1_fr_goo_3.pt,chew,3
/data/dev/projects/ai/Trackey/trackey/research/EXTRACTED_HMDB51_FEATURES/chew_Tara_Bush_blowing_bubbles_5_chew_h_nm_np1_le_goo_1.pt,chew,3
/data/dev/projects/ai/Trackey/trackey/research/EXTRACTED_HMDB51_FEATURES/chew_TheBoondockSaints_chew_h_nm_np1_fr_goo_48.pt,chew,3
/data/dev/projects/ai/Trackey/trackey/research/EXTRACTED_HMDB51_FEATURES/chew_TheBoondockSaints_chew_u_cm_np1_le_med_35.pt,chew,3
/data/dev/projects/ai/Trackey/trackey/research/EXTRACTED_HMDB51_FEATURES/chew_TheBoondockSaints_chew_u_nm_np1_fr_med_46.pt,chew,3
/data/dev/projects/ai/Trackey/trackey/research/EXTRACTED_HMDB51_FEATURES/chew_TheLittleShopofHorrors_chew_u_nm_np1_fr_med_8.pt,chew,3
/data/dev/projects/ai/Trackey/trackey/research/EXTRACTED_HMDB51_FEATURES/chew_Vid_Request-_Me_Blowing_Bubbles_-P_chew_h_nm_np1_fr_med_0.pt,chew,3
/data/dev/projects/ai/Trackey/trackey/research/EXTRACTED_HMDB51_FEATURES/chew_Vid_Request-_Me_Blowing_Bubbles_-P_chew_h_nm_np1_fr_med_1.pt,chew,3
/data/dev/projects/ai/Trackey/trackey/research/EXTRACTED_HMDB51_FEATURES/chew_Vid_Request-_Me_Blowing_Bubbles_-P_chew_h_nm_np1_fr_med_2.pt,chew,3
/data/dev/projects/ai/Trackey/trackey/research/EXTRACTED_HMDB51_FEATURES/chew_Wanda_Su_and_niece__T__blowing_bubbles_chew_u_nm_np2_fr_med_0.pt,chew,3
/data/dev/projects/ai/Trackey/trackey/research/EXTRACTED_HMDB51_FEATURES/chew_Wanda_Su_and_niece__T__blowing_bubbles_chew_u_nm_np2_fr_med_1.pt,chew,3
/data/dev/projects/ai/Trackey/trackey/research/EXTRACTED_HMDB51_FEATURES/chew_Wanda_Su_and_niece__T__blowing_bubbles_chew_u_nm_np2_fr_med_2.pt,chew,3
/data/dev/projects/ai/Trackey/trackey/research/EXTRACTED_HMDB51_FEATURES/chew_Wanda_Su_and_niece__T__blowing_bubbles_chew_u_nm_np2_le_med_3.pt,chew,3
/data/dev/projects/ai/Trackey/trackey/research/EXTRACTED_HMDB51_FEATURES/chew_WeddingCrashers_chew_h_nm_np1_fr_goo_6.pt,chew,3
/data/dev/projects/ai/Trackey/trackey/research/EXTRACTED_HMDB51_FEATURES/chew_blondeandbubbles_chew_h_nm_np1_fr_goo_0.pt,chew,3
/data/dev/projects/ai/Trackey/trackey/research/EXTRACTED_HMDB51_FEATURES/chew_blondeandbubbles_chew_h_nm_np1_fr_goo_1.pt,chew,3
/data/dev/projects/ai/Trackey/trackey/research/EXTRACTED_HMDB51_FEATURES/chew_chewing_bubble_gum_chew_h_cm_np1_ri_bad_2.pt,chew,3
/data/dev/projects/ai/Trackey/trackey/research/EXTRACTED_HMDB51_FEATURES/chew_chewing_bubble_gum_chew_h_cm_np1_ri_med_0.pt,chew,3
/data/dev/projects/ai/Trackey/trackey/research/EXTRACTED_HMDB51_FEATURES/chew_chewing_bubble_gum_chew_h_cm_np1_ri_med_1.pt,chew,3
/data/dev/projects/ai/Trackey/trackey/research/EXTRACTED_HMDB51_FEATURES/chew_chewing_gum_1_chew_h_nm_np1_fr_goo_0.pt,chew,3
/data/dev/projects/ai/Trackey/trackey/research/EXTRACTED_HMDB51_FEATURES/chew_chewing_gum_1_chew_h_nm_np1_fr_goo_1.pt,chew,3
/data/dev/projects/ai/Trackey/trackey/research/EXTRACTED_HMDB51_FEATURES/chew_chewing_gum_1_chew_h_nm_np1_fr_goo_2.pt,chew,3
/data/dev/projects/ai/Trackey/trackey/research/EXTRACTED_HMDB51_FEATURES/chew_chewing_gum_2_chew_h_cm_np1_fr_med_0.pt,chew,3
/data/dev/projects/ai/Trackey/trackey/research/EXTRACTED_HMDB51_FEATURES/chew_chewing_gum_2_chew_h_cm_np1_fr_med_1.pt,chew,3
/data/dev/projects/ai/Trackey/trackey/research/EXTRACTED_HMDB51_FEATURES/chew_cotton_candy_bubble_gum_chew_h_nm_np1_fr_med_0.pt,chew,3
/data/dev/projects/ai/Trackey/trackey/research/EXTRACTED_HMDB51_FEATURES/chew_cotton_candy_bubble_gum_chew_h_nm_np1_fr_med_1.pt,chew,3
/data/dev/projects/ai/Trackey/trackey/research/EXTRACTED_HMDB51_FEATURES/chew_cotton_candy_bubble_gum_chew_h_nm_np1_fr_med_2.pt,chew,3
/data/dev/projects/ai/Trackey/trackey/research/EXTRACTED_HMDB51_FEATURES/chew_lol_im_so_weird___BLOWIN_BUBBLE_GUM__oops_i_burped_at_the_end_my_bad_lol_chew_h_cm_np1_fr_med_0.pt,chew,3
/data/dev/projects/ai/Trackey/trackey/research/EXTRACTED_HMDB51_FEATURES/chew_lol_im_so_weird___BLOWIN_BUBBLE_GUM__oops_i_burped_at_the_end_my_bad_lol_chew_h_cm_np1_le_med_1.pt,chew,3
/data/dev/projects/ai/Trackey/trackey/research/EXTRACTED_HMDB51_FEATURES/chew_lol_im_so_weird___BLOWIN_BUBBLE_GUM__oops_i_burped_at_the_end_my_bad_lol_chew_h_nm_np1_fr_med_2.pt,chew,3
/data/dev/projects/ai/Trackey/trackey/research/EXTRACTED_HMDB51_FEATURES/chew_prideandprejudice1_chew_u_nm_np1_fr_goo_6.pt,chew,3
/data/dev/projects/ai/Trackey/trackey/research/EXTRACTED_HMDB51_FEATURES/chew_random_gum_chewing_chew_h_cm_np1_fr_med_0.pt,chew,3
/data/dev/projects/ai/Trackey/trackey/research/EXTRACTED_HMDB51_FEATURES/chew_random_gum_chewing_chew_h_nm_np1_fr_med_1.pt,chew,3
/data/dev/projects/ai/Trackey/trackey/research/EXTRACTED_HMDB51_FEATURES/chew_random_gum_chewing_chew_h_nm_np1_fr_med_2.pt,chew,3
/data/dev/projects/ai/Trackey/trackey/research/EXTRACTED_HMDB51_FEATURES/clap_#20_Rhythm_clap_u_nm_np1_fr_goo_0.pt,clap,4
/data/dev/projects/ai/Trackey/trackey/research/EXTRACTED_HMDB51_FEATURES/clap_#20_Rhythm_clap_u_nm_np1_fr_goo_1.pt,clap,4
/data/dev/projects/ai/Trackey/trackey/research/EXTRACTED_HMDB51_FEATURES/clap_#20_Rhythm_clap_u_nm_np1_fr_goo_2.pt,clap,4
/data/dev/projects/ai/Trackey/trackey/research/EXTRACTED_HMDB51_FEATURES/clap_#20_Rhythm_clap_u_nm_np1_le_goo_3.pt,clap,4
/data/dev/projects/ai/Trackey/trackey/research/EXTRACTED_HMDB51_FEATURES/clap_#20_Rhythm_clap_u_nm_np1_le_goo_4.pt,clap,4
/data/dev/projects/ai/Trackey/trackey/research/EXTRACTED_HMDB51_FEATURES/clap_#20_Rhythm_clap_u_nm_np1_le_goo_5.pt,clap,4
/data/dev/projects/ai/Trackey/trackey/research/EXTRACTED_HMDB51_FEATURES/clap_103_years_old_japanese_woman__Nao_is_clapping_with_piano_music_by_beethoven_clap_u_cm_np1_fr_med_1.pt,clap,4
/data/dev/projects/ai/Trackey/trackey/research/EXTRACTED_HMDB51_FEATURES/clap_103_years_old_japanese_woman__Nao_is_clapping_with_piano_music_by_beethoven_clap_u_nm_np1_fr_med_0.pt,clap,4
/data/dev/projects/ai/Trackey/trackey/research/EXTRACTED_HMDB51_FEATURES/clap_A_Round_of_Applause_clap_u_cm_np1_fr_med_0.pt,clap,4
/data/dev/projects/ai/Trackey/trackey/research/EXTRACTED_HMDB51_FEATURES/clap_A_Round_of_Applause_clap_u_cm_np1_fr_med_1.pt,clap,4
/data/dev/projects/ai/Trackey/trackey/research/EXTRACTED_HMDB51_FEATURES/clap_Aishwarya_Rai_Burns_David_Letterman_in_his_own_show_clap_u_cm_np1_fr_bad_1.pt,clap,4
/data/dev/projects/ai/Trackey/trackey/research/EXTRACTED_HMDB51_FEATURES/clap_Alex_applauding_himself_clap_u_cm_np1_fr_med_1.pt,clap,4
/data/dev/projects/ai/Trackey/trackey/research/EXTRACTED_HMDB51_FEATURES/clap_Alex_applauding_himself_clap_u_nm_np1_fr_med_0.pt,clap,4
/data/dev/projects/ai/Trackey/trackey/research/EXTRACTED_HMDB51_FEATURES/clap_Applauding_Abby_clap_u_nm_np1_fr_med_0.pt,clap,4
/data/dev/projects/ai/Trackey/trackey/research/EXTRACTED_HMDB51_FEATURES/clap_Applauding_Abby_clap_u_nm_np1_fr_med_1.pt,clap,4
/data/dev/projects/ai/Trackey/trackey/research/EXTRACTED_HMDB51_FEATURES/clap_Baby_Bob_kann_klatschen_!_clap_u_cm_np1_fr_med_0.pt,clap,4
/data/dev/projects/ai/Trackey/trackey/research/EXTRACTED_HMDB51_FEATURES/clap_Baby_Bob_kann_klatschen_!_clap_u_cm_np1_fr_med_1.pt,clap,4
/data/dev/projects/ai/Trackey/trackey/research/EXTRACTED_HMDB51_FEATURES/clap_Baby_Bob_kann_klatschen_!_clap_u_cm_np1_fr_med_2.pt,clap,4
/data/dev/projects/ai/Trackey/trackey/research/EXTRACTED_HMDB51_FEATURES/clap_Boom_Snap_Clap_clap_u_nm_np1_fr_med_0.pt,clap,4
/data/dev/projects/ai/Trackey/trackey/research/EXTRACTED_HMDB51_FEATURES/clap_Boom_Snap_Clap_clap_u_nm_np1_fr_med_1.pt,clap,4
/data/dev/projects/ai/Trackey/trackey/research/EXTRACTED_HMDB51_FEATURES/clap_Boom__Snap__Clap!_(Challenge)_clap_u_nm_np1_fr_med_0.pt,clap,4
/data/dev/projects/ai/Trackey/trackey/research/EXTRACTED_HMDB51_FEATURES/clap_Boom__Snap__Clap!_(Challenge)_clap_u_nm_np1_fr_med_1.pt,clap,4
/data/dev/projects/ai/Trackey/trackey/research/EXTRACTED_HMDB51_FEATURES/clap_Budam_-_Clap_Hands_clap_u_nm_np1_fr_med_0.pt,clap,4
/data/dev/projects/ai/Trackey/trackey/research/EXTRACTED_HMDB51_FEATURES/clap_Budam_-_Clap_Hands_clap_u_nm_np1_fr_med_1.pt,clap,4
/data/dev/projects/ai/Trackey/trackey/research/EXTRACTED_HMDB51_FEATURES/clap_Budam_-_Clap_Hands_clap_u_nm_np1_fr_med_2.pt,clap,4
/data/dev/projects/ai/Trackey/trackey/research/EXTRACTED_HMDB51_FEATURES/clap_Clap_Hands_clap_u_nm_np1_fr_med_0.pt,clap,4
/data/dev/projects/ai/Trackey/trackey/research/EXTRACTED_HMDB51_FEATURES/clap_Clap_Hands_clap_u_nm_np1_fr_med_1.pt,clap,4
/data/dev/projects/ai/Trackey/trackey/research/EXTRACTED_HMDB51_FEATURES/clap_Clap_Hands_clap_u_nm_np1_fr_med_2.pt,clap,4
/data/dev/projects/ai/Trackey/trackey/research/EXTRACTED_HMDB51_FEATURES/clap_Deutscher_Klatsch_-_The_Clap_-_Lexy_clap_f_cm_np1_fr_bad_10.pt,clap,4
/data/dev/projects/ai/Trackey/trackey/research/EXTRACTED_HMDB51_FEATURES/clap_Deutscher_Klatsch_-_The_Clap_-_Lexy_clap_f_cm_np1_fr_med_5.pt,clap,4
/data/dev/projects/ai/Trackey/trackey/research/EXTRACTED_HMDB51_FEATURES/clap_Deutscher_Klatsch_-_The_Clap_-_Lexy_clap_f_cm_np2_ba_med_2.pt,clap,4
/data/dev/projects/ai/Trackey/trackey/research/EXTRACTED_HMDB51_FEATURES/clap_Deutscher_Klatsch_-_The_Clap_-_Lexy_clap_f_cm_np2_ba_med_3.pt,clap,4
/data/dev/projects/ai/Trackey/trackey/research/EXTRACTED_HMDB51_FEATURES/clap_Deutscher_Klatsch_-_The_Clap_-_Lexy_clap_f_cm_np3_fr_med_4.pt,clap,4
/data/dev/projects/ai/Trackey/trackey/research/EXTRACTED_HMDB51_FEATURES/clap_Deutscher_Klatsch_-_The_Clap_-_Lexy_clap_f_cm_np3_fr_med_8.pt,clap,4
/data/dev/projects/ai/Trackey/trackey/research/EXTRACTED_HMDB51_FEATURES/clap_Deutscher_Klatsch_-_The_Clap_-_Lexy_clap_f_cm_np3_fr_med_9.pt,clap,4
/data/dev/projects/ai/Trackey/trackey/research/EXTRACTED_HMDB51_FEATURES/clap_Deutscher_Klatsch_-_The_Clap_-_Lexy_clap_u_cm_np1_fr_med_0.pt,clap,4
/data/dev/projects/ai/Trackey/trackey/research/EXTRACTED_HMDB51_FEATURES/clap_Deutscher_Klatsch_-_The_Clap_-_Lexy_clap_u_cm_np1_fr_med_1.pt,clap,4
/data/dev/projects/ai/Trackey/trackey/research/EXTRACTED_HMDB51_FEATURES/clap_Deutscher_Klatsch_-_The_Clap_-_Lexy_clap_u_cm_np1_fr_med_6.pt,clap,4
/data/dev/projects/ai/Trackey/trackey/research/EXTRACTED_HMDB51_FEATURES/clap_Deutscher_Klatsch_-_The_Clap_-_Lexy_clap_u_cm_np2_fr_bad_11.pt,clap,4
/data/dev/projects/ai/Trackey/trackey/research/EXTRACTED_HMDB51_FEATURES/clap_Deutscher_Klatsch_-_The_Clap_-_Lexy_clap_u_cm_np2_fr_med_7.pt,clap,4
/data/dev/projects/ai/Trackey/trackey/research/EXTRACTED_HMDB51_FEATURES/clap_Faith_Rewarded_clap_u_cm_np1_fr_med_43.pt,clap,4
/data/dev/projects/ai/Trackey/trackey/research/EXTRACTED_HMDB51_FEATURES/clap_Faith_Rewarded_clap_u_cm_np1_le_med_0.pt,clap,4
/data/dev/projects/ai/Trackey/trackey/research/EXTRACTED_HMDB51_FEATURES/clap_Faith_Rewarded_clap_u_cm_np1_ri_goo_1.pt,clap,4
/data/dev/projects/ai/Trackey/trackey/research/EXTRACTED_HMDB51_FEATURES/clap_Faith_Rewarded_clap_u_nm_np1_fr_goo_87.pt,clap,4
/data/dev/projects/ai/Trackey/trackey/research/EXTRACTED_HMDB51_FEATURES/clap_Finding_Forrester_3_clap_u_nm_np1_ri_med_0.pt,clap,4
/data/dev/projects/ai/Trackey/trackey/research/EXTRACTED_HMDB51_FEATURES/clap_Flamenco_Dance_Steps_-_Flamenco_Dance_Soft_Claps_clap_u_cm_np1_fr_goo_0.pt,clap,4
/data/dev/projects/ai/Trackey/trackey/research/EXTRACTED_HMDB51_FEATURES/clap_Flamenco_Dance_Steps_-_Flamenco_Dance_Soft_Claps_clap_u_cm_np1_fr_goo_1.pt,clap,4
/data/dev/projects/ai/Trackey/trackey/research/EXTRACTED_HMDB51_FEATURES/clap_Flamenco_Dance_Steps_-_Flamenco_Dance_Soft_Claps_clap_u_cm_np1_fr_goo_2.pt,clap,4
/data/dev/projects/ai/Trackey/trackey/research/EXTRACTED_HMDB51_FEATURES/clap_Glory_clap_h_nm_np1_fr_med_52.pt,clap,4
/data/dev/projects/ai/Trackey/trackey/research/EXTRACTED_HMDB51_FEATURES/clap_Glory_clap_u_nm_np2_fr_goo_51.pt,clap,4
/data/dev/projects/ai/Trackey/trackey/research/EXTRACTED_HMDB51_FEATURES/clap_Hand_Clapping_Game__Bim_Bum__clap_f_nm_np2_fr_med_0.pt,clap,4
/data/dev/projects/ai/Trackey/trackey/research/EXTRACTED_HMDB51_FEATURES/clap_Hand_Clapping_Game__Bim_Bum__clap_f_nm_np2_fr_med_1.pt,clap,4
/data/dev/projects/ai/Trackey/trackey/research/EXTRACTED_HMDB51_FEATURES/clap_Hand_Clapping_Game__Bim_Bum__clap_f_nm_np2_fr_med_2.pt,clap,4
/data/dev/projects/ai/Trackey/trackey/research/EXTRACTED_HMDB51_FEATURES/clap_Kurt_Kr_mer_-_Klatschen_im_Flugzeug_clap_f_nm_np1_fr_med_0.pt,clap,4
/data/dev/projects/ai/Trackey/trackey/research/EXTRACTED_HMDB51_FEATURES/clap_Kurt_Kr_mer_-_Klatschen_im_Flugzeug_clap_u_cm_np1_fr_med_1.pt,clap,4
/data/dev/projects/ai/Trackey/trackey/research/EXTRACTED_HMDB51_FEATURES/clap_Kurt_Kr_mer_-_Klatschen_im_Flugzeug_clap_u_cm_np1_ri_bad_3.pt,clap,4
/data/dev/projects/ai/Trackey/trackey/research/EXTRACTED_HMDB51_FEATURES/clap_Kurt_Kr_mer_-_Klatschen_im_Flugzeug_clap_u_cm_np1_ri_bad_4.pt,clap,4
/data/dev/projects/ai/Trackey/trackey/research/EXTRACTED_HMDB51_FEATURES/clap_Kurt_Kr_mer_-_Klatschen_im_Flugzeug_clap_u_cm_np1_ri_med_2.pt,clap,4
/data/dev/projects/ai/Trackey/trackey/research/EXTRACTED_HMDB51_FEATURES/clap_Kurt_Kr_mer_-_Klatschen_im_Flugzeug_clap_u_cm_np1_ri_med_5.pt,clap,4
/data/dev/projects/ai/Trackey/trackey/research/EXTRACTED_HMDB51_FEATURES/clap_LetThePeopleClap_clap_u_cm_np1_fr_med_0.pt,clap,4
/data/dev/projects/ai/Trackey/trackey/research/EXTRACTED_HMDB51_FEATURES/clap_LetThePeopleClap_clap_u_cm_np1_fr_med_1.pt,clap,4
/data/dev/projects/ai/Trackey/trackey/research/EXTRACTED_HMDB51_FEATURES/clap_LetThePeopleClap_clap_u_cm_np1_fr_med_2.pt,clap,4
/data/dev/projects/ai/Trackey/trackey/research/EXTRACTED_HMDB51_FEATURES/clap_LetThePeopleClap_clap_u_cm_np1_fr_med_3.pt,clap,4
/data/dev/projects/ai/Trackey/trackey/research/EXTRACTED_HMDB51_FEATURES/clap_Martin_klatscht_in_die_h_nde_und_FURZT_clap_u_cm_np1_fr_med_0.pt,clap,4
/data/dev/projects/ai/Trackey/trackey/research/EXTRACTED_HMDB51_FEATURES/clap_My_Lil__Man_clapping_his_Hands_clap_u_nm_np1_fr_goo_0.pt,clap,4
/data/dev/projects/ai/Trackey/trackey/research/EXTRACTED_HMDB51_FEATURES/clap_My_Lil__Man_clapping_his_Hands_clap_u_nm_np1_fr_med_1.pt,clap,4
/data/dev/projects/ai/Trackey/trackey/research/EXTRACTED_HMDB51_FEATURES/clap_NotAnotherTeenMovieslowclap_clap_u_cm_np1_fr_med_1.pt,clap,4
/data/dev/projects/ai/Trackey/trackey/research/EXTRACTED_HMDB51_FEATURES/clap_NotAnotherTeenMovieslowclap_clap_u_cm_np1_fr_med_2.pt,clap,4
/data/dev/projects/ai/Trackey/trackey/research/EXTRACTED_HMDB51_FEATURES/clap_NotAnotherTeenMovieslowclap_clap_u_cm_np5_fr_med_3.pt,clap,4
/data/dev/projects/ai/Trackey/trackey/research/EXTRACTED_HMDB51_FEATURES/clap_NotAnotherTeenMovieslowclap_clap_u_nm_np1_fr_med_0.pt,clap,4
/data/dev/projects/ai/Trackey/trackey/research/EXTRACTED_HMDB51_FEATURES/clap_RE-_Boom_Snap_Clap_clap_u_nm_np1_fr_med_0.pt,clap,4
/data/dev/projects/ai/Trackey/trackey/research/EXTRACTED_HMDB51_FEATURES/clap_RE-_Boom_Snap_Clap_clap_u_nm_np1_fr_med_1.pt,clap,4
/data/dev/projects/ai/Trackey/trackey/research/EXTRACTED_HMDB51_FEATURES/clap_Return_of_the_King_12_clap_u_nm_np1_fr_goo_4.pt,clap,4
/data/dev/projects/ai/Trackey/trackey/research/EXTRACTED_HMDB51_FEATURES/clap_Ronin_Paintball_Club_-_MY-NPL_2009_Malacca_Prize_Giving_Ceremony_Part_2_clap_u_cm_np1_ba_med_0.pt,clap,4
/data/dev/projects/ai/Trackey/trackey/research/EXTRACTED_HMDB51_FEATURES/clap_SnakesonaPlaneSlowClap_clap_u_cm_np2_fr_med_0.pt,clap,4
/data/dev/projects/ai/Trackey/trackey/research/EXTRACTED_HMDB51_FEATURES/clap_Song_I_Can_Wave_My_Hands_-_Cullen_s_Abc_s_clap_u_cm_np1_fr_med_3.pt,clap,4
/data/dev/projects/ai/Trackey/trackey/research/EXTRACTED_HMDB51_FEATURES/clap_Song_I_Can_Wave_My_Hands_-_Cullen_s_Abc_s_clap_u_cm_np1_fr_med_4.pt,clap,4
/data/dev/projects/ai/Trackey/trackey/research/EXTRACTED_HMDB51_FEATURES/clap_Song_I_Can_Wave_My_Hands_-_Cullen_s_Abc_s_clap_u_cm_np1_fr_med_5.pt,clap,4
/data/dev/projects/ai/Trackey/trackey/research/EXTRACTED_HMDB51_FEATURES/clap_Standing_clap_f_cm_np1_fr_med_0.pt,clap,4
/data/dev/projects/ai/Trackey/trackey/research/EXTRACTED_HMDB51_FEATURES/clap_Standing_clap_f_cm_np1_fr_med_1.pt,clap,4
/data/dev/projects/ai/Trackey/trackey/research/EXTRACTED_HMDB51_FEATURES/clap_The_Slow_Clap_clap_u_cm_np1_fr_bad_16.pt,clap,4
/data/dev/projects/ai/Trackey/trackey/research/EXTRACTED_HMDB51_FEATURES/clap_The_Slow_Clap_clap_u_cm_np1_fr_bad_6.pt,clap,4
/data/dev/projects/ai/Trackey/trackey/research/EXTRACTED_HMDB51_FEATURES/clap_The_Slow_Clap_clap_u_cm_np1_fr_bad_7.pt,clap,4
/data/dev/projects/ai/Trackey/trackey/research/EXTRACTED_HMDB51_FEATURES/clap_The_Slow_Clap_clap_u_cm_np1_fr_med_15.pt,clap,4
/data/dev/projects/ai/Trackey/trackey/research/EXTRACTED_HMDB51_FEATURES/clap_The_Slow_Clap_clap_u_cm_np1_fr_med_3.pt,clap,4
/data/dev/projects/ai/Trackey/trackey/research/EXTRACTED_HMDB51_FEATURES/clap_The_Slow_Clap_clap_u_cm_np1_fr_med_4.pt,clap,4
/data/dev/projects/ai/Trackey/trackey/research/EXTRACTED_HMDB51_FEATURES/clap_The_Slow_Clap_clap_u_cm_np2_fr_bad_18.pt,clap,4
/data/dev/projects/ai/Trackey/trackey/research/EXTRACTED_HMDB51_FEATURES/clap_The_Slow_Clap_clap_u_cm_np2_fr_med_17.pt,clap,4
/data/dev/projects/ai/Trackey/trackey/research/EXTRACTED_HMDB51_FEATURES/clap_The_Slow_Clap_clap_u_nm_np1_fr_bad_19.pt,clap,4
/data/dev/projects/ai/Trackey/trackey/research/EXTRACTED_HMDB51_FEATURES/clap_The_Slow_Clap_clap_u_nm_np1_fr_bad_20.pt,clap,4
/data/dev/projects/ai/Trackey/trackey/research/EXTRACTED_HMDB51_FEATURES/clap_The_Slow_Clap_clap_u_nm_np1_fr_bad_25.pt,clap,4
/data/dev/projects/ai/Trackey/trackey/research/EXTRACTED_HMDB51_FEATURES/clap_The_Slow_Clap_clap_u_nm_np1_fr_bad_27.pt,clap,4
/data/dev/projects/ai/Trackey/trackey/research/EXTRACTED_HMDB51_FEATURES/clap_The_Slow_Clap_clap_u_nm_np1_fr_bad_29.pt,clap,4
/data/dev/projects/ai/Trackey/trackey/research/EXTRACTED_HMDB51_FEATURES/clap_The_Slow_Clap_clap_u_nm_np1_fr_bad_5.pt,clap,4
/data/dev/projects/ai/Trackey/trackey/research/EXTRACTED_HMDB51_FEATURES/clap_The_Slow_Clap_clap_u_nm_np1_fr_med_0.pt,clap,4
/data/dev/projects/ai/Trackey/trackey/research/EXTRACTED_HMDB51_FEATURES/clap_The_Slow_Clap_clap_u_nm_np1_fr_med_1.pt,clap,4
/data/dev/projects/ai/Trackey/trackey/research/EXTRACTED_HMDB51_FEATURES/clap_The_Slow_Clap_clap_u_nm_np1_fr_med_10.pt,clap,4
/data/dev/projects/ai/Trackey/trackey/research/EXTRACTED_HMDB51_FEATURES/clap_The_Slow_Clap_clap_u_nm_np1_fr_med_12.pt,clap,4
/data/dev/projects/ai/Trackey/trackey/research/EXTRACTED_HMDB51_FEATURES/clap_The_Slow_Clap_clap_u_nm_np1_fr_med_13.pt,clap,4
/data/dev/projects/ai/Trackey/trackey/research/EXTRACTED_HMDB51_FEATURES/clap_The_Slow_Clap_clap_u_nm_np1_fr_med_14.pt,clap,4
/data/dev/projects/ai/Trackey/trackey/research/EXTRACTED_HMDB51_FEATURES/clap_The_Slow_Clap_clap_u_nm_np1_fr_med_2.pt,clap,4
/data/dev/projects/ai/Trackey/trackey/research/EXTRACTED_HMDB51_FEATURES/clap_The_Slow_Clap_clap_u_nm_np1_fr_med_24.pt,clap,4
/data/dev/projects/ai/Trackey/trackey/research/EXTRACTED_HMDB51_FEATURES/clap_The_Slow_Clap_clap_u_nm_np1_fr_med_30.pt,clap,4
/data/dev/projects/ai/Trackey/trackey/research/EXTRACTED_HMDB51_FEATURES/clap_The_Slow_Clap_clap_u_nm_np2_fr_bad_26.pt,clap,4
/data/dev/projects/ai/Trackey/trackey/research/EXTRACTED_HMDB51_FEATURES/clap_The_Slow_Clap_clap_u_nm_np2_fr_med_21.pt,clap,4
/data/dev/projects/ai/Trackey/trackey/research/EXTRACTED_HMDB51_FEATURES/clap_The_Slow_Clap_clap_u_nm_np2_fr_med_22.pt,clap,4
/data/dev/projects/ai/Trackey/trackey/research/EXTRACTED_HMDB51_FEATURES/clap_The_Slow_Clap_clap_u_nm_np2_fr_med_23.pt,clap,4
/data/dev/projects/ai/Trackey/trackey/research/EXTRACTED_HMDB51_FEATURES/clap_The_Slow_Clap_clap_u_nm_np2_fr_med_28.pt,clap,4
/data/dev/projects/ai/Trackey/trackey/research/EXTRACTED_HMDB51_FEATURES/clap_The_Slow_Clap_clap_u_nm_np2_fr_med_8.pt,clap,4
/data/dev/projects/ai/Trackey/trackey/research/EXTRACTED_HMDB51_FEATURES/clap_The_Slow_Clap_clap_u_nm_np2_fr_med_9.pt,clap,4
/data/dev/projects/ai/Trackey/trackey/research/EXTRACTED_HMDB51_FEATURES/clap_The_Slow_Clap_clap_u_nm_np3_fr_med_11.pt,clap,4
/data/dev/projects/ai/Trackey/trackey/research/EXTRACTED_HMDB51_FEATURES/clap_Theslowclap1_clap_f_cm_np1_fr_med_0.pt,clap,4
/data/dev/projects/ai/Trackey/trackey/research/EXTRACTED_HMDB51_FEATURES/clap_Veoh_Alpha_Dog_1_clap_u_nm_np1_fr_goo_62.pt,clap,4
/data/dev/projects/ai/Trackey/trackey/research/EXTRACTED_HMDB51_FEATURES/clap_Wendy_playing_wii_fit_with_clapping_hands_clap_f_cm_np1_le_med_0.pt,clap,4
/data/dev/projects/ai/Trackey/trackey/research/EXTRACTED_HMDB51_FEATURES/clap_Wendy_playing_wii_fit_with_clapping_hands_clap_f_cm_np1_le_med_1.pt,clap,4
/data/dev/projects/ai/Trackey/trackey/research/EXTRACTED_HMDB51_FEATURES/clap__Boom_Snap_Clap__challenge_clap_u_nm_np1_fr_med_0.pt,clap,4
/data/dev/projects/ai/Trackey/trackey/research/EXTRACTED_HMDB51_FEATURES/clap__Boom_Snap_Clap__challenge_clap_u_nm_np1_fr_med_1.pt,clap,4
/data/dev/projects/ai/Trackey/trackey/research/EXTRACTED_HMDB51_FEATURES/clap_boom-snap-clap_clap_u_nm_np1_fr_med_0.pt,clap,4
/data/dev/projects/ai/Trackey/trackey/research/EXTRACTED_HMDB51_FEATURES/clap_boom-snap-clap_clap_u_nm_np1_fr_med_1.pt,clap,4
/data/dev/projects/ai/Trackey/trackey/research/EXTRACTED_HMDB51_FEATURES/clap_boom-snap-clap_clap_u_nm_np1_fr_med_2.pt,clap,4
/data/dev/projects/ai/Trackey/trackey/research/EXTRACTED_HMDB51_FEATURES/clap_boom-snap-clap_clap_u_nm_np1_fr_med_3.pt,clap,4
/data/dev/projects/ai/Trackey/trackey/research/EXTRACTED_HMDB51_FEATURES/clap_boom_snap_clap_(challenge)_HARDCORE_VERSION!_clap_u_nm_np1_fr_bad_0.pt,clap,4
/data/dev/projects/ai/Trackey/trackey/research/EXTRACTED_HMDB51_FEATURES/clap_boom_snap_clap_(challenge)_HARDCORE_VERSION!_clap_u_nm_np1_fr_bad_1.pt,clap,4
/data/dev/projects/ai/Trackey/trackey/research/EXTRACTED_HMDB51_FEATURES/clap_boom_snap_clap_(challenge)_clap_u_nm_np1_fr_med_0.pt,clap,4
/data/dev/projects/ai/Trackey/trackey/research/EXTRACTED_HMDB51_FEATURES/clap_boom_snap_clap_(challenge)_clap_u_nm_np1_fr_med_1.pt,clap,4
/data/dev/projects/ai/Trackey/trackey/research/EXTRACTED_HMDB51_FEATURES/clap_boomsnapclap!_clap_u_nm_np1_fr_med_0.pt,clap,4
/data/dev/projects/ai/Trackey/trackey/research/EXTRACTED_HMDB51_FEATURES/clap_boomsnapclap!_clap_u_nm_np1_fr_med_1.pt,clap,4
/data/dev/projects/ai/Trackey/trackey/research/EXTRACTED_HMDB51_FEATURES/clap_boomsnapclap!_clap_u_nm_np1_fr_med_2.pt,clap,4
/data/dev/projects/ai/Trackey/trackey/research/EXTRACTED_HMDB51_FEATURES/clap_slowclap_clap_u_nm_np1_fr_goo_0.pt,clap,4
/data/dev/projects/ai/Trackey/trackey/research/EXTRACTED_HMDB51_FEATURES/clap_that70_sshowslowclap_clap_u_nm_np1_fr_med_0.pt,clap,4
/data/dev/projects/ai/Trackey/trackey/research/EXTRACTED_HMDB51_FEATURES/climb_(HQ)_Rock_Climbing_-_Free_Solo_Speed_Climb_-_Dan_Osman_climb_f_cm_np1_ba_med_0.pt,climb,5
/data/dev/projects/ai/Trackey/trackey/research/EXTRACTED_HMDB51_FEATURES/climb_(HQ)_Rock_Climbing_-_Free_Solo_Speed_Climb_-_Dan_Osman_climb_f_cm_np1_fr_med_4.pt,climb,5
/data/dev/projects/ai/Trackey/trackey/research/EXTRACTED_HMDB51_FEATURES/climb_(HQ)_Rock_Climbing_-_Free_Solo_Speed_Climb_-_Dan_Osman_climb_f_cm_np1_fr_med_5.pt,climb,5
/data/dev/projects/ai/Trackey/trackey/research/EXTRACTED_HMDB51_FEATURES/climb_(HQ)_Rock_Climbing_-_Free_Solo_Speed_Climb_-_Dan_Osman_climb_f_cm_np1_le_med_1.pt,climb,5
/data/dev/projects/ai/Trackey/trackey/research/EXTRACTED_HMDB51_FEATURES/climb_(HQ)_Rock_Climbing_-_Free_Solo_Speed_Climb_-_Dan_Osman_climb_f_cm_np1_le_med_2.pt,climb,5
/data/dev/projects/ai/Trackey/trackey/research/EXTRACTED_HMDB51_FEATURES/climb_(HQ)_Rock_Climbing_-_Free_Solo_Speed_Climb_-_Dan_Osman_climb_f_cm_np1_le_med_3.pt,climb,5
/data/dev/projects/ai/Trackey/trackey/research/EXTRACTED_HMDB51_FEATURES/climb_Alban_Hayoz_solo_climb_(klettern)_climb_f_cm_np1_ba_med_0.pt,climb,5
/data/dev/projects/ai/Trackey/trackey/research/EXTRACTED_HMDB51_FEATURES/climb_Alban_Hayoz_solo_climb_(klettern)_climb_f_cm_np1_ba_med_2.pt,climb,5
/data/dev/projects/ai/Trackey/trackey/research/EXTRACTED_HMDB51_FEATURES/climb_Alban_Hayoz_solo_climb_(klettern)_climb_f_nm_np1_ba_med_1.pt,climb,5
/data/dev/projects/ai/Trackey/trackey/research/EXTRACTED_HMDB51_FEATURES/climb_Amazing_Wall_Climber_(Must_be_Seen_to_Be_Believed!)_climb_f_cm_np1_ba_bad_1.pt,climb,5
/data/dev/projects/ai/Trackey/trackey/research/EXTRACTED_HMDB51_FEATURES/climb_Amazing_Wall_Climber_(Must_be_Seen_to_Be_Believed!)_climb_f_cm_np1_ba_bad_2.pt,climb,5
/data/dev/projects/ai/Trackey/trackey/research/EXTRACTED_HMDB51_FEATURES/climb_Amazing_Wall_Climber_(Must_be_Seen_to_Be_Believed!)_climb_f_cm_np1_ri_bad_0.pt,climb,5
/data/dev/projects/ai/Trackey/trackey/research/EXTRACTED_HMDB51_FEATURES/climb_Axel_beim_Klettern_an_der_Unisportwand_climb_f_cm_np1_ba_med_2.pt,climb,5
/data/dev/projects/ai/Trackey/trackey/research/EXTRACTED_HMDB51_FEATURES/climb_Axel_beim_Klettern_an_der_Unisportwand_climb_f_cm_np1_ba_med_3.pt,climb,5
/data/dev/projects/ai/Trackey/trackey/research/EXTRACTED_HMDB51_FEATURES/climb_Axel_beim_Klettern_an_der_Unisportwand_climb_f_cm_np2_ba_med_0.pt,climb,5
/data/dev/projects/ai/Trackey/trackey/research/EXTRACTED_HMDB51_FEATURES/climb_Axel_beim_Klettern_an_der_Unisportwand_climb_f_cm_np2_ba_med_1.pt,climb,5
/data/dev/projects/ai/Trackey/trackey/research/EXTRACTED_HMDB51_FEATURES/climb_Bristol_UCR_roof_climb_climb_f_cm_np1_ba_bad_0.pt,climb,5
/data/dev/projects/ai/Trackey/trackey/research/EXTRACTED_HMDB51_FEATURES/climb_Bristol_UCR_roof_climb_climb_f_cm_np1_ba_bad_1.pt,climb,5
/data/dev/projects/ai/Trackey/trackey/research/EXTRACTED_HMDB51_FEATURES/climb_Bristol_UCR_roof_climb_climb_f_cm_np1_ba_bad_2.pt,climb,5
/data/dev/projects/ai/Trackey/trackey/research/EXTRACTED_HMDB51_FEATURES/climb_Chiara_Kletterwand_climb_f_cm_np1_ba_bad_0.pt,climb,5
/data/dev/projects/ai/Trackey/trackey/research/EXTRACTED_HMDB51_FEATURES/climb_Climbing_Wall_Adventure_climb_f_cm_np1_ba_med_1.pt,climb,5
/data/dev/projects/ai/Trackey/trackey/research/EXTRACTED_HMDB51_FEATURES/climb_Climbing_Wall_Adventure_climb_f_cm_np1_le_med_0.pt,climb,5
/data/dev/projects/ai/Trackey/trackey/research/EXTRACTED_HMDB51_FEATURES/climb_Climbing_Wall_Traverse_climb_f_cm_np1_ba_med_0.pt,climb,5
/data/dev/projects/ai/Trackey/trackey/research/EXTRACTED_HMDB51_FEATURES/climb_Climbing_roof_in_TCA_climb_f_cm_np1_ba_med_0.pt,climb,5
/data/dev/projects/ai/Trackey/trackey/research/EXTRACTED_HMDB51_FEATURES/climb_Climbing_roof_in_TCA_climb_f_cm_np1_ba_med_1.pt,climb,5
/data/dev/projects/ai/Trackey/trackey/research/EXTRACTED_HMDB51_FEATURES/climb_Climbing_roof_in_TCA_climb_f_cm_np1_ba_med_2.pt,climb,5
/data/dev/projects/ai/Trackey/trackey/research/EXTRACTED_HMDB51_FEATURES/climb_Climbing_the_World_s_Tallest_Tree_climb_f_cm_np1_ba_med_0.pt,climb,5
/data/dev/projects/ai/Trackey/trackey/research/EXTRACTED_HMDB51_FEATURES/climb_DM_Sportklettern_2006-_Finale_Herren_-_Markus_Hoppe_climb_f_cm_np1_ri_med_0.pt,climb,5
/data/dev/projects/ai/Trackey/trackey/research/EXTRACTED_HMDB51_FEATURES/climb_DM_Sportklettern_2006-_Finale_Herren_-_Markus_Hoppe_climb_f_cm_np1_ri_med_1.pt,climb,5
/data/dev/projects/ai/Trackey/trackey/research/EXTRACTED_HMDB51_FEATURES/climb_DM_Sportklettern_2006-_Qualifikation_-_Andreas_Bindhammer_climb_f_cm_np1_ba_med_0.pt,climb,5
/data/dev/projects/ai/Trackey/trackey/research/EXTRACTED_HMDB51_FEATURES/climb_DM_Sportklettern_2006-_Qualifikation_-_Andreas_Bindhammer_climb_f_cm_np1_ba_med_1.pt,climb,5
/data/dev/projects/ai/Trackey/trackey/research/EXTRACTED_HMDB51_FEATURES/climb_DM_Sportklettern_2006-_Qualifikation_-_Andreas_Bindhammer_climb_f_cm_np1_ba_med_2.pt,climb,5
/data/dev/projects/ai/Trackey/trackey/research/EXTRACTED_HMDB51_FEATURES/climb_DM_Sportklettern_2006-_Video_Qualifikation_-_Julia_Winter_climb_f_cm_np1_ba_med_0.pt,climb,5
/data/dev/projects/ai/Trackey/trackey/research/EXTRACTED_HMDB51_FEATURES/climb_DM_Sportklettern_2006-_Video_Qualifikation_-_Julia_Winter_climb_f_cm_np1_ba_med_1.pt,climb,5
/data/dev/projects/ai/Trackey/trackey/research/EXTRACTED_HMDB51_FEATURES/climb_DM_Sportklettern_2006-_Video_Qualifikation_-_Julia_Winter_climb_f_cm_np1_ba_med_2.pt,climb,5
/data/dev/projects/ai/Trackey/trackey/research/EXTRACTED_HMDB51_FEATURES/climb_Dan_Osman_-_Speed_rock_climbing_climb_f_cm_np1_ba_bad_0.pt,climb,5
/data/dev/projects/ai/Trackey/trackey/research/EXTRACTED_HMDB51_FEATURES/climb_Dan_Osman_-_Speed_rock_climbing_climb_f_cm_np1_ba_bad_1.pt,climb,5
/data/dev/projects/ai/Trackey/trackey/research/EXTRACTED_HMDB51_FEATURES/climb_Dan_Osman_-_Speed_rock_climbing_climb_f_cm_np1_fr_bad_5.pt,climb,5
/data/dev/projects/ai/Trackey/trackey/research/EXTRACTED_HMDB51_FEATURES/climb_Dan_Osman_-_Speed_rock_climbing_climb_f_cm_np1_le_bad_2.pt,climb,5
/data/dev/projects/ai/Trackey/trackey/research/EXTRACTED_HMDB51_FEATURES/climb_Dan_Osman_-_Speed_rock_climbing_climb_f_cm_np1_le_bad_3.pt,climb,5
/data/dev/projects/ai/Trackey/trackey/research/EXTRACTED_HMDB51_FEATURES/climb_Dan_Osman_-_Speed_rock_climbing_climb_f_cm_np1_le_bad_4.pt,climb,5
/data/dev/projects/ai/Trackey/trackey/research/EXTRACTED_HMDB51_FEATURES/climb_India_Monkey_King_scales_new_heights_climb_f_cm_np1_ba_bad_1.pt,climb,5
/data/dev/projects/ai/Trackey/trackey/research/EXTRACTED_HMDB51_FEATURES/climb_India_Monkey_King_scales_new_heights_climb_f_cm_np1_ba_med_0.pt,climb,5
/data/dev/projects/ai/Trackey/trackey/research/EXTRACTED_HMDB51_FEATURES/climb_India_Monkey_King_scales_new_heights_climb_f_cm_np1_ba_med_2.pt,climb,5
/data/dev/projects/ai/Trackey/trackey/research/EXTRACTED_HMDB51_FEATURES/climb_India_Monkey_King_scales_new_heights_climb_f_cm_np1_ba_med_3.pt,climb,5
/data/dev/projects/ai/Trackey/trackey/research/EXTRACTED_HMDB51_FEATURES/climb_India_Monkey_King_scales_new_heights_climb_f_cm_np1_ba_med_4.pt,climb,5
/data/dev/projects/ai/Trackey/trackey/research/EXTRACTED_HMDB51_FEATURES/climb_Janini_an_der_Kletterwand_climb_f_cm_np1_ba_med_0.pt,climb,5
/data/dev/projects/ai/Trackey/trackey/research/EXTRACTED_HMDB51_FEATURES/climb_Janini_an_der_Kletterwand_climb_f_cm_np1_ba_med_1.pt,climb,5
/data/dev/projects/ai/Trackey/trackey/research/EXTRACTED_HMDB51_FEATURES/climb_Janini_an_der_Kletterwand_climb_f_cm_np1_ba_med_2.pt,climb,5
/data/dev/projects/ai/Trackey/trackey/research/EXTRACTED_HMDB51_FEATURES/climb_Jez__roof_climbing_in_Mile_End_climb_f_cm_np1_ba_med_0.pt,climb,5
/data/dev/projects/ai/Trackey/trackey/research/EXTRACTED_HMDB51_FEATURES/climb_Jez__roof_climbing_in_Mile_End_climb_f_cm_np1_ba_med_1.pt,climb,5
/data/dev/projects/ai/Trackey/trackey/research/EXTRACTED_HMDB51_FEATURES/climb_Jez__roof_climbing_in_Mile_End_climb_f_cm_np1_ba_med_2.pt,climb,5
/data/dev/projects/ai/Trackey/trackey/research/EXTRACTED_HMDB51_FEATURES/climb_Julius_Haushammer___Klettern_und_Bouldern___1979_climb_f_cm_np1_ba_med_0.pt,climb,5
/data/dev/projects/ai/Trackey/trackey/research/EXTRACTED_HMDB51_FEATURES/climb_Julius_Haushammer___Klettern_und_Bouldern___1979_climb_f_cm_np1_ba_med_1.pt,climb,5
/data/dev/projects/ai/Trackey/trackey/research/EXTRACTED_HMDB51_FEATURES/climb_Julius_Haushammer___Klettern_und_Bouldern___1979_climb_f_cm_np1_ba_med_2.pt,climb,5
/data/dev/projects/ai/Trackey/trackey/research/EXTRACTED_HMDB51_FEATURES/climb_Kletter-WM_2005-_Bouldern_Finale_Damen__Vera_Kotasova_(CZE)_climb_f_cm_np1_ba_med_0.pt,climb,5
/data/dev/projects/ai/Trackey/trackey/research/EXTRACTED_HMDB51_FEATURES/climb_Kletter-WM_2005-_Bouldern_Finale_Damen__Vera_Kotasova_(CZE)_climb_f_cm_np1_ba_med_1.pt,climb,5
/data/dev/projects/ai/Trackey/trackey/research/EXTRACTED_HMDB51_FEATURES/climb_Kletter-WM_2005-_Bouldern_Finale_Damen__Vera_Kotasova_(CZE)_climb_f_cm_np1_ba_med_2.pt,climb,5
/data/dev/projects/ai/Trackey/trackey/research/EXTRACTED_HMDB51_FEATURES/climb_Kletter-WM_2005-_Bouldern_Finale_Herren__Serik_Kazbekov_climb_f_cm_np1_ba_med_0.pt,climb,5
/data/dev/projects/ai/Trackey/trackey/research/EXTRACTED_HMDB51_FEATURES/climb_Kletter-WM_2005-_Bouldern_Finale_Herren__Serik_Kazbekov_climb_f_cm_np1_ba_med_1.pt,climb,5
/data/dev/projects/ai/Trackey/trackey/research/EXTRACTED_HMDB51_FEATURES/climb_Kletter-WM_2005-_Speed_Achtelfinale_Herren_Minatchev_Hroza_climb_f_cm_np2_ba_med_0.pt,climb,5
/data/dev/projects/ai/Trackey/trackey/research/EXTRACTED_HMDB51_FEATURES/climb_Kletter-WM_2005-_Speed_Achtelfinale_Herren_Minatchev_Hroza_climb_f_cm_np2_ba_med_1.pt,climb,5
/data/dev/projects/ai/Trackey/trackey/research/EXTRACTED_HMDB51_FEATURES/climb_Kletter-WM_2005-_Speed_Achtelfinale_Herren_Minatchev_Hroza_climb_f_cm_np2_ba_med_2.pt,climb,5
/data/dev/projects/ai/Trackey/trackey/research/EXTRACTED_HMDB51_FEATURES/climb_Klettern_by_Kurt_Hackner_climb_f_cm_np1_ba_med_0.pt,climb,5
/data/dev/projects/ai/Trackey/trackey/research/EXTRACTED_HMDB51_FEATURES/climb_Klettern_by_Kurt_Hackner_climb_f_cm_np1_ba_med_2.pt,climb,5
/data/dev/projects/ai/Trackey/trackey/research/EXTRACTED_HMDB51_FEATURES/climb_Klettern_by_Kurt_Hackner_climb_f_cm_np1_le_med_1.pt,climb,5
/data/dev/projects/ai/Trackey/trackey/research/EXTRACTED_HMDB51_FEATURES/climb_Kletterwand_climb_f_cm_np1_ba_goo_0.pt,climb,5
/data/dev/projects/ai/Trackey/trackey/research/EXTRACTED_HMDB51_FEATURES/climb_Kletterwand_climb_f_cm_np1_ba_goo_1.pt,climb,5
/data/dev/projects/ai/Trackey/trackey/research/EXTRACTED_HMDB51_FEATURES/climb_Kletterwand_climb_f_cm_np1_ba_goo_2.pt,climb,5
/data/dev/projects/ai/Trackey/trackey/research/EXTRACTED_HMDB51_FEATURES/climb_Lead_Climbing_Roof_at_Stoneworks_climb_f_cm_np1_ba_goo_0.pt,climb,5
/data/dev/projects/ai/Trackey/trackey/research/EXTRACTED_HMDB51_FEATURES/climb_Lead_Climbing_Roof_at_Stoneworks_climb_f_cm_np1_ba_med_1.pt,climb,5
/data/dev/projects/ai/Trackey/trackey/research/EXTRACTED_HMDB51_FEATURES/climb_Mexican_Climbing_Fence_climb_f_cm_np1_ba_med_0.pt,climb,5
/data/dev/projects/ai/Trackey/trackey/research/EXTRACTED_HMDB51_FEATURES/climb_Mexican_Climbing_Fence_climb_f_cm_np1_ba_med_1.pt,climb,5
/data/dev/projects/ai/Trackey/trackey/research/EXTRACTED_HMDB51_FEATURES/climb_Mexican_Climbing_Fence_climb_f_cm_np1_ba_med_2.pt,climb,5
/data/dev/projects/ai/Trackey/trackey/research/EXTRACTED_HMDB51_FEATURES/climb_Mexican_Climbing_Fence_climb_f_cm_np1_ba_med_3.pt,climb,5
/data/dev/projects/ai/Trackey/trackey/research/EXTRACTED_HMDB51_FEATURES/climb_Pole_Climbing_Challenging_gravity_climb_f_cm_np1_ba_med_2.pt,climb,5
/data/dev/projects/ai/Trackey/trackey/research/EXTRACTED_HMDB51_FEATURES/climb_Pole_Climbing_Challenging_gravity_climb_f_cm_np1_le_med_0.pt,climb,5
/data/dev/projects/ai/Trackey/trackey/research/EXTRACTED_HMDB51_FEATURES/climb_Pole_Climbing_Challenging_gravity_climb_f_cm_np1_le_med_1.pt,climb,5
/data/dev/projects/ai/Trackey/trackey/research/EXTRACTED_HMDB51_FEATURES/climb_Pole_climbing_World_Championships_climb_f_cm_np1_le_med_3.pt,climb,5
/data/dev/projects/ai/Trackey/trackey/research/EXTRACTED_HMDB51_FEATURES/climb_Pole_climbing_World_Championships_climb_f_nm_np1_ba_goo_0.pt,climb,5
/data/dev/projects/ai/Trackey/trackey/research/EXTRACTED_HMDB51_FEATURES/climb_Pole_climbing_World_Championships_climb_f_nm_np1_ba_med_1.pt,climb,5
/data/dev/projects/ai/Trackey/trackey/research/EXTRACTED_HMDB51_FEATURES/climb_Pole_climbing_World_Championships_climb_f_nm_np1_le_goo_2.pt,climb,5
/data/dev/projects/ai/Trackey/trackey/research/EXTRACTED_HMDB51_FEATURES/climb_Return_of_the_King_4_climb_f_cm_np1_ba_med_3.pt,climb,5
/data/dev/projects/ai/Trackey/trackey/research/EXTRACTED_HMDB51_FEATURES/climb_Rock_Climbing_-_Joshua_Tree_climb_f_nm_np1_ba_goo_0.pt,climb,5
/data/dev/projects/ai/Trackey/trackey/research/EXTRACTED_HMDB51_FEATURES/climb_Rock_Climbing_-_Joshua_Tree_climb_f_nm_np1_ba_med_1.pt,climb,5
/data/dev/projects/ai/Trackey/trackey/research/EXTRACTED_HMDB51_FEATURES/climb_Rock_Climbing_-_Joshua_Tree_climb_f_nm_np1_ba_med_2.pt,climb,5
/data/dev/projects/ai/Trackey/trackey/research/EXTRACTED_HMDB51_FEATURES/climb_Rock_Climbing_Nationals_08_Emily_Harrington_and_Lauren_Lee_climb_f_cm_np1_ba_med_0.pt,climb,5
/data/dev/projects/ai/Trackey/trackey/research/EXTRACTED_HMDB51_FEATURES/climb_Rock_Climbing_Nationals_08_Emily_Harrington_and_Lauren_Lee_climb_f_cm_np1_ba_med_1.pt,climb,5
/data/dev/projects/ai/Trackey/trackey/research/EXTRACTED_HMDB51_FEATURES/climb_Rock_Climbing_Nationals_08_Emily_Harrington_and_Lauren_Lee_climb_f_cm_np1_ba_med_2.pt,climb,5
/data/dev/projects/ai/Trackey/trackey/research/EXTRACTED_HMDB51_FEATURES/climb_Rock_Climbing_Nationals_08_Emily_Harrington_and_Lauren_Lee_climb_f_cm_np1_ba_med_3.pt,climb,5
/data/dev/projects/ai/Trackey/trackey/research/EXTRACTED_HMDB51_FEATURES/climb_SafeInPort_climb_f_nm_np1_ba_med_0.pt,climb,5
/data/dev/projects/ai/Trackey/trackey/research/EXTRACTED_HMDB51_FEATURES/climb_Sarah_und_die_Kletterwand_climb_f_cm_np1_ri_bad_0.pt,climb,5
/data/dev/projects/ai/Trackey/trackey/research/EXTRACTED_HMDB51_FEATURES/climb_Sarah_und_die_Kletterwand_climb_f_cm_np1_ri_bad_1.pt,climb,5
/data/dev/projects/ai/Trackey/trackey/research/EXTRACTED_HMDB51_FEATURES/climb_Sarah_und_die_Kletterwand_climb_f_cm_np1_ri_bad_2.pt,climb,5
/data/dev/projects/ai/Trackey/trackey/research/EXTRACTED_HMDB51_FEATURES/climb_Seamus_OD_arms_exploding-_rope_climb_climb_f_cm_np1_ba_med_0.pt,climb,5
/data/dev/projects/ai/Trackey/trackey/research/EXTRACTED_HMDB51_FEATURES/climb_Speed_Climbing_Contest_Sport_Schuster_M_nchen_climb_f_cm_np1_ba_med_0.pt,climb,5
/data/dev/projects/ai/Trackey/trackey/research/EXTRACTED_HMDB51_FEATURES/climb_Speed_Climbing_Contest_Sport_Schuster_M_nchen_climb_f_cm_np1_ba_med_1.pt,climb,5
/data/dev/projects/ai/Trackey/trackey/research/EXTRACTED_HMDB51_FEATURES/climb_Speed_Climbing_Contest_Sport_Schuster_M_nchen_climb_f_cm_np1_ba_med_2.pt,climb,5
/data/dev/projects/ai/Trackey/trackey/research/EXTRACTED_HMDB51_FEATURES/climb_TANA_TEACHES_EVERONE_HOW_TO_CLIMB_A_FENCE_climb_f_cm_np1_ba_med_0.pt,climb,5
/data/dev/projects/ai/Trackey/trackey/research/EXTRACTED_HMDB51_FEATURES/climb_The_Fugitive_5_climb_f_cm_np1_ri_med_8.pt,climb,5
/data/dev/projects/ai/Trackey/trackey/research/EXTRACTED_HMDB51_FEATURES/climb_megan_roof_climbing_climb_f_cm_np1_ri_goo_0.pt,climb,5
/data/dev/projects/ai/Trackey/trackey/research/EXTRACTED_HMDB51_FEATURES/climb_megan_roof_climbing_climb_f_cm_np1_ri_goo_1.pt,climb,5
/data/dev/projects/ai/Trackey/trackey/research/EXTRACTED_HMDB51_FEATURES/climb_rope_climb_Olivia_Age_4_climb_f_cm_np1_ba_med_1.pt,climb,5
/data/dev/projects/ai/Trackey/trackey/research/EXTRACTED_HMDB51_FEATURES/climb_rope_climb_Olivia_Age_4_climb_f_cm_np1_fr_med_2.pt,climb,5
/data/dev/projects/ai/Trackey/trackey/research/EXTRACTED_HMDB51_FEATURES/climb_rope_climb_Olivia_Age_4_climb_f_cm_np1_ri_med_0.pt,climb,5
/data/dev/projects/ai/Trackey/trackey/research/EXTRACTED_HMDB51_FEATURES/climb_rope_climbing_climb_f_nm_np1_ba_med_1.pt,climb,5
/data/dev/projects/ai/Trackey/trackey/research/EXTRACTED_HMDB51_FEATURES/climb_rope_climbing_climb_f_nm_np1_fr_med_0.pt,climb,5
/data/dev/projects/ai/Trackey/trackey/research/EXTRACTED_HMDB51_FEATURES/climb_speed_rope_climbing_competition_climb_f_cm_np1_ri_med_0.pt,climb,5
/data/dev/projects/ai/Trackey/trackey/research/EXTRACTED_HMDB51_FEATURES/climb_stairs_AgentCodyBanks_climb_stairs_f_cm_np1_fr_med_9.pt,climb_stairs,6
/data/dev/projects/ai/Trackey/trackey/research/EXTRACTED_HMDB51_FEATURES/climb_stairs_BATMAN_BEGINS_climb_stairs_f_cm_np1_ba_bad_15.pt,climb_stairs,6
/data/dev/projects/ai/Trackey/trackey/research/EXTRACTED_HMDB51_FEATURES/climb_stairs_BIG_FISH_climb_stairs_f_nm_np1_fr_med_1.pt,climb_stairs,6
/data/dev/projects/ai/Trackey/trackey/research/EXTRACTED_HMDB51_FEATURES/climb_stairs_Baddest_Fight_Scenes_EVER!_-_Kill_Bill__Vol___1_-_vs__Crazy_88_s_climb_stairs_f_nm_np1_fr_med_3.pt,climb_stairs,6
/data/dev/projects/ai/Trackey/trackey/research/EXTRACTED_HMDB51_FEATURES/climb_stairs_Beginner_Boxing_Lessons_-_Using_Stairs_for_Boxing_Training_climb_stairs_l_cm_np1_ba_med_0.pt,climb_stairs,6
/data/dev/projects/ai/Trackey/trackey/research/EXTRACTED_HMDB51_FEATURES/climb_stairs_Beginner_Boxing_Lessons_-_Using_Stairs_for_Boxing_Training_climb_stairs_l_cm_np1_ba_med_1.pt,climb_stairs,6
/data/dev/projects/ai/Trackey/trackey/research/EXTRACTED_HMDB51_FEATURES/climb_stairs_Beginner_Boxing_Lessons_-_Using_Stairs_for_Boxing_Training_climb_stairs_l_cm_np1_ba_med_2.pt,climb_stairs,6
/data/dev/projects/ai/Trackey/trackey/research/EXTRACTED_HMDB51_FEATURES/climb_stairs_Braune_Stiefel_brown_boots_hot_high_heels_Treppen_steigen_Down-_and_upstairs_climb_stairs_l_cm_np1_ba_med_0.pt,climb_stairs,6
/data/dev/projects/ai/Trackey/trackey/research/EXTRACTED_HMDB51_FEATURES/climb_stairs_Braune_Stiefel_brown_boots_hot_high_heels_Treppen_steigen_Down-_and_upstairs_climb_stairs_l_cm_np1_ba_med_1.pt,climb_stairs,6
/data/dev/projects/ai/Trackey/trackey/research/EXTRACTED_HMDB51_FEATURES/climb_stairs_Braune_Stiefel_brown_boots_hot_high_heels_Treppen_steigen_Down-_and_upstairs_climb_stairs_l_cm_np1_ba_med_2.pt,climb_stairs,6
/data/dev/projects/ai/Trackey/trackey/research/EXTRACTED_HMDB51_FEATURES/climb_stairs_Braune_Stiefel_brown_boots_hot_high_heels_Treppen_steigen_Down-_and_upstairs_climb_stairs_l_cm_np1_ri_med_3.pt,climb_stairs,6
/data/dev/projects/ai/Trackey/trackey/research/EXTRACTED_HMDB51_FEATURES/climb_stairs_Braune_Stiefel_brown_boots_hot_high_heels_Treppen_steigen_Down-_and_upstairs_climb_stairs_l_cm_np1_ri_med_4.pt,climb_stairs,6
/data/dev/projects/ai/Trackey/trackey/research/EXTRACTED_HMDB51_FEATURES/climb_stairs_Bruno_Walks_up_Stairs_-_Chicago_Dog_Training_-_We_can_teach_ANYTHING_to_a_dog!!!!_climb_stairs_f_cm_np1_fr_med_0.pt,climb_stairs,6
/data/dev/projects/ai/Trackey/trackey/research/EXTRACTED_HMDB51_FEATURES/climb_stairs_Bruno_Walks_up_Stairs_-_Chicago_Dog_Training_-_We_can_teach_ANYTHING_to_a_dog!!!!_climb_stairs_f_cm_np1_fr_med_1.pt,climb_stairs,6
/data/dev/projects/ai/Trackey/trackey/research/EXTRACTED_HMDB51_FEATURES/climb_stairs_Bruno_Walks_up_Stairs_-_Chicago_Dog_Training_-_We_can_teach_ANYTHING_to_a_dog!!!!_climb_stairs_f_cm_np1_fr_med_2.pt,climb_stairs,6
/data/dev/projects/ai/Trackey/trackey/research/EXTRACTED_HMDB51_FEATURES/climb_stairs_Dummer_Junge_kann_nicht_Treppen_steigen_climb_stairs_f_cm_np1_fr_bad_0.pt,climb_stairs,6
/data/dev/projects/ai/Trackey/trackey/research/EXTRACTED_HMDB51_FEATURES/climb_stairs_Empire_State_Building_Run-Up_climb_stairs_f_cm_np1_ba_med_1.pt,climb_stairs,6
/data/dev/projects/ai/Trackey/trackey/research/EXTRACTED_HMDB51_FEATURES/climb_stairs_Empire_State_Building_Run-Up_climb_stairs_f_cm_np1_ba_med_3.pt,climb_stairs,6
/data/dev/projects/ai/Trackey/trackey/research/EXTRACTED_HMDB51_FEATURES/climb_stairs_Empire_State_Building_Run-Up_climb_stairs_f_cm_np1_fr_med_0.pt,climb_stairs,6
/data/dev/projects/ai/Trackey/trackey/research/EXTRACTED_HMDB51_FEATURES/climb_stairs_Empire_State_Building_Run-Up_climb_stairs_f_cm_np2_ba_med_2.pt,climb_stairs,6
/data/dev/projects/ai/Trackey/trackey/research/EXTRACTED_HMDB51_FEATURES/climb_stairs_Fellowship_6_climb_stairs_f_cm_np1_ba_med_3.pt,climb_stairs,6
/data/dev/projects/ai/Trackey/trackey/research/EXTRACTED_HMDB51_FEATURES/climb_stairs_Fellowship_6_climb_stairs_f_nm_np1_ba_bad_4.pt,climb_stairs,6
/data/dev/projects/ai/Trackey/trackey/research/EXTRACTED_HMDB51_FEATURES/climb_stairs_Finding_Forrester_1_climb_stairs_u_cm_np1_fr_med_7.pt,climb_stairs,6
/data/dev/projects/ai/Trackey/trackey/research/EXTRACTED_HMDB51_FEATURES/climb_stairs_GuardiansOfO256kb_climb_stairs_f_cm_np1_ba_med_0.pt,climb_stairs,6
/data/dev/projects/ai/Trackey/trackey/research/EXTRACTED_HMDB51_FEATURES/climb_stairs_H_I_I_T__Swamis_stairs_with_Max_Wettstein_featuring_Donna_Wettstein_climb_stairs_f_cm_np1_ba_med_4.pt,climb_stairs,6
/data/dev/projects/ai/Trackey/trackey/research/EXTRACTED_HMDB51_FEATURES/climb_stairs_H_I_I_T__Swamis_stairs_with_Max_Wettstein_featuring_Donna_Wettstein_climb_stairs_f_cm_np1_ba_med_5.pt,climb_stairs,6
/data/dev/projects/ai/Trackey/trackey/research/EXTRACTED_HMDB51_FEATURES/climb_stairs_H_I_I_T__Swamis_stairs_with_Max_Wettstein_featuring_Donna_Wettstein_climb_stairs_f_cm_np1_ba_med_6.pt,climb_stairs,6
/data/dev/projects/ai/Trackey/trackey/research/EXTRACTED_HMDB51_FEATURES/climb_stairs_H_I_I_T__Swamis_stairs_with_Max_Wettstein_featuring_Donna_Wettstein_climb_stairs_f_cm_np1_ba_med_7.pt,climb_stairs,6
/data/dev/projects/ai/Trackey/trackey/research/EXTRACTED_HMDB51_FEATURES/climb_stairs_H_I_I_T__Swamis_stairs_with_Max_Wettstein_featuring_Donna_Wettstein_climb_stairs_f_cm_np1_ba_med_9.pt,climb_stairs,6
/data/dev/projects/ai/Trackey/trackey/research/EXTRACTED_HMDB51_FEATURES/climb_stairs_H_I_I_T__Swamis_stairs_with_Max_Wettstein_featuring_Donna_Wettstein_climb_stairs_f_cm_np1_fr_med_8.pt,climb_stairs,6
/data/dev/projects/ai/Trackey/trackey/research/EXTRACTED_HMDB51_FEATURES/climb_stairs_H_I_I_T__Swamis_stairs_with_Max_Wettstein_featuring_Donna_Wettstein_climb_stairs_f_cm_np2_ba_med_0.pt,climb_stairs,6
/data/dev/projects/ai/Trackey/trackey/research/EXTRACTED_HMDB51_FEATURES/climb_stairs_H_I_I_T__Swamis_stairs_with_Max_Wettstein_featuring_Donna_Wettstein_climb_stairs_f_cm_np3_ba_med_1.pt,climb_stairs,6
/data/dev/projects/ai/Trackey/trackey/research/EXTRACTED_HMDB51_FEATURES/climb_stairs_H_I_I_T__Swamis_stairs_with_Max_Wettstein_featuring_Donna_Wettstein_climb_stairs_f_cm_np3_ba_med_2.pt,climb_stairs,6
/data/dev/projects/ai/Trackey/trackey/research/EXTRACTED_HMDB51_FEATURES/climb_stairs_H_I_I_T__Swamis_stairs_with_Max_Wettstein_featuring_Donna_Wettstein_climb_stairs_f_cm_np3_ba_med_3.pt,climb_stairs,6
/data/dev/projects/ai/Trackey/trackey/research/EXTRACTED_HMDB51_FEATURES/climb_stairs_How_to_Exercise_Outdoors_-_Outdoor_Step_Running_Exercises_climb_stairs_f_cm_np1_fr_med_1.pt,climb_stairs,6
/data/dev/projects/ai/Trackey/trackey/research/EXTRACTED_HMDB51_FEATURES/climb_stairs_How_to_Exercise_Outdoors_-_Outdoor_Step_Running_Exercises_climb_stairs_f_nm_np1_fr_med_0.pt,climb_stairs,6
/data/dev/projects/ai/Trackey/trackey/research/EXTRACTED_HMDB51_FEATURES/climb_stairs_How_to_walk_in_high_heels_stilettos_up_and_down_stairs_climb_stairs_l_cm_np2_ri_med_0.pt,climb_stairs,6
/data/dev/projects/ai/Trackey/trackey/research/EXTRACTED_HMDB51_FEATURES/climb_stairs_I_DO_NOT_Run_Up_Stairs_Like_A_GIRL_climb_stairs_l_cm_np1_ba_med_0.pt,climb_stairs,6
/data/dev/projects/ai/Trackey/trackey/research/EXTRACTED_HMDB51_FEATURES/climb_stairs_I_DO_NOT_Run_Up_Stairs_Like_A_GIRL_climb_stairs_l_cm_np1_ba_med_1.pt,climb_stairs,6
/data/dev/projects/ai/Trackey/trackey/research/EXTRACTED_HMDB51_FEATURES/climb_stairs_I_DO_NOT_Run_Up_Stairs_Like_A_GIRL_climb_stairs_l_cm_np1_ba_med_2.pt,climb_stairs,6
/data/dev/projects/ai/Trackey/trackey/research/EXTRACTED_HMDB51_FEATURES/climb_stairs_I_DO_NOT_Run_Up_Stairs_Like_A_GIRL_climb_stairs_l_cm_np1_ba_med_3.pt,climb_stairs,6
/data/dev/projects/ai/Trackey/trackey/research/EXTRACTED_HMDB51_FEATURES/climb_stairs_I_DO_NOT_Run_Up_Stairs_Like_A_GIRL_climb_stairs_l_cm_np1_ba_med_4.pt,climb_stairs,6
/data/dev/projects/ai/Trackey/trackey/research/EXTRACTED_HMDB51_FEATURES/climb_stairs_I_DO_NOT_Run_Up_Stairs_Like_A_GIRL_climb_stairs_l_cm_np1_ba_med_5.pt,climb_stairs,6
/data/dev/projects/ai/Trackey/trackey/research/EXTRACTED_HMDB51_FEATURES/climb_stairs_Increase_stride_length_by_running_stairs__working_step_over_action_speed_development_climb_stairs_f_cm_np1_le_med_0.pt,climb_stairs,6
/data/dev/projects/ai/Trackey/trackey/research/EXTRACTED_HMDB51_FEATURES/climb_stairs_Increase_stride_length_by_running_stairs__working_step_over_action_speed_development_climb_stairs_f_cm_np1_le_med_1.pt,climb_stairs,6
/data/dev/projects/ai/Trackey/trackey/research/EXTRACTED_HMDB51_FEATURES/climb_stairs_Increase_stride_length_by_running_stairs__working_step_over_action_speed_development_climb_stairs_f_cm_np1_le_med_2.pt,climb_stairs,6
/data/dev/projects/ai/Trackey/trackey/research/EXTRACTED_HMDB51_FEATURES/climb_stairs_Intense_Cardio_Session-_Stairs_climb_stairs_f_cm_np1_ba_med_0.pt,climb_stairs,6
/data/dev/projects/ai/Trackey/trackey/research/EXTRACTED_HMDB51_FEATURES/climb_stairs_Intense_Cardio_Session-_Stairs_climb_stairs_f_cm_np1_ba_med_1.pt,climb_stairs,6
/data/dev/projects/ai/Trackey/trackey/research/EXTRACTED_HMDB51_FEATURES/climb_stairs_Intense_Cardio_Session-_Stairs_climb_stairs_f_cm_np1_ba_med_2.pt,climb_stairs,6
/data/dev/projects/ai/Trackey/trackey/research/EXTRACTED_HMDB51_FEATURES/climb_stairs_Jerry_Lewis_Cinderfella_dance_climb_stairs_f_nm_np1_fr_bad_0.pt,climb_stairs,6
/data/dev/projects/ai/Trackey/trackey/research/EXTRACTED_HMDB51_FEATURES/climb_stairs_Jerry_Lewis_Cinderfella_dance_climb_stairs_f_nm_np1_fr_bad_1.pt,climb_stairs,6
/data/dev/projects/ai/Trackey/trackey/research/EXTRACTED_HMDB51_FEATURES/climb_stairs_Jerry_Lewis_Cinderfella_dance_climb_stairs_f_nm_np1_fr_med_2.pt,climb_stairs,6
/data/dev/projects/ai/Trackey/trackey/research/EXTRACTED_HMDB51_FEATURES/climb_stairs_Just_Say_NO_to_AQUA_DOTS!_climb_stairs_l_nm_np1_ba_med_0.pt,climb_stairs,6
/data/dev/projects/ai/Trackey/trackey/research/EXTRACTED_HMDB51_FEATURES/climb_stairs_Micah_Lacerte_Running_Stairs___Great_cardio_for_fat_loss_climb_stairs_f_cm_np1_ba_med_3.pt,climb_stairs,6
/data/dev/projects/ai/Trackey/trackey/research/EXTRACTED_HMDB51_FEATURES/climb_stairs_Micah_Lacerte_Running_Stairs___Great_cardio_for_fat_loss_climb_stairs_f_cm_np1_ba_med_4.pt,climb_stairs,6
/data/dev/projects/ai/Trackey/trackey/research/EXTRACTED_HMDB51_FEATURES/climb_stairs_Micah_Lacerte_Running_Stairs___Great_cardio_for_fat_loss_climb_stairs_f_cm_np1_ba_med_5.pt,climb_stairs,6
/data/dev/projects/ai/Trackey/trackey/research/EXTRACTED_HMDB51_FEATURES/climb_stairs_Micah_Lacerte_Running_Stairs___Great_cardio_for_fat_loss_climb_stairs_f_cm_np1_fr_med_0.pt,climb_stairs,6
/data/dev/projects/ai/Trackey/trackey/research/EXTRACTED_HMDB51_FEATURES/climb_stairs_Micah_Lacerte_Running_Stairs___Great_cardio_for_fat_loss_climb_stairs_f_cm_np1_fr_med_1.pt,climb_stairs,6
/data/dev/projects/ai/Trackey/trackey/research/EXTRACTED_HMDB51_FEATURES/climb_stairs_Micah_Lacerte_Running_Stairs___Great_cardio_for_fat_loss_climb_stairs_f_cm_np1_fr_med_2.pt,climb_stairs,6
/data/dev/projects/ai/Trackey/trackey/research/EXTRACTED_HMDB51_FEATURES/climb_stairs_Narcotic1967256kb_climb_stairs_f_nm_np1_ba_med_0.pt,climb_stairs,6
/data/dev/projects/ai/Trackey/trackey/research/EXTRACTED_HMDB51_FEATURES/climb_stairs_Outdoor_Agility_Training_-_Outdoor_Stair_Run_Drill_for_Agility_climb_stairs_f_cm_np1_ba_med_0.pt,climb_stairs,6
/data/dev/projects/ai/Trackey/trackey/research/EXTRACTED_HMDB51_FEATURES/climb_stairs_Outdoor_Agility_Training_-_Outdoor_Stair_Run_Drill_for_Agility_climb_stairs_f_cm_np1_ba_med_1.pt,climb_stairs,6
/data/dev/projects/ai/Trackey/trackey/research/EXTRACTED_HMDB51_FEATURES/climb_stairs_Outdoor_Agility_Training_-_Outdoor_Stair_Run_Drill_for_Agility_climb_stairs_f_cm_np1_ba_med_2.pt,climb_stairs,6
/data/dev/projects/ai/Trackey/trackey/research/EXTRACTED_HMDB51_FEATURES/climb_stairs_Piano_stairs__-_TheFunTheory_com_-_Rolighetsteorin_se_climb_stairs_f_cm_np2_fr_med_5.pt,climb_stairs,6
/data/dev/projects/ai/Trackey/trackey/research/EXTRACTED_HMDB51_FEATURES/climb_stairs_Piano_stairs__-_TheFunTheory_com_-_Rolighetsteorin_se_climb_stairs_f_nm_np1_ba_med_0.pt,climb_stairs,6
/data/dev/projects/ai/Trackey/trackey/research/EXTRACTED_HMDB51_FEATURES/climb_stairs_Piano_stairs__-_TheFunTheory_com_-_Rolighetsteorin_se_climb_stairs_f_nm_np2_ba_med_1.pt,climb_stairs,6
/data/dev/projects/ai/Trackey/trackey/research/EXTRACTED_HMDB51_FEATURES/climb_stairs_Piano_stairs__-_TheFunTheory_com_-_Rolighetsteorin_se_climb_stairs_f_nm_np2_ba_med_3.pt,climb_stairs,6
/data/dev/projects/ai/Trackey/trackey/research/EXTRACTED_HMDB51_FEATURES/climb_stairs_Piano_stairs__-_TheFunTheory_com_-_Rolighetsteorin_se_climb_stairs_f_nm_np2_ba_med_6.pt,climb_stairs,6
/data/dev/projects/ai/Trackey/trackey/research/EXTRACTED_HMDB51_FEATURES/climb_stairs_Piano_stairs__-_TheFunTheory_com_-_Rolighetsteorin_se_climb_stairs_f_nm_np2_fr_med_4.pt,climb_stairs,6
/data/dev/projects/ai/Trackey/trackey/research/EXTRACTED_HMDB51_FEATURES/climb_stairs_Piano_stairs__-_TheFunTheory_com_-_Rolighetsteorin_se_climb_stairs_f_nm_np3_ba_med_2.pt,climb_stairs,6
/data/dev/projects/ai/Trackey/trackey/research/EXTRACTED_HMDB51_FEATURES/climb_stairs_Piano_stairs__-_TheFunTheory_com_-_Rolighetsteorin_se_climb_stairs_f_nm_np3_ba_med_7.pt,climb_stairs,6
/data/dev/projects/ai/Trackey/trackey/research/EXTRACTED_HMDB51_FEATURES/climb_stairs_Piano_stairs__-_TheFunTheory_com_-_Rolighetsteorin_se_climb_stairs_l_cm_np1_ba_med_8.pt,climb_stairs,6
/data/dev/projects/ai/Trackey/trackey/research/EXTRACTED_HMDB51_FEATURES/climb_stairs_Return_of_the_King_4_climb_stairs_f_cm_np1_ba_bad_6.pt,climb_stairs,6
/data/dev/projects/ai/Trackey/trackey/research/EXTRACTED_HMDB51_FEATURES/climb_stairs_Running_Up_Stairs_climb_stairs_l_nm_np1_ba_med_0.pt,climb_stairs,6
/data/dev/projects/ai/Trackey/trackey/research/EXTRACTED_HMDB51_FEATURES/climb_stairs_Running_Up_Stairs_climb_stairs_l_nm_np1_ba_med_1.pt,climb_stairs,6
/data/dev/projects/ai/Trackey/trackey/research/EXTRACTED_HMDB51_FEATURES/climb_stairs_Running_Up_Stairs_climb_stairs_l_nm_np1_ba_med_2.pt,climb_stairs,6
/data/dev/projects/ai/Trackey/trackey/research/EXTRACTED_HMDB51_FEATURES/climb_stairs_Running_Up_Stairs_climb_stairs_l_nm_np1_ba_med_3.pt,climb_stairs,6
/data/dev/projects/ai/Trackey/trackey/research/EXTRACTED_HMDB51_FEATURES/climb_stairs_Sports_Training_-_Speed_Workouts_-_Stair_Running_climb_stairs_f_nm_np1_ba_med_0.pt,climb_stairs,6
/data/dev/projects/ai/Trackey/trackey/research/EXTRACTED_HMDB51_FEATURES/climb_stairs_Sports_Training_-_Speed_Workouts_-_Stair_Running_climb_stairs_f_nm_np1_ba_med_1.pt,climb_stairs,6
/data/dev/projects/ai/Trackey/trackey/research/EXTRACTED_HMDB51_FEATURES/climb_stairs_Sports_Training_-_Speed_Workouts_-_Stair_Running_climb_stairs_f_nm_np1_ba_med_2.pt,climb_stairs,6
/data/dev/projects/ai/Trackey/trackey/research/EXTRACTED_HMDB51_FEATURES/climb_stairs_Stadium_Plyometric_Workout_climb_stairs_l_cm_np1_ba_med_3.pt,climb_stairs,6
/data/dev/projects/ai/Trackey/trackey/research/EXTRACTED_HMDB51_FEATURES/climb_stairs_Stadium_Plyometric_Workout_climb_stairs_l_cm_np1_ba_med_4.pt,climb_stairs,6
/data/dev/projects/ai/Trackey/trackey/research/EXTRACTED_HMDB51_FEATURES/climb_stairs_Stadium_Plyometric_Workout_climb_stairs_l_cm_np1_ri_med_0.pt,climb_stairs,6
/data/dev/projects/ai/Trackey/trackey/research/EXTRACTED_HMDB51_FEATURES/climb_stairs_Stadium_Plyometric_Workout_climb_stairs_l_cm_np1_ri_med_1.pt,climb_stairs,6
/data/dev/projects/ai/Trackey/trackey/research/EXTRACTED_HMDB51_FEATURES/climb_stairs_Stadium_Plyometric_Workout_climb_stairs_l_cm_np1_ri_med_2.pt,climb_stairs,6
/data/dev/projects/ai/Trackey/trackey/research/EXTRACTED_HMDB51_FEATURES/climb_stairs_Stairs_to_Perpetual_Youth_and_Longevity___Taishan_(Mount_Tai)_climb_stairs_f_cm_np1_fr_med_1.pt,climb_stairs,6
/data/dev/projects/ai/Trackey/trackey/research/EXTRACTED_HMDB51_FEATURES/climb_stairs_Stairs_to_Perpetual_Youth_and_Longevity___Taishan_(Mount_Tai)_climb_stairs_f_nm_np3_ba_med_0.pt,climb_stairs,6
/data/dev/projects/ai/Trackey/trackey/research/EXTRACTED_HMDB51_FEATURES/climb_stairs_Stairway_to_fitness_climb_stairs_f_nm_np1_fr_med_0.pt,climb_stairs,6
/data/dev/projects/ai/Trackey/trackey/research/EXTRACTED_HMDB51_FEATURES/climb_stairs_Stairway_to_fitness_climb_stairs_f_nm_np1_fr_med_1.pt,climb_stairs,6
/data/dev/projects/ai/Trackey/trackey/research/EXTRACTED_HMDB51_FEATURES/climb_stairs_TheBoondockSaints_climb_stairs_f_cm_np3_ba_med_125.pt,climb_stairs,6
/data/dev/projects/ai/Trackey/trackey/research/EXTRACTED_HMDB51_FEATURES/climb_stairs_TheBoondockSaints_climb_stairs_u_cm_np2_ba_med_30.pt,climb_stairs,6
/data/dev/projects/ai/Trackey/trackey/research/EXTRACTED_HMDB51_FEATURES/climb_stairs_TheLastManOnearth_climb_stairs_f_cm_np1_ba_med_33.pt,climb_stairs,6
/data/dev/projects/ai/Trackey/trackey/research/EXTRACTED_HMDB51_FEATURES/climb_stairs_TheLastManOnearth_climb_stairs_f_nm_np1_ba_med_56.pt,climb_stairs,6
/data/dev/projects/ai/Trackey/trackey/research/EXTRACTED_HMDB51_FEATURES/climb_stairs_The_Avengers__Ralph_Fiennes__fencing_scene_climb_stairs_u_nm_np2_ri_med_0.pt,climb_stairs,6
/data/dev/projects/ai/Trackey/trackey/research/EXTRACTED_HMDB51_FEATURES/climb_stairs_Treppen_steigen_climb_stairs_f_cm_np1_ba_bad_3.pt,climb_stairs,6
/data/dev/projects/ai/Trackey/trackey/research/EXTRACTED_HMDB51_FEATURES/climb_stairs_Treppen_steigen_climb_stairs_f_cm_np1_ba_bad_4.pt,climb_stairs,6
/data/dev/projects/ai/Trackey/trackey/research/EXTRACTED_HMDB51_FEATURES/climb_stairs_Treppen_steigen_climb_stairs_f_cm_np1_ba_bad_5.pt,climb_stairs,6
/data/dev/projects/ai/Trackey/trackey/research/EXTRACTED_HMDB51_FEATURES/climb_stairs_Treppen_steigen_climb_stairs_f_cm_np1_le_bad_6.pt,climb_stairs,6
/data/dev/projects/ai/Trackey/trackey/research/EXTRACTED_HMDB51_FEATURES/climb_stairs_Treppen_steigen_climb_stairs_f_cm_np1_le_bad_7.pt,climb_stairs,6
/data/dev/projects/ai/Trackey/trackey/research/EXTRACTED_HMDB51_FEATURES/climb_stairs_Treppen_steigen_climb_stairs_f_cm_np1_le_bad_8.pt,climb_stairs,6
/data/dev/projects/ai/Trackey/trackey/research/EXTRACTED_HMDB51_FEATURES/climb_stairs_Treppen_steigen_climb_stairs_f_cm_np1_ri_bad_0.pt,climb_stairs,6
/data/dev/projects/ai/Trackey/trackey/research/EXTRACTED_HMDB51_FEATURES/climb_stairs_Treppen_steigen_climb_stairs_f_cm_np1_ri_bad_1.pt,climb_stairs,6
/data/dev/projects/ai/Trackey/trackey/research/EXTRACTED_HMDB51_FEATURES/climb_stairs_Treppen_steigen_climb_stairs_f_cm_np1_ri_bad_2.pt,climb_stairs,6
/data/dev/projects/ai/Trackey/trackey/research/EXTRACTED_HMDB51_FEATURES/climb_stairs_Treppensteigen_climb_stairs_l_cm_np1_ba_med_0.pt,climb_stairs,6
/data/dev/projects/ai/Trackey/trackey/research/EXTRACTED_HMDB51_FEATURES/climb_stairs_Treppensteigen_climb_stairs_l_cm_np1_ba_med_1.pt,climb_stairs,6
/data/dev/projects/ai/Trackey/trackey/research/EXTRACTED_HMDB51_FEATURES/climb_stairs_Walking_up_the_stairs_climb_stairs_l_cm_np1_ba_med_0.pt,climb_stairs,6
/data/dev/projects/ai/Trackey/trackey/research/EXTRACTED_HMDB51_FEATURES/climb_stairs_Walking_up_the_stairs_climb_stairs_l_cm_np1_ba_med_1.pt,climb_stairs,6
/data/dev/projects/ai/Trackey/trackey/research/EXTRACTED_HMDB51_FEATURES/climb_stairs_Walking_up_the_stairs_climb_stairs_l_cm_np1_ba_med_2.pt,climb_stairs,6
/data/dev/projects/ai/Trackey/trackey/research/EXTRACTED_HMDB51_FEATURES/climb_stairs_szenephoto_-_stevemachine_beim_treppensteigen_-_feuer_bung_climb_stairs_f_cm_np1_ba_bad_0.pt,climb_stairs,6
/data/dev/projects/ai/Trackey/trackey/research/EXTRACTED_HMDB51_FEATURES/climb_stairs_treppensteigen_1_climb_stairs_f_cm_np2_fr_med_0.pt,climb_stairs,6
/data/dev/projects/ai/Trackey/trackey/research/EXTRACTED_HMDB51_FEATURES/climb_stairs_treppensteigen_1_climb_stairs_f_cm_np2_fr_med_1.pt,climb_stairs,6
/data/dev/projects/ai/Trackey/trackey/research/EXTRACTED_HMDB51_FEATURES/climb_stairs_treppensteigen_1_climb_stairs_f_cm_np2_fr_med_2.pt,climb_stairs,6
/data/dev/projects/ai/Trackey/trackey/research/EXTRACTED_HMDB51_FEATURES/dive_50_FIRST_DATES_dive_f_cm_np1_ri_bad_32.pt,dive,7
/data/dev/projects/ai/Trackey/trackey/research/EXTRACTED_HMDB51_FEATURES/dive_50_FIRST_DATES_dive_f_cm_np1_ri_bad_35.pt,dive,7
/data/dev/projects/ai/Trackey/trackey/research/EXTRACTED_HMDB51_FEATURES/dive_96_Meter_Bungy-Jump__Jauntal_02_dive_f_cm_np1_ri_bad_0.pt,dive,7
/data/dev/projects/ai/Trackey/trackey/research/EXTRACTED_HMDB51_FEATURES/dive_96_Meter_Bungy-Jump__Jauntal_03_dive_f_cm_np1_ri_bad_0.pt,dive,7
/data/dev/projects/ai/Trackey/trackey/research/EXTRACTED_HMDB51_FEATURES/dive_BASE_JUMPING_COMPILATION_PART_3_AMAZING!!!!!!!_dive_f_cm_np1_fr_bad_4.pt,dive,7
/data/dev/projects/ai/Trackey/trackey/research/EXTRACTED_HMDB51_FEATURES/dive_BASE_JUMPING_COMPILATION_PART_3_AMAZING!!!!!!!_dive_f_cm_np1_fr_bad_5.pt,dive,7
/data/dev/projects/ai/Trackey/trackey/research/EXTRACTED_HMDB51_FEATURES/dive_BASE_JUMPING_COMPILATION_PART_3_AMAZING!!!!!!!_dive_f_cm_np1_le_bad_0.pt,dive,7
/data/dev/projects/ai/Trackey/trackey/research/EXTRACTED_HMDB51_FEATURES/dive_BASE_JUMPING_COMPILATION_PART_3_AMAZING!!!!!!!_dive_f_cm_np1_ri_bad_1.pt,dive,7
/data/dev/projects/ai/Trackey/trackey/research/EXTRACTED_HMDB51_FEATURES/dive_BASE_JUMPING_COMPILATION_PART_3_AMAZING!!!!!!!_dive_f_cm_np3_ri_bad_2.pt,dive,7
/data/dev/projects/ai/Trackey/trackey/research/EXTRACTED_HMDB51_FEATURES/dive_BASE_JUMPING_COMPILATION_PART_3_AMAZING!!!!!!!_dive_u_cm_np1_fr_bad_3.pt,dive,7
/data/dev/projects/ai/Trackey/trackey/research/EXTRACTED_HMDB51_FEATURES/dive_BASE_Jumping_Compilation_-_Brilliant_dive_f_cm_np1_le_bad_0.pt,dive,7
/data/dev/projects/ai/Trackey/trackey/research/EXTRACTED_HMDB51_FEATURES/dive_BASE_Jumping_Compilation_-_Brilliant_dive_f_cm_np1_le_bad_1.pt,dive,7
/data/dev/projects/ai/Trackey/trackey/research/EXTRACTED_HMDB51_FEATURES/dive_BASE_Jumping_Compilation_-_Brilliant_dive_f_cm_np1_le_bad_3.pt,dive,7
/data/dev/projects/ai/Trackey/trackey/research/EXTRACTED_HMDB51_FEATURES/dive_BASE_Jumping_Compilation_-_Brilliant_dive_f_cm_np1_ri_bad_8.pt,dive,7
/data/dev/projects/ai/Trackey/trackey/research/EXTRACTED_HMDB51_FEATURES/dive_BASE_Jumping_Compilation_-_Brilliant_dive_f_cm_np2_le_bad_5.pt,dive,7
/data/dev/projects/ai/Trackey/trackey/research/EXTRACTED_HMDB51_FEATURES/dive_BASE_Jumping_Compilation_-_Brilliant_dive_l_cm_np1_ba_bad_2.pt,dive,7
/data/dev/projects/ai/Trackey/trackey/research/EXTRACTED_HMDB51_FEATURES/dive_BASE_Jumping_Compilation_-_Brilliant_dive_u_cm_np1_ba_bad_4.pt,dive,7
/data/dev/projects/ai/Trackey/trackey/research/EXTRACTED_HMDB51_FEATURES/dive_BASE_Jumping_Compilation_-_Brilliant_dive_u_cm_np1_ba_bad_7.pt,dive,7
/data/dev/projects/ai/Trackey/trackey/research/EXTRACTED_HMDB51_FEATURES/dive_BASE_Jumping_Compilation_-_Brilliant_dive_u_cm_np1_ri_bad_6.pt,dive,7
/data/dev/projects/ai/Trackey/trackey/research/EXTRACTED_HMDB51_FEATURES/dive_BATMAN_BEGINS_dive_f_cm_np1_fr_bad_17.pt,dive,7
/data/dev/projects/ai/Trackey/trackey/research/EXTRACTED_HMDB51_FEATURES/dive_Basejumping_Compilation_Part_3_dive_f_cm_np1_le_bad_0.pt,dive,7
/data/dev/projects/ai/Trackey/trackey/research/EXTRACTED_HMDB51_FEATURES/dive_BeforeNightFalls_dive_f_cm_np1_ri_bad_1.pt,dive,7
/data/dev/projects/ai/Trackey/trackey/research/EXTRACTED_HMDB51_FEATURES/dive_Bridge_diving_in_Mostar_dive_f_cm_np1_fr_bad_1.pt,dive,7
/data/dev/projects/ai/Trackey/trackey/research/EXTRACTED_HMDB51_FEATURES/dive_Bridge_diving_in_Mostar_dive_f_cm_np1_le_bad_2.pt,dive,7
/data/dev/projects/ai/Trackey/trackey/research/EXTRACTED_HMDB51_FEATURES/dive_Bridge_diving_in_Mostar_dive_f_cm_np1_ri_bad_0.pt,dive,7
/data/dev/projects/ai/Trackey/trackey/research/EXTRACTED_HMDB51_FEATURES/dive_Bridge_diving_in_Mostar_dive_f_cm_np1_ri_bad_3.pt,dive,7
/data/dev/projects/ai/Trackey/trackey/research/EXTRACTED_HMDB51_FEATURES/dive_Bridge_diving_in_Mostar_dive_f_cm_np2_fr_bad_4.pt,dive,7
/data/dev/projects/ai/Trackey/trackey/research/EXTRACTED_HMDB51_FEATURES/dive_Bungee_Jump_-_Shit_dive_u_cm_np1_ba_bad_0.pt,dive,7
/data/dev/projects/ai/Trackey/trackey/research/EXTRACTED_HMDB51_FEATURES/dive_Bungee_Jumping_Europabr_cke_192m_dive_f_cm_np1_le_bad_3.pt,dive,7
/data/dev/projects/ai/Trackey/trackey/research/EXTRACTED_HMDB51_FEATURES/dive_Bungee_Jumping_Europabr_cke_192m_dive_f_cm_np1_ri_bad_0.pt,dive,7
/data/dev/projects/ai/Trackey/trackey/research/EXTRACTED_HMDB51_FEATURES/dive_Bungee_Jumping_Europabr_cke_192m_dive_f_cm_np1_ri_bad_1.pt,dive,7
/data/dev/projects/ai/Trackey/trackey/research/EXTRACTED_HMDB51_FEATURES/dive_Bungee_Jumping_Europabr_cke_192m_dive_f_cm_np1_ri_bad_2.pt,dive,7
/data/dev/projects/ai/Trackey/trackey/research/EXTRACTED_HMDB51_FEATURES/dive_Bungee_Jumping_Europabr_cke_192m_dive_f_cm_np1_ri_bad_4.pt,dive,7
/data/dev/projects/ai/Trackey/trackey/research/EXTRACTED_HMDB51_FEATURES/dive_Bungee_Jumping_Europabr_cke_192m_dive_f_cm_np1_ri_bad_5.pt,dive,7
/data/dev/projects/ai/Trackey/trackey/research/EXTRACTED_HMDB51_FEATURES/dive_Bungee_Jumping_in_Switzerland_-_Compilation_Part_1_dive_f_cm_np1_fr_bad_0.pt,dive,7
/data/dev/projects/ai/Trackey/trackey/research/EXTRACTED_HMDB51_FEATURES/dive_Bungee_Jumping_in_Switzerland_-_Compilation_Part_1_dive_f_cm_np1_fr_bad_1.pt,dive,7
/data/dev/projects/ai/Trackey/trackey/research/EXTRACTED_HMDB51_FEATURES/dive_Bungee_Jumping_in_Switzerland_-__Compilation_Part_2_dive_f_cm_np1_fr_bad_0.pt,dive,7
/data/dev/projects/ai/Trackey/trackey/research/EXTRACTED_HMDB51_FEATURES/dive_Bungee_Jumping_in_Switzerland_-__Compilation_Part_2_dive_f_cm_np1_fr_bad_1.pt,dive,7
/data/dev/projects/ai/Trackey/trackey/research/EXTRACTED_HMDB51_FEATURES/dive_Bungee_Jumping_in_Switzerland_-__Compilation_Part_2_dive_f_cm_np1_fr_bad_2.pt,dive,7
/data/dev/projects/ai/Trackey/trackey/research/EXTRACTED_HMDB51_FEATURES/dive_BungyjumpingAJHackettNewZealand_dive_f_cm_np1_ba_bad_2.pt,dive,7
/data/dev/projects/ai/Trackey/trackey/research/EXTRACTED_HMDB51_FEATURES/dive_BungyjumpingAJHackettNewZealand_dive_f_cm_np1_ba_bad_3.pt,dive,7
/data/dev/projects/ai/Trackey/trackey/research/EXTRACTED_HMDB51_FEATURES/dive_BungyjumpingAJHackettNewZealand_dive_f_cm_np1_fr_bad_1.pt,dive,7
/data/dev/projects/ai/Trackey/trackey/research/EXTRACTED_HMDB51_FEATURES/dive_BungyjumpingAJHackettNewZealand_dive_f_cm_np1_ri_bad_0.pt,dive,7
/data/dev/projects/ai/Trackey/trackey/research/EXTRACTED_HMDB51_FEATURES/dive_Butcho_dive_f_cm_np1_fr_bad_0.pt,dive,7
/data/dev/projects/ai/Trackey/trackey/research/EXTRACTED_HMDB51_FEATURES/dive_Butcho_dive_f_cm_np1_fr_bad_1.pt,dive,7
/data/dev/projects/ai/Trackey/trackey/research/EXTRACTED_HMDB51_FEATURES/dive_Der_K_pfer_dive_f_cm_np1_le_bad_0.pt,dive,7
/data/dev/projects/ai/Trackey/trackey/research/EXTRACTED_HMDB51_FEATURES/dive_Dive_Roll_dive_f_cm_np1_le_bad_0.pt,dive,7
/data/dev/projects/ai/Trackey/trackey/research/EXTRACTED_HMDB51_FEATURES/dive_Dive_Roll_dive_f_cm_np1_le_bad_1.pt,dive,7
/data/dev/projects/ai/Trackey/trackey/research/EXTRACTED_HMDB51_FEATURES/dive_Dive_Roll_dive_u_cm_np1_fr_bad_2.pt,dive,7
/data/dev/projects/ai/Trackey/trackey/research/EXTRACTED_HMDB51_FEATURES/dive_Dive_Roll_dive_u_cm_np1_le_bad_3.pt,dive,7
/data/dev/projects/ai/Trackey/trackey/research/EXTRACTED_HMDB51_FEATURES/dive_Extreme_Cliffdiving_dive_f_cm_np1_le_bad_0.pt,dive,7
/data/dev/projects/ai/Trackey/trackey/research/EXTRACTED_HMDB51_FEATURES/dive_Extreme_Cliffdiving_dive_f_cm_np1_le_bad_1.pt,dive,7
/data/dev/projects/ai/Trackey/trackey/research/EXTRACTED_HMDB51_FEATURES/dive_Extreme_Cliffdiving_dive_f_cm_np1_le_bad_2.pt,dive,7
/data/dev/projects/ai/Trackey/trackey/research/EXTRACTED_HMDB51_FEATURES/dive_Extreme_Cliffdiving_dive_f_cm_np1_le_bad_3.pt,dive,7
/data/dev/projects/ai/Trackey/trackey/research/EXTRACTED_HMDB51_FEATURES/dive_Faith_Rewarded_dive_f_cm_np1_le_med_31.pt,dive,7
/data/dev/projects/ai/Trackey/trackey/research/EXTRACTED_HMDB51_FEATURES/dive_Fellowship_7_dive_f_cm_np1_ba_bad_0.pt,dive,7
/data/dev/projects/ai/Trackey/trackey/research/EXTRACTED_HMDB51_FEATURES/dive_France_-_K_pfer_-_3m_dive_f_cm_np1_fr_bad_0.pt,dive,7
/data/dev/projects/ai/Trackey/trackey/research/EXTRACTED_HMDB51_FEATURES/dive_GoalKeeper_Training_2_dive_f_cm_np1_ba_bad_2.pt,dive,7
/data/dev/projects/ai/Trackey/trackey/research/EXTRACTED_HMDB51_FEATURES/dive_GoalKeeper_Training_2_dive_f_cm_np1_ba_bad_4.pt,dive,7
/data/dev/projects/ai/Trackey/trackey/research/EXTRACTED_HMDB51_FEATURES/dive_GoalKeeper_Training_2_dive_f_cm_np1_ba_bad_7.pt,dive,7
/data/dev/projects/ai/Trackey/trackey/research/EXTRACTED_HMDB51_FEATURES/dive_GoalKeeper_Training_2_dive_f_cm_np1_le_bad_0.pt,dive,7
/data/dev/projects/ai/Trackey/trackey/research/EXTRACTED_HMDB51_FEATURES/dive_GoalKeeper_Training_2_dive_f_cm_np1_le_bad_10.pt,dive,7
/data/dev/projects/ai/Trackey/trackey/research/EXTRACTED_HMDB51_FEATURES/dive_GoalKeeper_Training_2_dive_f_cm_np1_le_bad_11.pt,dive,7
/data/dev/projects/ai/Trackey/trackey/research/EXTRACTED_HMDB51_FEATURES/dive_GoalKeeper_Training_2_dive_f_cm_np1_le_bad_12.pt,dive,7
/data/dev/projects/ai/Trackey/trackey/research/EXTRACTED_HMDB51_FEATURES/dive_GoalKeeper_Training_2_dive_f_cm_np1_le_bad_5.pt,dive,7
/data/dev/projects/ai/Trackey/trackey/research/EXTRACTED_HMDB51_FEATURES/dive_GoalKeeper_Training_2_dive_f_cm_np1_le_bad_8.pt,dive,7
/data/dev/projects/ai/Trackey/trackey/research/EXTRACTED_HMDB51_FEATURES/dive_GoalKeeper_Training_2_dive_f_cm_np1_ri_bad_1.pt,dive,7
/data/dev/projects/ai/Trackey/trackey/research/EXTRACTED_HMDB51_FEATURES/dive_GoalKeeper_Training_2_dive_f_cm_np1_ri_bad_3.pt,dive,7
/data/dev/projects/ai/Trackey/trackey/research/EXTRACTED_HMDB51_FEATURES/dive_GoalKeeper_Training_2_dive_f_cm_np1_ri_bad_6.pt,dive,7
/data/dev/projects/ai/Trackey/trackey/research/EXTRACTED_HMDB51_FEATURES/dive_GoalKeeper_Training_2_dive_f_cm_np1_ri_bad_9.pt,dive,7
/data/dev/projects/ai/Trackey/trackey/research/EXTRACTED_HMDB51_FEATURES/dive_Guypunchedoffroof_dive_f_cm_np1_fr_bad_0.pt,dive,7
/data/dev/projects/ai/Trackey/trackey/research/EXTRACTED_HMDB51_FEATURES/dive_HP_PRISONER_OF_AZKABAN_dive_f_cm_np1_fr_bad_28.pt,dive,7
/data/dev/projects/ai/Trackey/trackey/research/EXTRACTED_HMDB51_FEATURES/dive_Hechtsprung_1_dive_f_cm_np1_ba_bad_0.pt,dive,7
/data/dev/projects/ai/Trackey/trackey/research/EXTRACTED_HMDB51_FEATURES/dive_IamLegend_dive_f_nm_np1_fr_bad_19.pt,dive,7
/data/dev/projects/ai/Trackey/trackey/research/EXTRACTED_HMDB51_FEATURES/dive_Jeff_Bungee_Jumping_dive_f_cm_np1_fr_bad_0.pt,dive,7
/data/dev/projects/ai/Trackey/trackey/research/EXTRACTED_HMDB51_FEATURES/dive_Jeff_Bungee_Jumping_dive_f_cm_np1_fr_bad_1.pt,dive,7
/data/dev/projects/ai/Trackey/trackey/research/EXTRACTED_HMDB51_FEATURES/dive_Jeff_Bungee_Jumping_dive_f_cm_np1_ri_bad_2.pt,dive,7
/data/dev/projects/ai/Trackey/trackey/research/EXTRACTED_HMDB51_FEATURES/dive_K_pfer_Basti_dive_f_cm_np1_ba_bad_0.pt,dive,7
/data/dev/projects/ai/Trackey/trackey/research/EXTRACTED_HMDB51_FEATURES/dive_K_pfer_dive_f_cm_np1_fr_bad_0.pt,dive,7
/data/dev/projects/ai/Trackey/trackey/research/EXTRACTED_HMDB51_FEATURES/dive_K_pfer_ins_Eiswasser_trendfun_net_dive_f_cm_np1_ba_bad_0.pt,dive,7
/data/dev/projects/ai/Trackey/trackey/research/EXTRACTED_HMDB51_FEATURES/dive_K_pfer_vom_10_meter_turm_im_Freibad_Schw_bisch_Hall_dive_f_cm_np1_le_bad_0.pt,dive,7
/data/dev/projects/ai/Trackey/trackey/research/EXTRACTED_HMDB51_FEATURES/dive_K_pfer_vom_10er_dive_f_cm_np1_le_bad_0.pt,dive,7
/data/dev/projects/ai/Trackey/trackey/research/EXTRACTED_HMDB51_FEATURES/dive_K_pfer_vom_Tim_dive_f_cm_np1_ri_bad_0.pt,dive,7
/data/dev/projects/ai/Trackey/trackey/research/EXTRACTED_HMDB51_FEATURES/dive_K_pfer_von_10-Meter-Brett_dive_f_cm_np1_ri_bad_0.pt,dive,7
/data/dev/projects/ai/Trackey/trackey/research/EXTRACTED_HMDB51_FEATURES/dive_Marc_-_K_pfer_-_1m_dive_f_cm_np1_le_bad_0.pt,dive,7
/data/dev/projects/ai/Trackey/trackey/research/EXTRACTED_HMDB51_FEATURES/dive_Matze_-_Wanne_mit_Angriff_-_Butcho_K_pfer_-_1m_dive_f_cm_np1_fr_bad_0.pt,dive,7
/data/dev/projects/ai/Trackey/trackey/research/EXTRACTED_HMDB51_FEATURES/dive_Musical_Bungee_Jump_Compilation_-_Don_t_Stop_Me_Now_by_Queen_dive_f_cm_np1_le_bad_2.pt,dive,7
/data/dev/projects/ai/Trackey/trackey/research/EXTRACTED_HMDB51_FEATURES/dive_Musical_Bungee_Jump_Compilation_-_Don_t_Stop_Me_Now_by_Queen_dive_f_cm_np1_le_bad_4.pt,dive,7
/data/dev/projects/ai/Trackey/trackey/research/EXTRACTED_HMDB51_FEATURES/dive_Musical_Bungee_Jump_Compilation_-_Don_t_Stop_Me_Now_by_Queen_dive_f_cm_np1_le_bad_5.pt,dive,7
/data/dev/projects/ai/Trackey/trackey/research/EXTRACTED_HMDB51_FEATURES/dive_Musical_Bungee_Jump_Compilation_-_Don_t_Stop_Me_Now_by_Queen_dive_f_cm_np1_ri_bad_0.pt,dive,7
/data/dev/projects/ai/Trackey/trackey/research/EXTRACTED_HMDB51_FEATURES/dive_Musical_Bungee_Jump_Compilation_-_Don_t_Stop_Me_Now_by_Queen_dive_f_cm_np1_ri_bad_1.pt,dive,7
/data/dev/projects/ai/Trackey/trackey/research/EXTRACTED_HMDB51_FEATURES/dive_Musical_Bungee_Jump_Compilation_-_Don_t_Stop_Me_Now_by_Queen_dive_f_cm_np1_ri_bad_3.pt,dive,7
/data/dev/projects/ai/Trackey/trackey/research/EXTRACTED_HMDB51_FEATURES/dive_Oberstrick_-_K_pfer_-_3m_dive_f_cm_np1_le_bad_0.pt,dive,7
/data/dev/projects/ai/Trackey/trackey/research/EXTRACTED_HMDB51_FEATURES/dive_OldSchool_dive_f_cm_np2_ri_bad_15.pt,dive,7
/data/dev/projects/ai/Trackey/trackey/research/EXTRACTED_HMDB51_FEATURES/dive_Parkour_Dive_dive_f_cm_np1_le_bad_0.pt,dive,7
/data/dev/projects/ai/Trackey/trackey/research/EXTRACTED_HMDB51_FEATURES/dive_Parkour_Dive_dive_f_cm_np1_le_bad_1.pt,dive,7
/data/dev/projects/ai/Trackey/trackey/research/EXTRACTED_HMDB51_FEATURES/dive_Parkour_dive_u_cm_np1_fr_bad_0.pt,dive,7
/data/dev/projects/ai/Trackey/trackey/research/EXTRACTED_HMDB51_FEATURES/dive_Pirates_1_dive_f_cm_np1_ri_bad_8.pt,dive,7
/data/dev/projects/ai/Trackey/trackey/research/EXTRACTED_HMDB51_FEATURES/dive_Pirates_1_dive_f_nm_np1_ba_bad_7.pt,dive,7
/data/dev/projects/ai/Trackey/trackey/research/EXTRACTED_HMDB51_FEATURES/dive_Pirates_1_dive_f_nm_np1_fr_bad_3.pt,dive,7
/data/dev/projects/ai/Trackey/trackey/research/EXTRACTED_HMDB51_FEATURES/dive_Pirates_3_dive_f_cm_np1_fr_bad_2.pt,dive,7
/data/dev/projects/ai/Trackey/trackey/research/EXTRACTED_HMDB51_FEATURES/dive_Pirates_5_dive_f_cm_np1_ba_bad_0.pt,dive,7
/data/dev/projects/ai/Trackey/trackey/research/EXTRACTED_HMDB51_FEATURES/dive_Pirates_5_dive_f_cm_np1_fr_bad_6.pt,dive,7
/data/dev/projects/ai/Trackey/trackey/research/EXTRACTED_HMDB51_FEATURES/dive_Pirates_5_dive_f_cm_np1_le_bad_3.pt,dive,7
/data/dev/projects/ai/Trackey/trackey/research/EXTRACTED_HMDB51_FEATURES/dive_Pirates_5_dive_f_cm_np1_le_bad_5.pt,dive,7
/data/dev/projects/ai/Trackey/trackey/research/EXTRACTED_HMDB51_FEATURES/dive_RATRACE_dive_f_cm_np1_ba_bad_41.pt,dive,7
/data/dev/projects/ai/Trackey/trackey/research/EXTRACTED_HMDB51_FEATURES/dive_RATRACE_dive_f_cm_np1_le_bad_25.pt,dive,7
/data/dev/projects/ai/Trackey/trackey/research/EXTRACTED_HMDB51_FEATURES/dive_RETURN_OF_THE_KING_dive_f_nm_np1_ba_bad_38.pt,dive,7
/data/dev/projects/ai/Trackey/trackey/research/EXTRACTED_HMDB51_FEATURES/dive_Red_Bull_Cliff_Diving_2009_Croatia_-_Oliver_Pocher_dive_u_cm_np1_ba_bad_0.pt,dive,7
/data/dev/projects/ai/Trackey/trackey/research/EXTRACTED_HMDB51_FEATURES/dive_Return_of_the_King_1_dive_f_cm_np1_fr_bad_10.pt,dive,7
/data/dev/projects/ai/Trackey/trackey/research/EXTRACTED_HMDB51_FEATURES/dive_Return_of_the_King_1_dive_f_cm_np1_fr_bad_11.pt,dive,7
/data/dev/projects/ai/Trackey/trackey/research/EXTRACTED_HMDB51_FEATURES/dive_Splashdiving_II_dive_f_cm_np1_ri_med_0.pt,dive,7
/data/dev/projects/ai/Trackey/trackey/research/EXTRACTED_HMDB51_FEATURES/dive_Splashdiving_II_dive_f_cm_np1_ri_med_1.pt,dive,7
/data/dev/projects/ai/Trackey/trackey/research/EXTRACTED_HMDB51_FEATURES/dive_Splashdiving_II_dive_f_cm_np1_ri_med_2.pt,dive,7
/data/dev/projects/ai/Trackey/trackey/research/EXTRACTED_HMDB51_FEATURES/dive_Stadtparksee_hamburg_schwimm_k_pfer_robert_sommer_dive_f_cm_np1_ba_bad_0.pt,dive,7
/data/dev/projects/ai/Trackey/trackey/research/EXTRACTED_HMDB51_FEATURES/dive_TheBoondockSaints_dive_f_cm_np1_ba_bad_39.pt,dive,7
/data/dev/projects/ai/Trackey/trackey/research/EXTRACTED_HMDB51_FEATURES/dive_Two_Towers_6_dive_f_cm_np1_fr_bad_4.pt,dive,7
/data/dev/projects/ai/Trackey/trackey/research/EXTRACTED_HMDB51_FEATURES/dive_base_jumping_compilation_3_FMJ_dive_f_cm_np1_ba_bad_0.pt,dive,7
/data/dev/projects/ai/Trackey/trackey/research/EXTRACTED_HMDB51_FEATURES/dive_base_jumping_compilation_3_FMJ_dive_f_cm_np1_ba_bad_3.pt,dive,7
/data/dev/projects/ai/Trackey/trackey/research/EXTRACTED_HMDB51_FEATURES/dive_base_jumping_compilation_3_FMJ_dive_f_cm_np1_le_bad_1.pt,dive,7
/data/dev/projects/ai/Trackey/trackey/research/EXTRACTED_HMDB51_FEATURES/dive_base_jumping_compilation_3_FMJ_dive_f_cm_np1_ri_bad_2.pt,dive,7
/data/dev/projects/ai/Trackey/trackey/research/EXTRACTED_HMDB51_FEATURES/dive_bungee_jumping_compilation_dive_f_cm_np1_le_bad_2.pt,dive,7
/data/dev/projects/ai/Trackey/trackey/research/EXTRACTED_HMDB51_FEATURES/dive_bungee_jumping_compilation_dive_f_cm_np1_le_bad_4.pt,dive,7
/data/dev/projects/ai/Trackey/trackey/research/EXTRACTED_HMDB51_FEATURES/dive_bungee_jumping_compilation_dive_f_cm_np1_le_med_0.pt,dive,7
/data/dev/projects/ai/Trackey/trackey/research/EXTRACTED_HMDB51_FEATURES/dive_bungee_jumping_compilation_dive_f_cm_np1_ri_bad_3.pt,dive,7
/data/dev/projects/ai/Trackey/trackey/research/EXTRACTED_HMDB51_FEATURES/dive_bungee_jumping_compilation_dive_f_cm_np1_ri_med_1.pt,dive,7
/data/dev/projects/ai/Trackey/trackey/research/EXTRACTED_HMDB51_FEATURES/dive_hecht_sprung_dive_f_cm_np1_ri_bad_0.pt,dive,7
/data/dev/projects/ai/Trackey/trackey/research/EXTRACTED_HMDB51_FEATURES/draw_sword_19th_Century_Cavalry_Sabre_Draw_draw_sword_u_nm_np1_fr_bad_0.pt,draw_sword,8
/data/dev/projects/ai/Trackey/trackey/research/EXTRACTED_HMDB51_FEATURES/draw_sword_19th_Century_Cavalry_Sabre_Draw_draw_sword_u_nm_np1_fr_bad_1.pt,draw_sword,8
/data/dev/projects/ai/Trackey/trackey/research/EXTRACTED_HMDB51_FEATURES/draw_sword_A_point_about_drawing_swords_draw_sword_u_nm_np1_fr_med_0.pt,draw_sword,8
/data/dev/projects/ai/Trackey/trackey/research/EXTRACTED_HMDB51_FEATURES/draw_sword_A_point_about_drawing_swords_draw_sword_u_nm_np1_fr_med_1.pt,draw_sword,8
/data/dev/projects/ai/Trackey/trackey/research/EXTRACTED_HMDB51_FEATURES/draw_sword_A_point_about_drawing_swords_draw_sword_u_nm_np1_fr_med_2.pt,draw_sword,8
/data/dev/projects/ai/Trackey/trackey/research/EXTRACTED_HMDB51_FEATURES/draw_sword_Albion_Mercenary_Draw_Cutting_(From_the_Scabbard)_draw_sword_u_cm_np1_fr_med_0.pt,draw_sword,8
/data/dev/projects/ai/Trackey/trackey/research/EXTRACTED_HMDB51_FEATURES/draw_sword_Albion_Mercenary_Draw_Cutting_(From_the_Scabbard)_draw_sword_u_cm_np1_fr_med_1.pt,draw_sword,8
/data/dev/projects/ai/Trackey/trackey/research/EXTRACTED_HMDB51_FEATURES/draw_sword_Albion_Mercenary_Draw_Cutting_(From_the_Scabbard)_draw_sword_u_cm_np1_fr_med_2.pt,draw_sword,8
/data/dev/projects/ai/Trackey/trackey/research/EXTRACTED_HMDB51_FEATURES/draw_sword_Christian_Martial_Arts_-_Yeshua-Do_Shimmyo_Ken-Ryu_Iai-jutsu_draw_sword_f_nm_np1_fr_med_0.pt,draw_sword,8
/data/dev/projects/ai/Trackey/trackey/research/EXTRACTED_HMDB51_FEATURES/draw_sword_Cold_Steel_Scottish_Broad_Sword_draw_sword_u_cm_np1_fr_med_0.pt,draw_sword,8
/data/dev/projects/ai/Trackey/trackey/research/EXTRACTED_HMDB51_FEATURES/draw_sword_DBK_Custom_Swords_-__Swordless__ScabbardBelt_draw_sword_u_nm_np1_fr_med_0.pt,draw_sword,8
/data/dev/projects/ai/Trackey/trackey/research/EXTRACTED_HMDB51_FEATURES/draw_sword_DBK_Custom_Swords_-__Swordless__ScabbardBelt_draw_sword_u_nm_np1_fr_med_1.pt,draw_sword,8
/data/dev/projects/ai/Trackey/trackey/research/EXTRACTED_HMDB51_FEATURES/draw_sword_DBK_Custom_Swords_-__Swordless__ScabbardBelt_draw_sword_u_nm_np1_fr_med_2.pt,draw_sword,8
/data/dev/projects/ai/Trackey/trackey/research/EXTRACTED_HMDB51_FEATURES/draw_sword_Drawing_Katana_from_Back_draw_sword_u_nm_np1_fr_med_0.pt,draw_sword,8
/data/dev/projects/ai/Trackey/trackey/research/EXTRACTED_HMDB51_FEATURES/draw_sword_Drawing_and_Resheathing_the_Japanese_Sword_draw_sword_u_nm_np1_le_med_0.pt,draw_sword,8
/data/dev/projects/ai/Trackey/trackey/research/EXTRACTED_HMDB51_FEATURES/draw_sword_Drawing_and_Resheathing_the_Japanese_Sword_draw_sword_u_nm_np1_le_med_1.pt,draw_sword,8
/data/dev/projects/ai/Trackey/trackey/research/EXTRACTED_HMDB51_FEATURES/draw_sword_Drawing_and_Resheathing_the_Japanese_Sword_draw_sword_u_nm_np1_le_med_2.pt,draw_sword,8
/data/dev/projects/ai/Trackey/trackey/research/EXTRACTED_HMDB51_FEATURES/draw_sword_Eishin-Ryu_Iaido_draw_sword_f_cm_np1_fr_med_0.pt,draw_sword,8
/data/dev/projects/ai/Trackey/trackey/research/EXTRACTED_HMDB51_FEATURES/draw_sword_Eishin-Ryu_Iaido_draw_sword_f_cm_np1_fr_med_12.pt,draw_sword,8
/data/dev/projects/ai/Trackey/trackey/research/EXTRACTED_HMDB51_FEATURES/draw_sword_Eishin-Ryu_Iaido_draw_sword_f_cm_np1_fr_med_2.pt,draw_sword,8
/data/dev/projects/ai/Trackey/trackey/research/EXTRACTED_HMDB51_FEATURES/draw_sword_Eishin_Ryu_Iaido_-_Toho_Forms_draw_sword_f_cm_np1_le_med_1.pt,draw_sword,8
/data/dev/projects/ai/Trackey/trackey/research/EXTRACTED_HMDB51_FEATURES/draw_sword_Eishin_Ryu_Iaido_-_Toho_Forms_draw_sword_f_cm_np1_ri_med_0.pt,draw_sword,8
/data/dev/projects/ai/Trackey/trackey/research/EXTRACTED_HMDB51_FEATURES/draw_sword_Fight_Science_-_Shinkendo_draw_sword_f_cm_np1_fr_med_1.pt,draw_sword,8
/data/dev/projects/ai/Trackey/trackey/research/EXTRACTED_HMDB51_FEATURES/draw_sword_Fight_Science_-_Shinkendo_draw_sword_f_cm_np3_fr_med_0.pt,draw_sword,8
/data/dev/projects/ai/Trackey/trackey/research/EXTRACTED_HMDB51_FEATURES/draw_sword_IAIDO_-_Training_TV-Bericht_10_2008_draw_sword_f_cm_np1_le_med_1.pt,draw_sword,8
/data/dev/projects/ai/Trackey/trackey/research/EXTRACTED_HMDB51_FEATURES/draw_sword_IAIDO_-_Training_TV-Bericht_10_2008_draw_sword_f_cm_np4_le_med_3.pt,draw_sword,8
/data/dev/projects/ai/Trackey/trackey/research/EXTRACTED_HMDB51_FEATURES/draw_sword_IAIDO_-_Training_TV-Bericht_10_2008_draw_sword_u_nm_np1_fr_med_0.pt,draw_sword,8
/data/dev/projects/ai/Trackey/trackey/research/EXTRACTED_HMDB51_FEATURES/draw_sword_Iaido_13_katas_draw_sword_f_nm_np1_ba_med_2.pt,draw_sword,8
/data/dev/projects/ai/Trackey/trackey/research/EXTRACTED_HMDB51_FEATURES/draw_sword_Iaido_13_katas_draw_sword_f_nm_np1_fr_med_0.pt,draw_sword,8
/data/dev/projects/ai/Trackey/trackey/research/EXTRACTED_HMDB51_FEATURES/draw_sword_Iaido_13_katas_draw_sword_f_nm_np1_fr_med_12.pt,draw_sword,8
/data/dev/projects/ai/Trackey/trackey/research/EXTRACTED_HMDB51_FEATURES/draw_sword_Iaido_13_katas_draw_sword_f_nm_np1_fr_med_7.pt,draw_sword,8
/data/dev/projects/ai/Trackey/trackey/research/EXTRACTED_HMDB51_FEATURES/draw_sword_Iaido_13_katas_draw_sword_f_nm_np1_fr_med_9.pt,draw_sword,8
/data/dev/projects/ai/Trackey/trackey/research/EXTRACTED_HMDB51_FEATURES/draw_sword_Iaido_13_katas_draw_sword_f_nm_np1_le_med_5.pt,draw_sword,8
/data/dev/projects/ai/Trackey/trackey/research/EXTRACTED_HMDB51_FEATURES/draw_sword_Iaido_draw_sword_f_cm_np1_fr_med_2.pt,draw_sword,8
/data/dev/projects/ai/Trackey/trackey/research/EXTRACTED_HMDB51_FEATURES/draw_sword_Iaido_draw_sword_f_cm_np2_le_med_1.pt,draw_sword,8
/data/dev/projects/ai/Trackey/trackey/research/EXTRACTED_HMDB51_FEATURES/draw_sword_Iaido_draw_sword_f_cm_np2_ri_med_0.pt,draw_sword,8
/data/dev/projects/ai/Trackey/trackey/research/EXTRACTED_HMDB51_FEATURES/draw_sword_Iaido_video_instruction_series_Wehrhahn_Sensei_draw_sword_f_nm_np1_le_med_2.pt,draw_sword,8
/data/dev/projects/ai/Trackey/trackey/research/EXTRACTED_HMDB51_FEATURES/draw_sword_Iaido_video_instruction_series_Wehrhahn_Sensei_draw_sword_f_nm_np1_le_med_4.pt,draw_sword,8
/data/dev/projects/ai/Trackey/trackey/research/EXTRACTED_HMDB51_FEATURES/draw_sword_Iaido_video_instruction_series_Wehrhahn_Sensei_draw_sword_f_nm_np1_le_med_5.pt,draw_sword,8
/data/dev/projects/ai/Trackey/trackey/research/EXTRACTED_HMDB51_FEATURES/draw_sword_Kendo_draw_sword_f_nm_np1_fr_bad_3.pt,draw_sword,8
/data/dev/projects/ai/Trackey/trackey/research/EXTRACTED_HMDB51_FEATURES/draw_sword_Kendo_draw_sword_f_nm_np1_fr_bad_8.pt,draw_sword,8
/data/dev/projects/ai/Trackey/trackey/research/EXTRACTED_HMDB51_FEATURES/draw_sword_Kuroda_Sensei_Iai_do_draw_sword_f_cm_np1_le_med_2.pt,draw_sword,8
/data/dev/projects/ai/Trackey/trackey/research/EXTRACTED_HMDB51_FEATURES/draw_sword_MAF_Tenshin_Ryu_draw_sword_f_cm_np1_fr_med_3.pt,draw_sword,8
/data/dev/projects/ai/Trackey/trackey/research/EXTRACTED_HMDB51_FEATURES/draw_sword_Master_Pena_Iaido_Katas_draw_sword_f_nm_np1_fr_med_0.pt,draw_sword,8
/data/dev/projects/ai/Trackey/trackey/research/EXTRACTED_HMDB51_FEATURES/draw_sword_Master_Pena_Iaido_Katas_draw_sword_f_nm_np1_fr_med_1.pt,draw_sword,8
/data/dev/projects/ai/Trackey/trackey/research/EXTRACTED_HMDB51_FEATURES/draw_sword_Master_Pena_Iaido_Katas_draw_sword_f_nm_np1_fr_med_2.pt,draw_sword,8
/data/dev/projects/ai/Trackey/trackey/research/EXTRACTED_HMDB51_FEATURES/draw_sword_Muso_Jikiden_Eishin_ryu_iaido_draw_sword_f_cm_np1_fr_med_0.pt,draw_sword,8
/data/dev/projects/ai/Trackey/trackey/research/EXTRACTED_HMDB51_FEATURES/draw_sword_Muso_Jikiden_Eishin_ryu_iaido_draw_sword_f_cm_np1_le_med_2.pt,draw_sword,8
/data/dev/projects/ai/Trackey/trackey/research/EXTRACTED_HMDB51_FEATURES/draw_sword_Muso_Jikiden_Eishin_ryu_iaido_draw_sword_f_cm_np1_le_med_4.pt,draw_sword,8
/data/dev/projects/ai/Trackey/trackey/research/EXTRACTED_HMDB51_FEATURES/draw_sword_Muso_Jikiden_Eishin_ryu_iaido_draw_sword_f_cm_np1_ri_med_1.pt,draw_sword,8
/data/dev/projects/ai/Trackey/trackey/research/EXTRACTED_HMDB51_FEATURES/draw_sword_Muso_Jikiden_Eishin_ryu_iaido_draw_sword_f_cm_np1_ri_med_3.pt,draw_sword,8
/data/dev/projects/ai/Trackey/trackey/research/EXTRACTED_HMDB51_FEATURES/draw_sword_Muso_Jikiden_Eishinryu_in_Guldental_draw_sword_f_cm_np1_ba_med_2.pt,draw_sword,8
/data/dev/projects/ai/Trackey/trackey/research/EXTRACTED_HMDB51_FEATURES/draw_sword_Muso_Jikiden_Eishinryu_in_Guldental_draw_sword_f_cm_np1_le_med_0.pt,draw_sword,8
/data/dev/projects/ai/Trackey/trackey/research/EXTRACTED_HMDB51_FEATURES/draw_sword_Muso_Jikiden_Eishinryu_in_Guldental_draw_sword_f_cm_np1_le_med_3.pt,draw_sword,8
/data/dev/projects/ai/Trackey/trackey/research/EXTRACTED_HMDB51_FEATURES/draw_sword_Muso_Jikiden_Eishinryu_in_Guldental_draw_sword_f_cm_np1_le_med_4.pt,draw_sword,8
/data/dev/projects/ai/Trackey/trackey/research/EXTRACTED_HMDB51_FEATURES/draw_sword_Muso_Jikiden_Eishinryu_in_Guldental_draw_sword_f_cm_np1_ri_med_1.pt,draw_sword,8
/data/dev/projects/ai/Trackey/trackey/research/EXTRACTED_HMDB51_FEATURES/draw_sword_Nakayama_Aikido_Iaido_Part_3_draw_sword_f_cm_np1_le_med_0.pt,draw_sword,8
/data/dev/projects/ai/Trackey/trackey/research/EXTRACTED_HMDB51_FEATURES/draw_sword_Ninja_(samurai_sword)_draw_sword_u_nm_np1_fr_med_0.pt,draw_sword,8
/data/dev/projects/ai/Trackey/trackey/research/EXTRACTED_HMDB51_FEATURES/draw_sword_Raito_Kata_from_Shindo_Munen_Ryu_Instructional_Video_draw_sword_f_nm_np1_fr_med_0.pt,draw_sword,8
/data/dev/projects/ai/Trackey/trackey/research/EXTRACTED_HMDB51_FEATURES/draw_sword_Raito_Kata_from_Shindo_Munen_Ryu_Instructional_Video_draw_sword_f_nm_np1_fr_med_1.pt,draw_sword,8
/data/dev/projects/ai/Trackey/trackey/research/EXTRACTED_HMDB51_FEATURES/draw_sword_Raito_Kata_from_Shindo_Munen_Ryu_Instructional_Video_draw_sword_f_nm_np1_le_med_2.pt,draw_sword,8
/data/dev/projects/ai/Trackey/trackey/research/EXTRACTED_HMDB51_FEATURES/draw_sword_Raito_Kata_from_Shindo_Munen_Ryu_Instructional_Video_draw_sword_f_nm_np1_le_med_3.pt,draw_sword,8
/data/dev/projects/ai/Trackey/trackey/research/EXTRACTED_HMDB51_FEATURES/draw_sword_Return_of_the_King_7_draw_sword_u_nm_np1_fr_med_1.pt,draw_sword,8
/data/dev/projects/ai/Trackey/trackey/research/EXTRACTED_HMDB51_FEATURES/draw_sword_Return_of_the_King_9_draw_sword_u_nm_np1_fr_med_3.pt,draw_sword,8
/data/dev/projects/ai/Trackey/trackey/research/EXTRACTED_HMDB51_FEATURES/draw_sword_Samurai_Fight_Scene_draw_sword_f_cm_np2_fr_goo_2.pt,draw_sword,8
/data/dev/projects/ai/Trackey/trackey/research/EXTRACTED_HMDB51_FEATURES/draw_sword_San-su_martial_arts_iaido_first_11_kata_draw_sword_f_cm_np1_ba_med_3.pt,draw_sword,8
/data/dev/projects/ai/Trackey/trackey/research/EXTRACTED_HMDB51_FEATURES/draw_sword_San-su_martial_arts_iaido_first_11_kata_draw_sword_f_cm_np1_fr_med_0.pt,draw_sword,8
/data/dev/projects/ai/Trackey/trackey/research/EXTRACTED_HMDB51_FEATURES/draw_sword_San-su_martial_arts_iaido_first_11_kata_draw_sword_f_cm_np1_fr_med_4.pt,draw_sword,8
/data/dev/projects/ai/Trackey/trackey/research/EXTRACTED_HMDB51_FEATURES/draw_sword_San-su_martial_arts_iaido_first_11_kata_draw_sword_f_cm_np1_fr_med_5.pt,draw_sword,8
/data/dev/projects/ai/Trackey/trackey/research/EXTRACTED_HMDB51_FEATURES/draw_sword_San-su_martial_arts_iaido_first_11_kata_draw_sword_f_cm_np1_le_med_1.pt,draw_sword,8
/data/dev/projects/ai/Trackey/trackey/research/EXTRACTED_HMDB51_FEATURES/draw_sword_San-su_martial_arts_iaido_first_11_kata_draw_sword_f_cm_np1_le_med_6.pt,draw_sword,8
/data/dev/projects/ai/Trackey/trackey/research/EXTRACTED_HMDB51_FEATURES/draw_sword_San-su_martial_arts_iaido_first_11_kata_draw_sword_f_cm_np1_le_med_7.pt,draw_sword,8
/data/dev/projects/ai/Trackey/trackey/research/EXTRACTED_HMDB51_FEATURES/draw_sword_San-su_martial_arts_iaido_first_11_kata_draw_sword_f_cm_np1_ri_med_2.pt,draw_sword,8
/data/dev/projects/ai/Trackey/trackey/research/EXTRACTED_HMDB51_FEATURES/draw_sword_San-su_martial_arts_iaido_first_11_kata_draw_sword_f_cm_np1_ri_med_8.pt,draw_sword,8
/data/dev/projects/ai/Trackey/trackey/research/EXTRACTED_HMDB51_FEATURES/draw_sword_Sensei_Mellone_en_Argentina__Mae__Iaido_kendo_draw_sword_f_cm_np1_fr_med_0.pt,draw_sword,8
/data/dev/projects/ai/Trackey/trackey/research/EXTRACTED_HMDB51_FEATURES/draw_sword_Spirit_Of_The_Sword_Volume_1_DVD_draw_sword_f_nm_np1_fr_med_0.pt,draw_sword,8
/data/dev/projects/ai/Trackey/trackey/research/EXTRACTED_HMDB51_FEATURES/draw_sword_Spirit_Of_The_Sword_Volume_1_DVD_draw_sword_f_nm_np1_fr_med_1.pt,draw_sword,8
/data/dev/projects/ai/Trackey/trackey/research/EXTRACTED_HMDB51_FEATURES/draw_sword_Takeda_Ryu_Iaido_draw_sword_f_nm_np1_fr_med_2.pt,draw_sword,8
/data/dev/projects/ai/Trackey/trackey/research/EXTRACTED_HMDB51_FEATURES/draw_sword_Takeda_Ryu_Iaido_draw_sword_f_nm_np1_fr_med_6.pt,draw_sword,8
/data/dev/projects/ai/Trackey/trackey/research/EXTRACTED_HMDB51_FEATURES/draw_sword_Takeda_Ryu_Iaido_draw_sword_f_nm_np1_ri_med_4.pt,draw_sword,8
/data/dev/projects/ai/Trackey/trackey/research/EXTRACTED_HMDB51_FEATURES/draw_sword_Tatehiza_draw_sword_f_nm_np1_fr_med_0.pt,draw_sword,8
/data/dev/projects/ai/Trackey/trackey/research/EXTRACTED_HMDB51_FEATURES/draw_sword_Tatehiza_draw_sword_f_nm_np1_fr_med_1.pt,draw_sword,8
/data/dev/projects/ai/Trackey/trackey/research/EXTRACTED_HMDB51_FEATURES/draw_sword_Tatehiza_draw_sword_f_nm_np1_fr_med_2.pt,draw_sword,8
/data/dev/projects/ai/Trackey/trackey/research/EXTRACTED_HMDB51_FEATURES/draw_sword_Tenshin_Ryu_Aikido_draw_sword_f_nm_np1_ri_med_0.pt,draw_sword,8
/data/dev/projects/ai/Trackey/trackey/research/EXTRACTED_HMDB51_FEATURES/draw_sword_The_Last_Samurai_-_In_Your_Honor_draw_sword_u_nm_np1_fr_med_6.pt,draw_sword,8
/data/dev/projects/ai/Trackey/trackey/research/EXTRACTED_HMDB51_FEATURES/draw_sword_The_Three_Musketeers_(1993)-_The_First_Fight_draw_sword_u_cm_np4_fr_med_0.pt,draw_sword,8
/data/dev/projects/ai/Trackey/trackey/research/EXTRACTED_HMDB51_FEATURES/draw_sword_The_Three_Musketeers_(1993)_Final_Battle_1_3_draw_sword_u_cm_np1_fr_med_1.pt,draw_sword,8
/data/dev/projects/ai/Trackey/trackey/research/EXTRACTED_HMDB51_FEATURES/draw_sword_The_Three_Musketeers_(1993)_Final_Battle_1_3_draw_sword_u_nm_np3_ri_med_0.pt,draw_sword,8
/data/dev/projects/ai/Trackey/trackey/research/EXTRACTED_HMDB51_FEATURES/draw_sword_Two_Towers_6_draw_sword_h_nm_np1_ri_med_1.pt,draw_sword,8
/data/dev/projects/ai/Trackey/trackey/research/EXTRACTED_HMDB51_FEATURES/draw_sword_Ukigumo_Kata_from_Hasegawa_Eishin_Ryu_draw_sword_f_nm_np1_fr_med_0.pt,draw_sword,8
/data/dev/projects/ai/Trackey/trackey/research/EXTRACTED_HMDB51_FEATURES/draw_sword_Ukigumo_Kata_from_Hasegawa_Eishin_Ryu_draw_sword_f_nm_np1_fr_med_2.pt,draw_sword,8
/data/dev/projects/ai/Trackey/trackey/research/EXTRACTED_HMDB51_FEATURES/draw_sword_Ukigumo_Kata_from_Hasegawa_Eishin_Ryu_draw_sword_f_nm_np1_le_med_1.pt,draw_sword,8
/data/dev/projects/ai/Trackey/trackey/research/EXTRACTED_HMDB51_FEATURES/draw_sword_Ukigumo_Kata_from_Hasegawa_Eishin_Ryu_draw_sword_f_nm_np1_le_med_3.pt,draw_sword,8
/data/dev/projects/ai/Trackey/trackey/research/EXTRACTED_HMDB51_FEATURES/draw_sword_VERGIL_(DEVIL_MAY_CRY)_swinging_his_sword_draw_sword_f_cm_np1_fr_med_0.pt,draw_sword,8
/data/dev/projects/ai/Trackey/trackey/research/EXTRACTED_HMDB51_FEATURES/draw_sword_VERGIL_(DEVIL_MAY_CRY)_swinging_his_sword_draw_sword_f_cm_np1_fr_med_4.pt,draw_sword,8
/data/dev/projects/ai/Trackey/trackey/research/EXTRACTED_HMDB51_FEATURES/draw_sword_Yet_another_point_about_drawing_swords_draw_sword_u_nm_np1_fr_med_0.pt,draw_sword,8
/data/dev/projects/ai/Trackey/trackey/research/EXTRACTED_HMDB51_FEATURES/draw_sword_Yet_another_point_about_drawing_swords_draw_sword_u_nm_np1_fr_med_1.pt,draw_sword,8
/data/dev/projects/ai/Trackey/trackey/research/EXTRACTED_HMDB51_FEATURES/draw_sword_Yet_another_point_about_drawing_swords_draw_sword_u_nm_np1_fr_med_2.pt,draw_sword,8
/data/dev/projects/ai/Trackey/trackey/research/EXTRACTED_HMDB51_FEATURES/draw_sword_Yet_another_point_about_drawing_swords_draw_sword_u_nm_np1_fr_med_3.pt,draw_sword,8
/data/dev/projects/ai/Trackey/trackey/research/EXTRACTED_HMDB51_FEATURES/draw_sword_Yet_another_point_about_drawing_swords_draw_sword_u_nm_np1_fr_med_4.pt,draw_sword,8
/data/dev/projects/ai/Trackey/trackey/research/EXTRACTED_HMDB51_FEATURES/draw_sword_iai_do_examination_(The_Samurai_girl_from_Kyrgyzstan)_part_1_draw_sword_f_cm_np1_ba_med_1.pt,draw_sword,8
/data/dev/projects/ai/Trackey/trackey/research/EXTRACTED_HMDB51_FEATURES/draw_sword_iai_do_examination_(The_Samurai_girl_from_Kyrgyzstan)_part_1_draw_sword_f_cm_np1_le_med_0.pt,draw_sword,8
/data/dev/projects/ai/Trackey/trackey/research/EXTRACTED_HMDB51_FEATURES/draw_sword_iai_do_examination_(The_Samurai_girl_from_Kyrgyzstan)_part_1_draw_sword_f_cm_np1_le_med_2.pt,draw_sword,8
/data/dev/projects/ai/Trackey/trackey/research/EXTRACTED_HMDB51_FEATURES/dribble_10YearOldYouthBasketballStarBaller_dribble_f_cm_np1_ba_med_5.pt,dribble,9
/data/dev/projects/ai/Trackey/trackey/research/EXTRACTED_HMDB51_FEATURES/dribble_10YearOldYouthBasketballStarBaller_dribble_f_cm_np1_fr_med_0.pt,dribble,9
/data/dev/projects/ai/Trackey/trackey/research/EXTRACTED_HMDB51_FEATURES/dribble_10YearOldYouthBasketballStarBaller_dribble_f_cm_np1_fr_med_1.pt,dribble,9
/data/dev/projects/ai/Trackey/trackey/research/EXTRACTED_HMDB51_FEATURES/dribble_10YearOldYouthBasketballStarBaller_dribble_f_cm_np1_fr_med_2.pt,dribble,9
/data/dev/projects/ai/Trackey/trackey/research/EXTRACTED_HMDB51_FEATURES/dribble_10YearOldYouthBasketballStarBaller_dribble_f_cm_np1_fr_med_7.pt,dribble,9
/data/dev/projects/ai/Trackey/trackey/research/EXTRACTED_HMDB51_FEATURES/dribble_10YearOldYouthBasketballStarBaller_dribble_f_cm_np1_fr_med_8.pt,dribble,9
/data/dev/projects/ai/Trackey/trackey/research/EXTRACTED_HMDB51_FEATURES/dribble_10YearOldYouthBasketballStarBaller_dribble_f_cm_np1_fr_med_9.pt,dribble,9
/data/dev/projects/ai/Trackey/trackey/research/EXTRACTED_HMDB51_FEATURES/dribble_10YearOldYouthBasketballStarBaller_dribble_f_cm_np1_ri_med_4.pt,dribble,9
/data/dev/projects/ai/Trackey/trackey/research/EXTRACTED_HMDB51_FEATURES/dribble_10YearOldYouthBasketballStarBaller_dribble_f_cm_np1_ri_med_6.pt,dribble,9
/data/dev/projects/ai/Trackey/trackey/research/EXTRACTED_HMDB51_FEATURES/dribble_10YearOldYouthBasketballStarBaller_dribble_f_nm_np1_ba_med_17.pt,dribble,9
/data/dev/projects/ai/Trackey/trackey/research/EXTRACTED_HMDB51_FEATURES/dribble_AdamandAlvonplayingbasketball1_dribble_f_cm_np1_ba_med_12.pt,dribble,9
/data/dev/projects/ai/Trackey/trackey/research/EXTRACTED_HMDB51_FEATURES/dribble_AdamandAlvonplayingbasketball1_dribble_f_cm_np1_fr_med_5.pt,dribble,9
/data/dev/projects/ai/Trackey/trackey/research/EXTRACTED_HMDB51_FEATURES/dribble_AdamandAlvonplayingbasketball1_dribble_f_cm_np1_le_med_3.pt,dribble,9
/data/dev/projects/ai/Trackey/trackey/research/EXTRACTED_HMDB51_FEATURES/dribble_AdamandAlvonplayingbasketball1_dribble_f_cm_np1_le_med_8.pt,dribble,9
/data/dev/projects/ai/Trackey/trackey/research/EXTRACTED_HMDB51_FEATURES/dribble_AdamandAlvonplayingbasketball1_dribble_f_cm_np1_ri_med_2.pt,dribble,9
/data/dev/projects/ai/Trackey/trackey/research/EXTRACTED_HMDB51_FEATURES/dribble_AdamandAlvonplayingbasketball1_dribble_f_nm_np1_fr_med_9.pt,dribble,9
/data/dev/projects/ai/Trackey/trackey/research/EXTRACTED_HMDB51_FEATURES/dribble_American_History_X_dribble_f_cm_np1_le_bad_15.pt,dribble,9
/data/dev/projects/ai/Trackey/trackey/research/EXTRACTED_HMDB51_FEATURES/dribble_Basic_Basketball_Moves_dribble_f_cm_np1_ba_goo_4.pt,dribble,9
/data/dev/projects/ai/Trackey/trackey/research/EXTRACTED_HMDB51_FEATURES/dribble_Basic_Basketball_Moves_dribble_f_cm_np1_ba_goo_5.pt,dribble,9
/data/dev/projects/ai/Trackey/trackey/research/EXTRACTED_HMDB51_FEATURES/dribble_Basic_Basketball_Moves_dribble_f_cm_np1_fr_goo_0.pt,dribble,9
/data/dev/projects/ai/Trackey/trackey/research/EXTRACTED_HMDB51_FEATURES/dribble_Basic_Basketball_Moves_dribble_f_cm_np1_fr_goo_1.pt,dribble,9
/data/dev/projects/ai/Trackey/trackey/research/EXTRACTED_HMDB51_FEATURES/dribble_Basic_Basketball_Moves_dribble_f_cm_np1_ri_goo_6.pt,dribble,9
/data/dev/projects/ai/Trackey/trackey/research/EXTRACTED_HMDB51_FEATURES/dribble_Basic_Basketball_Moves_dribble_f_cm_np1_ri_goo_7.pt,dribble,9
/data/dev/projects/ai/Trackey/trackey/research/EXTRACTED_HMDB51_FEATURES/dribble_Basic_Basketball_Moves_dribble_f_cm_np1_ri_goo_8.pt,dribble,9
/data/dev/projects/ai/Trackey/trackey/research/EXTRACTED_HMDB51_FEATURES/dribble_Basic_Basketball_Moves_dribble_f_nm_np1_ba_goo_3.pt,dribble,9
/data/dev/projects/ai/Trackey/trackey/research/EXTRACTED_HMDB51_FEATURES/dribble_Basic_Basketball_Moves_dribble_f_nm_np1_fr_goo_2.pt,dribble,9
/data/dev/projects/ai/Trackey/trackey/research/EXTRACTED_HMDB51_FEATURES/dribble_BasketballProdigy_dribble_f_nm_np1_le_med_1.pt,dribble,9
/data/dev/projects/ai/Trackey/trackey/research/EXTRACTED_HMDB51_FEATURES/dribble_BasketballProdigy_dribble_f_nm_np1_ri_med_0.pt,dribble,9
/data/dev/projects/ai/Trackey/trackey/research/EXTRACTED_HMDB51_FEATURES/dribble_Basketball_Dribbling_-_Basketball_Dribbling-_Finger_Pads_dribble_f_cm_np1_fr_med_0.pt,dribble,9
/data/dev/projects/ai/Trackey/trackey/research/EXTRACTED_HMDB51_FEATURES/dribble_Basketball_Dribbling_-_Basketball_Dribbling-_Finger_Pads_dribble_f_cm_np1_fr_med_1.pt,dribble,9
/data/dev/projects/ai/Trackey/trackey/research/EXTRACTED_HMDB51_FEATURES/dribble_Basketball_Dribbling_-_Basketball_Dribbling-_Finger_Pads_dribble_f_cm_np2_le_med_2.pt,dribble,9
/data/dev/projects/ai/Trackey/trackey/research/EXTRACTED_HMDB51_FEATURES/dribble_Basketball_Dribbling_-_Basketball_Dribbling-_Finger_Pads_dribble_f_cm_np2_le_med_3.pt,dribble,9
/data/dev/projects/ai/Trackey/trackey/research/EXTRACTED_HMDB51_FEATURES/dribble_Basketball_Dribbling_-_Basketball_Dribbling-_Finger_Pads_dribble_f_nm_np2_le_med_4.pt,dribble,9
/data/dev/projects/ai/Trackey/trackey/research/EXTRACTED_HMDB51_FEATURES/dribble_Basketball_Dribbling_-_Basketball_Dribbling-_Finger_Pads_dribble_f_nm_np2_le_med_5.pt,dribble,9
/data/dev/projects/ai/Trackey/trackey/research/EXTRACTED_HMDB51_FEATURES/dribble_Basketball_Dribbling_-_Basketball_Dribbling-_Finger_Pads_dribble_f_nm_np2_le_med_6.pt,dribble,9
/data/dev/projects/ai/Trackey/trackey/research/EXTRACTED_HMDB51_FEATURES/dribble_Basketball_Dribbling_-_Basketball_Dribbling-_Having_a_Good_Base_dribble_f_cm_np2_le_med_0.pt,dribble,9
/data/dev/projects/ai/Trackey/trackey/research/EXTRACTED_HMDB51_FEATURES/dribble_Basketball_Dribbling_-_Basketball_Dribbling-_Having_a_Good_Base_dribble_f_cm_np2_le_med_2.pt,dribble,9
/data/dev/projects/ai/Trackey/trackey/research/EXTRACTED_HMDB51_FEATURES/dribble_Basketball_Dribbling_-_Basketball_Dribbling-_Having_a_Good_Base_dribble_f_cm_np2_ri_med_3.pt,dribble,9
/data/dev/projects/ai/Trackey/trackey/research/EXTRACTED_HMDB51_FEATURES/dribble_Basketball_Dribbling_-_Basketball_Dribbling-_Having_a_Good_Base_dribble_f_cm_np2_ri_med_4.pt,dribble,9
/data/dev/projects/ai/Trackey/trackey/research/EXTRACTED_HMDB51_FEATURES/dribble_Basketball_Dribbling_-_Basketball_Dribbling-_Having_a_Good_Base_dribble_f_nm_np2_le_med_1.pt,dribble,9
/data/dev/projects/ai/Trackey/trackey/research/EXTRACTED_HMDB51_FEATURES/dribble_Basketball_Dribbling_-_Basketball_Dribbling-_Having_a_Good_Base_dribble_f_nm_np2_ri_med_5.pt,dribble,9
/data/dev/projects/ai/Trackey/trackey/research/EXTRACTED_HMDB51_FEATURES/dribble_Basketball_Dribbling_-_Basketball_Dribbling-_Practice_With_2_Balls_dribble_f_nm_np1_fr_med_0.pt,dribble,9
/data/dev/projects/ai/Trackey/trackey/research/EXTRACTED_HMDB51_FEATURES/dribble_Basketball_Dribbling_-_Basketball_Dribbling-_Practice_With_2_Balls_dribble_f_nm_np2_fr_med_1.pt,dribble,9
/data/dev/projects/ai/Trackey/trackey/research/EXTRACTED_HMDB51_FEATURES/dribble_Basketball_Dribbling_-_Basketball_Dribbling-_Practice_With_2_Balls_dribble_f_nm_np2_fr_med_2.pt,dribble,9
/data/dev/projects/ai/Trackey/trackey/research/EXTRACTED_HMDB51_FEATURES/dribble_Basketball_Dribbling_-_Basketball_Dribbling-_Practice_With_2_Balls_dribble_f_nm_np2_fr_med_3.pt,dribble,9
/data/dev/projects/ai/Trackey/trackey/research/EXTRACTED_HMDB51_FEATURES/dribble_Basketball_Dribbling_-_Basketball_Dribbling-_Practice_With_2_Balls_dribble_f_nm_np2_fr_med_4.pt,dribble,9
/data/dev/projects/ai/Trackey/trackey/research/EXTRACTED_HMDB51_FEATURES/dribble_Basketball_Dribbling_-_Basketball_Dribbling-_Practice_With_2_Balls_dribble_f_nm_np2_fr_med_5.pt,dribble,9
/data/dev/projects/ai/Trackey/trackey/research/EXTRACTED_HMDB51_FEATURES/dribble_Basketball_Dribbling_-_Basketball_Dribbling-_Practice_With_Tennis_Balls_dribble_f_cm_np1_le_med_1.pt,dribble,9
/data/dev/projects/ai/Trackey/trackey/research/EXTRACTED_HMDB51_FEATURES/dribble_Basketball_Dribbling_-_Basketball_Dribbling-_Practice_With_Tennis_Balls_dribble_f_nm_np1_le_med_0.pt,dribble,9
/data/dev/projects/ai/Trackey/trackey/research/EXTRACTED_HMDB51_FEATURES/dribble_Basketball_Dribbling_-_Basketball_Dribbling-_Practice_With_Tennis_Balls_dribble_f_nm_np1_le_med_2.pt,dribble,9
/data/dev/projects/ai/Trackey/trackey/research/EXTRACTED_HMDB51_FEATURES/dribble_Basketball_Dribbling_Drills_-_The_12_Inch_Dribble_Drill_in_Basketball_dribble_f_cm_np1_fr_med_2.pt,dribble,9
/data/dev/projects/ai/Trackey/trackey/research/EXTRACTED_HMDB51_FEATURES/dribble_Basketball_Dribbling_Drills_-_The_12_Inch_Dribble_Drill_in_Basketball_dribble_f_cm_np1_fr_med_5.pt,dribble,9
/data/dev/projects/ai/Trackey/trackey/research/EXTRACTED_HMDB51_FEATURES/dribble_Basketball_Dribbling_Drills_-_The_12_Inch_Dribble_Drill_in_Basketball_dribble_f_cm_np1_fr_med_8.pt,dribble,9
/data/dev/projects/ai/Trackey/trackey/research/EXTRACTED_HMDB51_FEATURES/dribble_Basketball_Dribbling_Drills_-_The_12_Inch_Dribble_Drill_in_Basketball_dribble_f_cm_np1_le_med_3.pt,dribble,9
/data/dev/projects/ai/Trackey/trackey/research/EXTRACTED_HMDB51_FEATURES/dribble_Basketball_Dribbling_Drills_-_The_12_Inch_Dribble_Drill_in_Basketball_dribble_f_cm_np1_le_med_6.pt,dribble,9
/data/dev/projects/ai/Trackey/trackey/research/EXTRACTED_HMDB51_FEATURES/dribble_Basketball_Dribbling_Drills_-_The_12_Inch_Dribble_Drill_in_Basketball_dribble_f_cm_np1_le_med_7.pt,dribble,9
/data/dev/projects/ai/Trackey/trackey/research/EXTRACTED_HMDB51_FEATURES/dribble_Basketball_Dribbling_Drills_-_The_12_Inch_Dribble_Drill_in_Basketball_dribble_f_cm_np1_ri_med_0.pt,dribble,9
/data/dev/projects/ai/Trackey/trackey/research/EXTRACTED_HMDB51_FEATURES/dribble_Basketball_Dribbling_Drills_-_The_12_Inch_Dribble_Drill_in_Basketball_dribble_f_cm_np1_ri_med_1.pt,dribble,9
/data/dev/projects/ai/Trackey/trackey/research/EXTRACTED_HMDB51_FEATURES/dribble_Basketball_Dribbling_Drills_-_The_12_Inch_Dribble_Drill_in_Basketball_dribble_f_cm_np1_ri_med_4.pt,dribble,9
/data/dev/projects/ai/Trackey/trackey/research/EXTRACTED_HMDB51_FEATURES/dribble_Basketball_Dribbling_Drills_-_The_Left_dribble_f_cm_np1_fr_med_2.pt,dribble,9
/data/dev/projects/ai/Trackey/trackey/research/EXTRACTED_HMDB51_FEATURES/dribble_Basketball_Dribbling_Drills_-_The_Left_dribble_f_nm_np1_fr_med_0.pt,dribble,9
/data/dev/projects/ai/Trackey/trackey/research/EXTRACTED_HMDB51_FEATURES/dribble_Basketball_Dribbling_Drills_-_The_Left_dribble_f_nm_np1_fr_med_1.pt,dribble,9
/data/dev/projects/ai/Trackey/trackey/research/EXTRACTED_HMDB51_FEATURES/dribble_Basketball_Dribbling_Drills_-_The_Left_dribble_f_nm_np1_fr_med_3.pt,dribble,9
/data/dev/projects/ai/Trackey/trackey/research/EXTRACTED_HMDB51_FEATURES/dribble_Basketball_Dribbling_Tips__1_dribble_f_cm_np1_fr_med_0.pt,dribble,9
/data/dev/projects/ai/Trackey/trackey/research/EXTRACTED_HMDB51_FEATURES/dribble_Basketball_Dribbling_Tips__2_dribble_f_cm_np1_fr_med_0.pt,dribble,9
/data/dev/projects/ai/Trackey/trackey/research/EXTRACTED_HMDB51_FEATURES/dribble_Basketball_Dribbling_Tips__2_dribble_f_cm_np1_fr_med_1.pt,dribble,9
/data/dev/projects/ai/Trackey/trackey/research/EXTRACTED_HMDB51_FEATURES/dribble_Basketball_Dribbling_Tips__2_dribble_f_cm_np1_fr_med_2.pt,dribble,9
/data/dev/projects/ai/Trackey/trackey/research/EXTRACTED_HMDB51_FEATURES/dribble_Basketball_Dribbling_Tips__2_dribble_f_cm_np1_le_med_3.pt,dribble,9
/data/dev/projects/ai/Trackey/trackey/research/EXTRACTED_HMDB51_FEATURES/dribble_Basketball_Dribbling_Tips__2_dribble_f_cm_np1_le_med_4.pt,dribble,9
/data/dev/projects/ai/Trackey/trackey/research/EXTRACTED_HMDB51_FEATURES/dribble_Basketball_Dribbling_Tips__2_dribble_f_cm_np1_le_med_5.pt,dribble,9
/data/dev/projects/ai/Trackey/trackey/research/EXTRACTED_HMDB51_FEATURES/dribble_Basketball_Dribbling_Tips_dribble_f_cm_np1_fr_med_0.pt,dribble,9
/data/dev/projects/ai/Trackey/trackey/research/EXTRACTED_HMDB51_FEATURES/dribble_Basketball_Dribbling_Tips_dribble_f_cm_np1_fr_med_2.pt,dribble,9
/data/dev/projects/ai/Trackey/trackey/research/EXTRACTED_HMDB51_FEATURES/dribble_Basketball_Dribbling_Tips_dribble_f_cm_np1_fr_med_3.pt,dribble,9
/data/dev/projects/ai/Trackey/trackey/research/EXTRACTED_HMDB51_FEATURES/dribble_Basketball_Dribbling_Tips_dribble_f_cm_np1_fr_med_5.pt,dribble,9
/data/dev/projects/ai/Trackey/trackey/research/EXTRACTED_HMDB51_FEATURES/dribble_Basketball_Dribbling_Tips_dribble_f_cm_np1_le_med_7.pt,dribble,9
/data/dev/projects/ai/Trackey/trackey/research/EXTRACTED_HMDB51_FEATURES/dribble_Basketball_Dribbling_Tips_dribble_f_cm_np1_ri_med_1.pt,dribble,9
/data/dev/projects/ai/Trackey/trackey/research/EXTRACTED_HMDB51_FEATURES/dribble_Basketball_Dribbling_Tips_dribble_f_cm_np1_ri_med_4.pt,dribble,9
/data/dev/projects/ai/Trackey/trackey/research/EXTRACTED_HMDB51_FEATURES/dribble_Basketball_Dribbling_Tips_dribble_f_cm_np1_ri_med_6.pt,dribble,9
/data/dev/projects/ai/Trackey/trackey/research/EXTRACTED_HMDB51_FEATURES/dribble_Basketball_Training-_Amazing_3_ball_and_4_ball_dribbling_dribble_f_cm_np1_fr_bad_1.pt,dribble,9
/data/dev/projects/ai/Trackey/trackey/research/EXTRACTED_HMDB51_FEATURES/dribble_Basketball_Training-_Amazing_3_ball_and_4_ball_dribbling_dribble_f_cm_np1_fr_med_0.pt,dribble,9
/data/dev/projects/ai/Trackey/trackey/research/EXTRACTED_HMDB51_FEATURES/dribble_Basketball_Training-_Amazing_3_ball_and_4_ball_dribbling_dribble_f_cm_np1_fr_med_2.pt,dribble,9
/data/dev/projects/ai/Trackey/trackey/research/EXTRACTED_HMDB51_FEATURES/dribble_Basketball_Training-_Amazing_3_ball_and_4_ball_dribbling_dribble_f_cm_np1_le_bad_4.pt,dribble,9
/data/dev/projects/ai/Trackey/trackey/research/EXTRACTED_HMDB51_FEATURES/dribble_Basketball_Training-_Amazing_3_ball_and_4_ball_dribbling_dribble_f_cm_np1_le_med_3.pt,dribble,9
/data/dev/projects/ai/Trackey/trackey/research/EXTRACTED_HMDB51_FEATURES/dribble_Basketball_for_Beginners_-_How_to_Dribble_a_Basketball_dribble_f_cm_np1_fr_med_0.pt,dribble,9
/data/dev/projects/ai/Trackey/trackey/research/EXTRACTED_HMDB51_FEATURES/dribble_Basketball_for_Beginners_-_How_to_Dribble_a_Basketball_dribble_f_cm_np1_fr_med_2.pt,dribble,9
/data/dev/projects/ai/Trackey/trackey/research/EXTRACTED_HMDB51_FEATURES/dribble_Basketball_for_Beginners_-_How_to_Dribble_a_Basketball_dribble_f_nm_np1_fr_med_1.pt,dribble,9
/data/dev/projects/ai/Trackey/trackey/research/EXTRACTED_HMDB51_FEATURES/dribble_Clay_sBasketballSkillz_dribble_f_nm_np1_fr_med_18.pt,dribble,9
/data/dev/projects/ai/Trackey/trackey/research/EXTRACTED_HMDB51_FEATURES/dribble_Clay_sBasketballSkillz_dribble_f_nm_np1_le_med_1.pt,dribble,9
/data/dev/projects/ai/Trackey/trackey/research/EXTRACTED_HMDB51_FEATURES/dribble_Explosive_Guard_Dribbling_Basketball_Workout_(Jason_Otter)_dribble_f_cm_np1_ba_med_3.pt,dribble,9
/data/dev/projects/ai/Trackey/trackey/research/EXTRACTED_HMDB51_FEATURES/dribble_Explosive_Guard_Dribbling_Basketball_Workout_(Jason_Otter)_dribble_f_cm_np1_ba_med_5.pt,dribble,9
/data/dev/projects/ai/Trackey/trackey/research/EXTRACTED_HMDB51_FEATURES/dribble_Explosive_Guard_Dribbling_Basketball_Workout_(Jason_Otter)_dribble_f_cm_np1_fr_med_0.pt,dribble,9
/data/dev/projects/ai/Trackey/trackey/research/EXTRACTED_HMDB51_FEATURES/dribble_Explosive_Guard_Dribbling_Basketball_Workout_(Jason_Otter)_dribble_f_cm_np1_fr_med_1.pt,dribble,9
/data/dev/projects/ai/Trackey/trackey/research/EXTRACTED_HMDB51_FEATURES/dribble_Explosive_Guard_Dribbling_Basketball_Workout_(Jason_Otter)_dribble_f_cm_np1_fr_med_2.pt,dribble,9
/data/dev/projects/ai/Trackey/trackey/research/EXTRACTED_HMDB51_FEATURES/dribble_Explosive_Guard_Dribbling_Basketball_Workout_(Jason_Otter)_dribble_f_cm_np1_ri_med_4.pt,dribble,9
/data/dev/projects/ai/Trackey/trackey/research/EXTRACTED_HMDB51_FEATURES/dribble_Explosive_Guard_Dribbling_Basketball_Workout_(Jason_Otter)_dribble_f_cm_np1_ri_med_6.pt,dribble,9
/data/dev/projects/ai/Trackey/trackey/research/EXTRACTED_HMDB51_FEATURES/dribble_Finding_Forrester_1_dribble_f_nm_np1_ri_bad_4.pt,dribble,9
/data/dev/projects/ai/Trackey/trackey/research/EXTRACTED_HMDB51_FEATURES/dribble_Finding_Forrester_2_dribble_f_cm_np1_le_med_1.pt,dribble,9
/data/dev/projects/ai/Trackey/trackey/research/EXTRACTED_HMDB51_FEATURES/dribble_How_to_Improve_Your_Basketball_Skills_-_How_to_Dribble_a_Basketball_Between_the_Legs_dribble_f_cm_np1_fr_med_0.pt,dribble,9
/data/dev/projects/ai/Trackey/trackey/research/EXTRACTED_HMDB51_FEATURES/dribble_How_to_Improve_Your_Basketball_Skills_-_How_to_Dribble_a_Basketball_Between_the_Legs_dribble_f_cm_np1_fr_med_1.pt,dribble,9
/data/dev/projects/ai/Trackey/trackey/research/EXTRACTED_HMDB51_FEATURES/dribble_How_to_Improve_Your_Basketball_Skills_-_How_to_Dribble_a_Basketball_Between_the_Legs_dribble_f_cm_np1_fr_med_2.pt,dribble,9
/data/dev/projects/ai/Trackey/trackey/research/EXTRACTED_HMDB51_FEATURES/dribble_How_to_Improve_Your_Basketball_Skills_-_How_to_Dribble_a_Basketball_Between_the_Legs_dribble_f_cm_np1_ri_med_3.pt,dribble,9
/data/dev/projects/ai/Trackey/trackey/research/EXTRACTED_HMDB51_FEATURES/dribble_How_to_Improve_Your_Basketball_Skills_-_How_to_Dribble_a_Basketball_Between_the_Legs_dribble_f_cm_np1_ri_med_4.pt,dribble,9
/data/dev/projects/ai/Trackey/trackey/research/EXTRACTED_HMDB51_FEATURES/dribble_How_to_Improve_Your_Basketball_Skills_-_How_to_Dribble_a_Basketball_Between_the_Legs_dribble_f_cm_np1_ri_med_5.pt,dribble,9
/data/dev/projects/ai/Trackey/trackey/research/EXTRACTED_HMDB51_FEATURES/dribble_How_to_Play_Professional_Basketball_-_The_Two_Dribble_Basketball_Drill_dribble_f_cm_np1_ba_bad_1.pt,dribble,9
/data/dev/projects/ai/Trackey/trackey/research/EXTRACTED_HMDB51_FEATURES/dribble_How_to_Play_Professional_Basketball_-_The_Two_Dribble_Basketball_Drill_dribble_f_cm_np1_ba_bad_3.pt,dribble,9
/data/dev/projects/ai/Trackey/trackey/research/EXTRACTED_HMDB51_FEATURES/dribble_How_to_Play_Professional_Basketball_-_The_Two_Dribble_Basketball_Drill_dribble_f_cm_np1_ba_med_7.pt,dribble,9
/data/dev/projects/ai/Trackey/trackey/research/EXTRACTED_HMDB51_FEATURES/dribble_How_to_Play_Professional_Basketball_-_The_Two_Dribble_Basketball_Drill_dribble_f_cm_np1_fr_med_4.pt,dribble,9
/data/dev/projects/ai/Trackey/trackey/research/EXTRACTED_HMDB51_FEATURES/dribble_How_to_Play_Professional_Basketball_-_The_Two_Dribble_Basketball_Drill_dribble_f_cm_np1_le_med_6.pt,dribble,9
/data/dev/projects/ai/Trackey/trackey/research/EXTRACTED_HMDB51_FEATURES/dribble_How_to_Play_Professional_Basketball_-_The_Two_Dribble_Basketball_Drill_dribble_f_cm_np1_le_med_8.pt,dribble,9
/data/dev/projects/ai/Trackey/trackey/research/EXTRACTED_HMDB51_FEATURES/dribble_How_to_Play_Professional_Basketball_-_The_Two_Dribble_Basketball_Drill_dribble_f_cm_np1_le_med_9.pt,dribble,9
/data/dev/projects/ai/Trackey/trackey/research/EXTRACTED_HMDB51_FEATURES/dribble_How_to_Play_Professional_Basketball_-_The_Two_Dribble_Basketball_Drill_dribble_f_cm_np1_ri_bad_0.pt,dribble,9
/data/dev/projects/ai/Trackey/trackey/research/EXTRACTED_HMDB51_FEATURES/dribble_How_to_Play_Professional_Basketball_-_The_Two_Dribble_Basketball_Drill_dribble_f_cm_np1_ri_med_5.pt,dribble,9
/data/dev/projects/ai/Trackey/trackey/research/EXTRACTED_HMDB51_FEATURES/dribble_How_to_Play_Professional_Basketball_-_The_Two_Dribble_Basketball_Drill_dribble_u_cm_np1_ri_med_2.pt,dribble,9
/data/dev/projects/ai/Trackey/trackey/research/EXTRACTED_HMDB51_FEATURES/dribble_JashaunKidsWhoRipAmazingBasketball_dribble_f_cm_np1_ba_med_7.pt,dribble,9
/data/dev/projects/ai/Trackey/trackey/research/EXTRACTED_HMDB51_FEATURES/dribble_JashaunKidsWhoRipAmazingBasketball_dribble_f_cm_np1_le_med_0.pt,dribble,9
/data/dev/projects/ai/Trackey/trackey/research/EXTRACTED_HMDB51_FEATURES/dribble_JashaunKidsWhoRipAmazingBasketball_dribble_f_cm_np1_le_med_1.pt,dribble,9
/data/dev/projects/ai/Trackey/trackey/research/EXTRACTED_HMDB51_FEATURES/dribble_JashaunKidsWhoRipAmazingBasketball_dribble_f_cm_np1_le_med_2.pt,dribble,9
/data/dev/projects/ai/Trackey/trackey/research/EXTRACTED_HMDB51_FEATURES/dribble_JordanWorld_sbest6yearoldBaller_dribble_f_cm_np1_fr_med_0.pt,dribble,9
/data/dev/projects/ai/Trackey/trackey/research/EXTRACTED_HMDB51_FEATURES/dribble_JordanWorld_sbest6yearoldBaller_dribble_f_cm_np1_fr_med_1.pt,dribble,9
/data/dev/projects/ai/Trackey/trackey/research/EXTRACTED_HMDB51_FEATURES/dribble_JordanWorld_sbest6yearoldBaller_dribble_f_cm_np1_fr_med_2.pt,dribble,9
/data/dev/projects/ai/Trackey/trackey/research/EXTRACTED_HMDB51_FEATURES/dribble_JordanWorld_sbest6yearoldBaller_dribble_f_cm_np1_fr_med_3.pt,dribble,9
/data/dev/projects/ai/Trackey/trackey/research/EXTRACTED_HMDB51_FEATURES/dribble_JordanWorld_sbest6yearoldBaller_dribble_f_cm_np1_fr_med_4.pt,dribble,9
/data/dev/projects/ai/Trackey/trackey/research/EXTRACTED_HMDB51_FEATURES/dribble_JordanWorld_sbest6yearoldBaller_dribble_f_cm_np1_fr_med_5.pt,dribble,9
/data/dev/projects/ai/Trackey/trackey/research/EXTRACTED_HMDB51_FEATURES/dribble_JordanWorld_sbest6yearoldBaller_dribble_f_cm_np1_fr_med_6.pt,dribble,9
/data/dev/projects/ai/Trackey/trackey/research/EXTRACTED_HMDB51_FEATURES/dribble_JordanWorld_sbest6yearoldBaller_dribble_f_cm_np1_fr_med_7.pt,dribble,9
/data/dev/projects/ai/Trackey/trackey/research/EXTRACTED_HMDB51_FEATURES/dribble_JordanWorld_sbest6yearoldBaller_dribble_f_cm_np1_fr_med_8.pt,dribble,9
/data/dev/projects/ai/Trackey/trackey/research/EXTRACTED_HMDB51_FEATURES/dribble_JordanWorld_sbest6yearoldBaller_dribble_f_cm_np1_fr_med_9.pt,dribble,9
/data/dev/projects/ai/Trackey/trackey/research/EXTRACTED_HMDB51_FEATURES/dribble_PlayingBasketballGotWater_dribble_f_nm_np1_ba_med_7.pt,dribble,9
/data/dev/projects/ai/Trackey/trackey/research/EXTRACTED_HMDB51_FEATURES/dribble_PlayingBasketballGotWater_dribble_f_nm_np1_fr_med_5.pt,dribble,9
/data/dev/projects/ai/Trackey/trackey/research/EXTRACTED_HMDB51_FEATURES/dribble_PlayingBasketball_dribble_f_nm_np1_fr_med_8.pt,dribble,9
/data/dev/projects/ai/Trackey/trackey/research/EXTRACTED_HMDB51_FEATURES/dribble_PlayingBasketball_dribble_f_nm_np1_le_med_0.pt,dribble,9
/data/dev/projects/ai/Trackey/trackey/research/EXTRACTED_HMDB51_FEATURES/dribble_PlayingBasketball_dribble_f_nm_np1_le_med_4.pt,dribble,9
/data/dev/projects/ai/Trackey/trackey/research/EXTRACTED_HMDB51_FEATURES/dribble_PlayingBasketball_dribble_f_nm_np2_le_med_3.pt,dribble,9
/data/dev/projects/ai/Trackey/trackey/research/EXTRACTED_HMDB51_FEATURES/dribble_SarahPlayingBasketBall_dribble_f_cm_np1_le_med_1.pt,dribble,9
/data/dev/projects/ai/Trackey/trackey/research/EXTRACTED_HMDB51_FEATURES/dribble_Sibu_Malaysia_Vacation_little_brother_dribbling_basketball_Sarawak_dribble_f_cm_np1_ba_bad_4.pt,dribble,9
/data/dev/projects/ai/Trackey/trackey/research/EXTRACTED_HMDB51_FEATURES/dribble_Sibu_Malaysia_Vacation_little_brother_dribbling_basketball_Sarawak_dribble_f_cm_np1_ba_bad_5.pt,dribble,9
/data/dev/projects/ai/Trackey/trackey/research/EXTRACTED_HMDB51_FEATURES/dribble_Sibu_Malaysia_Vacation_little_brother_dribbling_basketball_Sarawak_dribble_f_cm_np1_ba_med_6.pt,dribble,9
/data/dev/projects/ai/Trackey/trackey/research/EXTRACTED_HMDB51_FEATURES/dribble_Sibu_Malaysia_Vacation_little_brother_dribbling_basketball_Sarawak_dribble_f_cm_np1_fr_med_0.pt,dribble,9
/data/dev/projects/ai/Trackey/trackey/research/EXTRACTED_HMDB51_FEATURES/dribble_Sibu_Malaysia_Vacation_little_brother_dribbling_basketball_Sarawak_dribble_f_cm_np1_fr_med_1.pt,dribble,9
/data/dev/projects/ai/Trackey/trackey/research/EXTRACTED_HMDB51_FEATURES/dribble_Sibu_Malaysia_Vacation_little_brother_dribbling_basketball_Sarawak_dribble_f_cm_np1_fr_med_3.pt,dribble,9
/data/dev/projects/ai/Trackey/trackey/research/EXTRACTED_HMDB51_FEATURES/dribble_Sibu_Malaysia_Vacation_little_brother_dribbling_basketball_Sarawak_dribble_f_cm_np1_le_med_2.pt,dribble,9
/data/dev/projects/ai/Trackey/trackey/research/EXTRACTED_HMDB51_FEATURES/dribble_Sibu_Malaysia_Vacation_little_brother_dribbling_basketball_Sarawak_dribble_f_cm_np1_ri_med_7.pt,dribble,9
/data/dev/projects/ai/Trackey/trackey/research/EXTRACTED_HMDB51_FEATURES/dribble_World_Record_Basketball_Dribbler_dribble_f_cm_np1_fr_med_0.pt,dribble,9
/data/dev/projects/ai/Trackey/trackey/research/EXTRACTED_HMDB51_FEATURES/dribble_World_Record_Basketball_Dribbler_dribble_f_cm_np1_le_med_1.pt,dribble,9
/data/dev/projects/ai/Trackey/trackey/research/EXTRACTED_HMDB51_FEATURES/dribble_World_Record_Basketball_Dribbler_dribble_f_cm_np1_le_med_2.pt,dribble,9
/data/dev/projects/ai/Trackey/trackey/research/EXTRACTED_HMDB51_FEATURES/drink_20060723sfjffsomelikeitwarmed_drink_f_nm_np1_fr_med_5.pt,drink,10
/data/dev/projects/ai/Trackey/trackey/research/EXTRACTED_HMDB51_FEATURES/drink_21_drink_u_nm_np1_fr_goo_9.pt,drink,10
/data/dev/projects/ai/Trackey/trackey/research/EXTRACTED_HMDB51_FEATURES/drink_310ToYuma_drink_h_cm_np1_le_goo_3.pt,drink,10
/data/dev/projects/ai/Trackey/trackey/research/EXTRACTED_HMDB51_FEATURES/drink_310ToYuma_drink_h_nm_np1_fr_goo_2.pt,drink,10
/data/dev/projects/ai/Trackey/trackey/research/EXTRACTED_HMDB51_FEATURES/drink_310ToYuma_drink_u_nm_np1_le_goo_5.pt,drink,10
/data/dev/projects/ai/Trackey/trackey/research/EXTRACTED_HMDB51_FEATURES/drink_50_FIRST_DATES_drink_u_nm_np1_fr_goo_29.pt,drink,10
/data/dev/projects/ai/Trackey/trackey/research/EXTRACTED_HMDB51_FEATURES/drink_AMADEUS_drink_u_nm_np1_fr_goo_11.pt,drink,10
/data/dev/projects/ai/Trackey/trackey/research/EXTRACTED_HMDB51_FEATURES/drink_A_Beautiful_Mind_1_drink_u_cm_np1_fr_goo_4.pt,drink,10
/data/dev/projects/ai/Trackey/trackey/research/EXTRACTED_HMDB51_FEATURES/drink_A_Beautiful_Mind_1_drink_u_nm_np1_ri_goo_6.pt,drink,10
/data/dev/projects/ai/Trackey/trackey/research/EXTRACTED_HMDB51_FEATURES/drink_AboutABoy_drink_u_nm_np1_fr_goo_8.pt,drink,10
/data/dev/projects/ai/Trackey/trackey/research/EXTRACTED_HMDB51_FEATURES/drink_AllThePresidentMen_drink_f_nm_np1_ri_med_8.pt,drink,10
/data/dev/projects/ai/Trackey/trackey/research/EXTRACTED_HMDB51_FEATURES/drink_AllThePresidentMen_drink_f_nm_np2_ri_med_2.pt,drink,10
/data/dev/projects/ai/Trackey/trackey/research/EXTRACTED_HMDB51_FEATURES/drink_AllThePresidentMen_drink_h_nm_np1_fr_goo_5.pt,drink,10
/data/dev/projects/ai/Trackey/trackey/research/EXTRACTED_HMDB51_FEATURES/drink_AllThePresidentMen_drink_u_nm_np1_fr_goo_4.pt,drink,10
/data/dev/projects/ai/Trackey/trackey/research/EXTRACTED_HMDB51_FEATURES/drink_AmericanGangster_drink_h_nm_np1_fr_goo_17.pt,drink,10
/data/dev/projects/ai/Trackey/trackey/research/EXTRACTED_HMDB51_FEATURES/drink_AmericanGangster_drink_h_nm_np1_fr_goo_27.pt,drink,10
/data/dev/projects/ai/Trackey/trackey/research/EXTRACTED_HMDB51_FEATURES/drink_AmericanGangster_drink_h_nm_np1_fr_goo_53.pt,drink,10
/data/dev/projects/ai/Trackey/trackey/research/EXTRACTED_HMDB51_FEATURES/drink_AmericanGangster_drink_h_nm_np1_fr_goo_68.pt,drink,10
/data/dev/projects/ai/Trackey/trackey/research/EXTRACTED_HMDB51_FEATURES/drink_AmericanGangster_drink_h_nm_np1_fr_goo_69.pt,drink,10
/data/dev/projects/ai/Trackey/trackey/research/EXTRACTED_HMDB51_FEATURES/drink_AmericanGangster_drink_h_nm_np1_fr_med_28.pt,drink,10
/data/dev/projects/ai/Trackey/trackey/research/EXTRACTED_HMDB51_FEATURES/drink_AmericanGangster_drink_h_nm_np1_ri_bad_4.pt,drink,10
/data/dev/projects/ai/Trackey/trackey/research/EXTRACTED_HMDB51_FEATURES/drink_AmericanGangster_drink_h_nm_np1_ri_med_3.pt,drink,10
/data/dev/projects/ai/Trackey/trackey/research/EXTRACTED_HMDB51_FEATURES/drink_AmericanGangster_drink_u_cm_np1_fr_med_36.pt,drink,10
/data/dev/projects/ai/Trackey/trackey/research/EXTRACTED_HMDB51_FEATURES/drink_AmericanGangster_drink_u_cm_np1_fr_med_52.pt,drink,10
/data/dev/projects/ai/Trackey/trackey/research/EXTRACTED_HMDB51_FEATURES/drink_AmericanGangster_drink_u_nm_np1_fr_goo_44.pt,drink,10
/data/dev/projects/ai/Trackey/trackey/research/EXTRACTED_HMDB51_FEATURES/drink_AmericanGangster_drink_u_nm_np1_fr_goo_67.pt,drink,10
/data/dev/projects/ai/Trackey/trackey/research/EXTRACTED_HMDB51_FEATURES/drink_AmericanGangster_drink_u_nm_np1_fr_med_39.pt,drink,10
/data/dev/projects/ai/Trackey/trackey/research/EXTRACTED_HMDB51_FEATURES/drink_AmericanGangster_drink_u_nm_np1_fr_med_40.pt,drink,10
/data/dev/projects/ai/Trackey/trackey/research/EXTRACTED_HMDB51_FEATURES/drink_AmericanGangster_drink_u_nm_np1_fr_med_47.pt,drink,10
/data/dev/projects/ai/Trackey/trackey/research/EXTRACTED_HMDB51_FEATURES/drink_AmericanGangster_drink_u_nm_np1_le_goo_46.pt,drink,10
/data/dev/projects/ai/Trackey/trackey/research/EXTRACTED_HMDB51_FEATURES/drink_American_History_X_drink_h_nm_np1_fr_goo_46.pt,drink,10
/data/dev/projects/ai/Trackey/trackey/research/EXTRACTED_HMDB51_FEATURES/drink_BATMAN_BEGINS_drink_h_nm_np1_fr_goo_13.pt,drink,10
/data/dev/projects/ai/Trackey/trackey/research/EXTRACTED_HMDB51_FEATURES/drink_BATMAN_BEGINS_drink_h_nm_np1_fr_goo_9.pt,drink,10
/data/dev/projects/ai/Trackey/trackey/research/EXTRACTED_HMDB51_FEATURES/drink_BATMAN_BEGINS_drink_u_nm_np1_fr_goo_12.pt,drink,10
/data/dev/projects/ai/Trackey/trackey/research/EXTRACTED_HMDB51_FEATURES/drink_BIG_FISH_drink_f_nm_np1_le_goo_7.pt,drink,10
/data/dev/projects/ai/Trackey/trackey/research/EXTRACTED_HMDB51_FEATURES/drink_BIG_FISH_drink_h_nm_np1_fr_goo_6.pt,drink,10
/data/dev/projects/ai/Trackey/trackey/research/EXTRACTED_HMDB51_FEATURES/drink_BIG_FISH_drink_h_nm_np1_ri_goo_25.pt,drink,10
/data/dev/projects/ai/Trackey/trackey/research/EXTRACTED_HMDB51_FEATURES/drink_BIG_FISH_drink_u_nm_np1_fr_goo_5.pt,drink,10
/data/dev/projects/ai/Trackey/trackey/research/EXTRACTED_HMDB51_FEATURES/drink_BLACK_HAWK_DOWN_drink_h_nm_np1_fr_bad_36.pt,drink,10
/data/dev/projects/ai/Trackey/trackey/research/EXTRACTED_HMDB51_FEATURES/drink_BLACK_HAWK_DOWN_drink_h_nm_np1_fr_goo_37.pt,drink,10
/data/dev/projects/ai/Trackey/trackey/research/EXTRACTED_HMDB51_FEATURES/drink_BLACK_HAWK_DOWN_drink_h_nm_np1_fr_goo_39.pt,drink,10
/data/dev/projects/ai/Trackey/trackey/research/EXTRACTED_HMDB51_FEATURES/drink_BLACK_HAWK_DOWN_drink_u_nm_np1_fr_goo_38.pt,drink,10
/data/dev/projects/ai/Trackey/trackey/research/EXTRACTED_HMDB51_FEATURES/drink_BLACK_HAWK_DOWN_drink_u_nm_np1_fr_goo_4.pt,drink,10
/data/dev/projects/ai/Trackey/trackey/research/EXTRACTED_HMDB51_FEATURES/drink_BLACK_HAWK_DOWN_drink_u_nm_np1_fr_goo_5.pt,drink,10
/data/dev/projects/ai/Trackey/trackey/research/EXTRACTED_HMDB51_FEATURES/drink_BRIDGETOTERABITHIA_drink_h_nm_np1_fr_goo_3.pt,drink,10
/data/dev/projects/ai/Trackey/trackey/research/EXTRACTED_HMDB51_FEATURES/drink_CasinoRoyale_drink_h_nm_np1_fr_goo_6.pt,drink,10
/data/dev/projects/ai/Trackey/trackey/research/EXTRACTED_HMDB51_FEATURES/drink_CastAway1_drink_h_cm_np1_le_goo_17.pt,drink,10
/data/dev/projects/ai/Trackey/trackey/research/EXTRACTED_HMDB51_FEATURES/drink_CastAway1_drink_u_nm_np1_ri_goo_7.pt,drink,10
/data/dev/projects/ai/Trackey/trackey/research/EXTRACTED_HMDB51_FEATURES/drink_CastAway2_drink_h_cm_np1_ri_goo_6.pt,drink,10
/data/dev/projects/ai/Trackey/trackey/research/EXTRACTED_HMDB51_FEATURES/drink_CastAway2_drink_u_cm_np1_le_goo_8.pt,drink,10
/data/dev/projects/ai/Trackey/trackey/research/EXTRACTED_HMDB51_FEATURES/drink_CharlieAndTheChocolateFactory_drink_h_nm_np1_fr_goo_25.pt,drink,10
/data/dev/projects/ai/Trackey/trackey/research/EXTRACTED_HMDB51_FEATURES/drink_CharlieAndTheChocolateFactory_drink_h_nm_np1_fr_goo_26.pt,drink,10
/data/dev/projects/ai/Trackey/trackey/research/EXTRACTED_HMDB51_FEATURES/drink_ChildrenOfMen_drink_u_cm_np1_fr_goo_2.pt,drink,10
/data/dev/projects/ai/Trackey/trackey/research/EXTRACTED_HMDB51_FEATURES/drink_ChildrenOfMen_drink_u_nm_np1_fr_goo_0.pt,drink,10
/data/dev/projects/ai/Trackey/trackey/research/EXTRACTED_HMDB51_FEATURES/drink_DONNIE_DARKO_drink_u_nm_np1_fr_goo_4.pt,drink,10
/data/dev/projects/ai/Trackey/trackey/research/EXTRACTED_HMDB51_FEATURES/drink_EVOLUTION_drink_u_cm_np1_fr_goo_11.pt,drink,10
/data/dev/projects/ai/Trackey/trackey/research/EXTRACTED_HMDB51_FEATURES/drink_EasternPromises_drink_u_nm_np1_ri_goo_0.pt,drink,10
/data/dev/projects/ai/Trackey/trackey/research/EXTRACTED_HMDB51_FEATURES/drink_EasternPromises_drink_u_nm_np2_fr_goo_1.pt,drink,10
/data/dev/projects/ai/Trackey/trackey/research/EXTRACTED_HMDB51_FEATURES/drink_Eurotrip_drink_h_nm_np1_ri_goo_7.pt,drink,10
/data/dev/projects/ai/Trackey/trackey/research/EXTRACTED_HMDB51_FEATURES/drink_Fellowship_2_drink_u_nm_np1_fr_goo_0.pt,drink,10
/data/dev/projects/ai/Trackey/trackey/research/EXTRACTED_HMDB51_FEATURES/drink_Finding_Forrester_3_drink_h_nm_np1_fr_med_16.pt,drink,10
/data/dev/projects/ai/Trackey/trackey/research/EXTRACTED_HMDB51_FEATURES/drink_Finding_Forrester_3_drink_u_nm_np1_fr_goo_15.pt,drink,10
/data/dev/projects/ai/Trackey/trackey/research/EXTRACTED_HMDB51_FEATURES/drink_Finding_Forrester_4_drink_h_cm_np1_ri_med_4.pt,drink,10
/data/dev/projects/ai/Trackey/trackey/research/EXTRACTED_HMDB51_FEATURES/drink_Finding_Forrester_5_drink_h_cm_np1_ri_goo_3.pt,drink,10
/data/dev/projects/ai/Trackey/trackey/research/EXTRACTED_HMDB51_FEATURES/drink_GardenWiseA256kb_drink_u_cm_np1_fr_goo_0.pt,drink,10
/data/dev/projects/ai/Trackey/trackey/research/EXTRACTED_HMDB51_FEATURES/drink_Gattaca_drink_h_cm_np1_fr_goo_2.pt,drink,10
/data/dev/projects/ai/Trackey/trackey/research/EXTRACTED_HMDB51_FEATURES/drink_Gattaca_drink_h_cm_np1_fr_goo_4.pt,drink,10
/data/dev/projects/ai/Trackey/trackey/research/EXTRACTED_HMDB51_FEATURES/drink_Gattaca_drink_h_nm_np1_fr_goo_3.pt,drink,10
/data/dev/projects/ai/Trackey/trackey/research/EXTRACTED_HMDB51_FEATURES/drink_GoneBabyGone_drink_h_cm_np1_fr_goo_1.pt,drink,10
/data/dev/projects/ai/Trackey/trackey/research/EXTRACTED_HMDB51_FEATURES/drink_GoneBabyGone_drink_u_cm_np1_le_med_2.pt,drink,10
/data/dev/projects/ai/Trackey/trackey/research/EXTRACTED_HMDB51_FEATURES/drink_Hitch_Part_1_drink_h_nm_np1_le_goo_5.pt,drink,10
/data/dev/projects/ai/Trackey/trackey/research/EXTRACTED_HMDB51_FEATURES/drink_Hitch_Part_2_drink_h_nm_np1_le_goo_5.pt,drink,10
/data/dev/projects/ai/Trackey/trackey/research/EXTRACTED_HMDB51_FEATURES/drink_IamLegend_drink_h_nm_np1_fr_goo_22.pt,drink,10
/data/dev/projects/ai/Trackey/trackey/research/EXTRACTED_HMDB51_FEATURES/drink_IndianaJonesandTheTempleofDoom_drink_h_nm_np1_fr_goo_1.pt,drink,10
/data/dev/projects/ai/Trackey/trackey/research/EXTRACTED_HMDB51_FEATURES/drink_Italian_Job_4_drink_u_nm_np1_fr_goo_0.pt,drink,10
/data/dev/projects/ai/Trackey/trackey/research/EXTRACTED_HMDB51_FEATURES/drink_Juno_drink_h_nm_np1_fr_goo_0.pt,drink,10
/data/dev/projects/ai/Trackey/trackey/research/EXTRACTED_HMDB51_FEATURES/drink_KUNG_FU_HUSTLE_drink_h_cm_np1_fr_goo_5.pt,drink,10
/data/dev/projects/ai/Trackey/trackey/research/EXTRACTED_HMDB51_FEATURES/drink_LONGESTYARD_drink_u_cm_np1_fr_goo_1.pt,drink,10
/data/dev/projects/ai/Trackey/trackey/research/EXTRACTED_HMDB51_FEATURES/drink_LONGESTYARD_drink_u_cm_np1_fr_med_20.pt,drink,10
/data/dev/projects/ai/Trackey/trackey/research/EXTRACTED_HMDB51_FEATURES/drink_LittleChildren_drink_h_nm_np1_fr_goo_5.pt,drink,10
/data/dev/projects/ai/Trackey/trackey/research/EXTRACTED_HMDB51_FEATURES/drink_LittleChildren_drink_h_nm_np1_fr_goo_6.pt,drink,10
/data/dev/projects/ai/Trackey/trackey/research/EXTRACTED_HMDB51_FEATURES/drink_MeettheFockers_drink_u_cm_np1_fr_goo_4.pt,drink,10
/data/dev/projects/ai/Trackey/trackey/research/EXTRACTED_HMDB51_FEATURES/drink_MeettheFockers_drink_u_nm_np1_fr_goo_10.pt,drink,10
/data/dev/projects/ai/Trackey/trackey/research/EXTRACTED_HMDB51_FEATURES/drink_MeettheFockers_drink_u_nm_np1_fr_goo_6.pt,drink,10
/data/dev/projects/ai/Trackey/trackey/research/EXTRACTED_HMDB51_FEATURES/drink_MeettheParents_drink_u_nm_np1_fr_goo_4.pt,drink,10
/data/dev/projects/ai/Trackey/trackey/research/EXTRACTED_HMDB51_FEATURES/drink_Oceans11_drink_h_nm_np1_fr_goo_3.pt,drink,10
/data/dev/projects/ai/Trackey/trackey/research/EXTRACTED_HMDB51_FEATURES/drink_Oceans11_drink_h_nm_np1_fr_goo_4.pt,drink,10
/data/dev/projects/ai/Trackey/trackey/research/EXTRACTED_HMDB51_FEATURES/drink_Oceans11_drink_h_nm_np1_fr_goo_8.pt,drink,10
/data/dev/projects/ai/Trackey/trackey/research/EXTRACTED_HMDB51_FEATURES/drink_Oceans11_drink_h_nm_np1_le_goo_5.pt,drink,10
/data/dev/projects/ai/Trackey/trackey/research/EXTRACTED_HMDB51_FEATURES/drink_Oceans12_drink_u_nm_np1_fr_goo_15.pt,drink,10
/data/dev/projects/ai/Trackey/trackey/research/EXTRACTED_HMDB51_FEATURES/drink_Oceans13_drink_h_nm_np1_fr_goo_3.pt,drink,10
/data/dev/projects/ai/Trackey/trackey/research/EXTRACTED_HMDB51_FEATURES/drink_Oceans13_drink_u_nm_np1_ri_goo_4.pt,drink,10
/data/dev/projects/ai/Trackey/trackey/research/EXTRACTED_HMDB51_FEATURES/drink_OldSchool_drink_h_nm_np1_fr_goo_4.pt,drink,10
/data/dev/projects/ai/Trackey/trackey/research/EXTRACTED_HMDB51_FEATURES/drink_OldSchool_drink_u_nm_np1_fr_goo_12.pt,drink,10
/data/dev/projects/ai/Trackey/trackey/research/EXTRACTED_HMDB51_FEATURES/drink_OldSchool_drink_u_nm_np1_ri_goo_25.pt,drink,10
/data/dev/projects/ai/Trackey/trackey/research/EXTRACTED_HMDB51_FEATURES/drink_OldSchool_drink_u_nm_np1_ri_goo_5.pt,drink,10
/data/dev/projects/ai/Trackey/trackey/research/EXTRACTED_HMDB51_FEATURES/drink_Pirates_1_drink_u_nm_np1_fr_goo_0.pt,drink,10
/data/dev/projects/ai/Trackey/trackey/research/EXTRACTED_HMDB51_FEATURES/drink_Pirates_5_drink_u_nm_np2_fr_med_7.pt,drink,10
/data/dev/projects/ai/Trackey/trackey/research/EXTRACTED_HMDB51_FEATURES/drink_Prelinger_HabitPat1954_drink_u_nm_np1_fr_goo_15.pt,drink,10
/data/dev/projects/ai/Trackey/trackey/research/EXTRACTED_HMDB51_FEATURES/drink_RATRACE_drink_h_nm_np1_fr_goo_0.pt,drink,10
/data/dev/projects/ai/Trackey/trackey/research/EXTRACTED_HMDB51_FEATURES/drink_RATRACE_drink_h_nm_np1_fr_goo_11.pt,drink,10
/data/dev/projects/ai/Trackey/trackey/research/EXTRACTED_HMDB51_FEATURES/drink_RATRACE_drink_u_cm_np1_fr_goo_31.pt,drink,10
/data/dev/projects/ai/Trackey/trackey/research/EXTRACTED_HMDB51_FEATURES/drink_RATRACE_drink_u_nm_np1_ri_goo_5.pt,drink,10
/data/dev/projects/ai/Trackey/trackey/research/EXTRACTED_HMDB51_FEATURES/drink_RATRACE_drink_u_nm_np1_ri_med_19.pt,drink,10
/data/dev/projects/ai/Trackey/trackey/research/EXTRACTED_HMDB51_FEATURES/drink_RETURN_OF_THE_KING_drink_f_nm_np1_fr_med_9.pt,drink,10
/data/dev/projects/ai/Trackey/trackey/research/EXTRACTED_HMDB51_FEATURES/drink_RETURN_OF_THE_KING_drink_h_cm_np1_ri_goo_48.pt,drink,10
/data/dev/projects/ai/Trackey/trackey/research/EXTRACTED_HMDB51_FEATURES/drink_RETURN_OF_THE_KING_drink_h_nm_np1_fr_goo_54.pt,drink,10
/data/dev/projects/ai/Trackey/trackey/research/EXTRACTED_HMDB51_FEATURES/drink_RETURN_OF_THE_KING_drink_h_nm_np1_ri_goo_13.pt,drink,10
/data/dev/projects/ai/Trackey/trackey/research/EXTRACTED_HMDB51_FEATURES/drink_RETURN_OF_THE_KING_drink_h_nm_np1_ri_goo_47.pt,drink,10
/data/dev/projects/ai/Trackey/trackey/research/EXTRACTED_HMDB51_FEATURES/drink_RETURN_OF_THE_KING_drink_u_cm_np2_fr_goo_2.pt,drink,10
/data/dev/projects/ai/Trackey/trackey/research/EXTRACTED_HMDB51_FEATURES/drink_Return_of_the_King_13_drink_h_nm_np1_fr_goo_1.pt,drink,10
/data/dev/projects/ai/Trackey/trackey/research/EXTRACTED_HMDB51_FEATURES/drink_Return_of_the_King_13_drink_u_nm_np4_le_med_0.pt,drink,10
/data/dev/projects/ai/Trackey/trackey/research/EXTRACTED_HMDB51_FEATURES/drink_Return_of_the_King_2_drink_h_nm_np1_fr_goo_2.pt,drink,10
/data/dev/projects/ai/Trackey/trackey/research/EXTRACTED_HMDB51_FEATURES/drink_Return_of_the_King_2_drink_h_nm_np1_fr_goo_3.pt,drink,10
/data/dev/projects/ai/Trackey/trackey/research/EXTRACTED_HMDB51_FEATURES/drink_Return_of_the_King_2_drink_h_nm_np1_fr_goo_4.pt,drink,10
/data/dev/projects/ai/Trackey/trackey/research/EXTRACTED_HMDB51_FEATURES/drink_Return_of_the_King_2_drink_h_nm_np1_fr_goo_5.pt,drink,10
/data/dev/projects/ai/Trackey/trackey/research/EXTRACTED_HMDB51_FEATURES/drink_Return_of_the_King_2_drink_u_nm_np2_fr_goo_1.pt,drink,10
/data/dev/projects/ai/Trackey/trackey/research/EXTRACTED_HMDB51_FEATURES/drink_Return_of_the_King_5_drink_h_nm_np1_ri_goo_0.pt,drink,10
/data/dev/projects/ai/Trackey/trackey/research/EXTRACTED_HMDB51_FEATURES/drink_Shadow_of_a_Doubt_drink_h_nm_np1_fr_goo_8.pt,drink,10
/data/dev/projects/ai/Trackey/trackey/research/EXTRACTED_HMDB51_FEATURES/drink_SocialSeminarBunny_drink_h_nm_np1_le_med_0.pt,drink,10
/data/dev/projects/ai/Trackey/trackey/research/EXTRACTED_HMDB51_FEATURES/drink_SocialSeminarChanging_drink_h_cm_np1_fr_med_0.pt,drink,10
/data/dev/projects/ai/Trackey/trackey/research/EXTRACTED_HMDB51_FEATURES/drink_SocialSeminarTom_drink_h_nm_np1_fr_goo_0.pt,drink,10
/data/dev/projects/ai/Trackey/trackey/research/EXTRACTED_HMDB51_FEATURES/drink_SweeneyTodd_drink_h_nm_np1_fr_bad_3.pt,drink,10
/data/dev/projects/ai/Trackey/trackey/research/EXTRACTED_HMDB51_FEATURES/drink_SweeneyTodd_drink_h_nm_np1_fr_med_4.pt,drink,10
/data/dev/projects/ai/Trackey/trackey/research/EXTRACTED_HMDB51_FEATURES/drink_SweeneyTodd_drink_u_cm_np1_le_med_22.pt,drink,10
/data/dev/projects/ai/Trackey/trackey/research/EXTRACTED_HMDB51_FEATURES/drink_SweeneyTodd_drink_u_nm_np1_fr_goo_26.pt,drink,10
/data/dev/projects/ai/Trackey/trackey/research/EXTRACTED_HMDB51_FEATURES/drink_SweeneyTodd_drink_u_nm_np1_le_goo_23.pt,drink,10
/data/dev/projects/ai/Trackey/trackey/research/EXTRACTED_HMDB51_FEATURES/drink_TheBoondockSaints_drink_f_cm_np1_fr_med_114.pt,drink,10
/data/dev/projects/ai/Trackey/trackey/research/EXTRACTED_HMDB51_FEATURES/drink_TheBoondockSaints_drink_h_nm_np1_ri_med_16.pt,drink,10
/data/dev/projects/ai/Trackey/trackey/research/EXTRACTED_HMDB51_FEATURES/drink_TheBoondockSaints_drink_h_nm_np1_ri_med_79.pt,drink,10
/data/dev/projects/ai/Trackey/trackey/research/EXTRACTED_HMDB51_FEATURES/drink_TheBoondockSaints_drink_u_cm_np1_fr_med_115.pt,drink,10
/data/dev/projects/ai/Trackey/trackey/research/EXTRACTED_HMDB51_FEATURES/drink_TheBoondockSaints_drink_u_cm_np1_fr_med_78.pt,drink,10
/data/dev/projects/ai/Trackey/trackey/research/EXTRACTED_HMDB51_FEATURES/drink_TheBoondockSaints_drink_u_nm_np1_fr_med_74.pt,drink,10
/data/dev/projects/ai/Trackey/trackey/research/EXTRACTED_HMDB51_FEATURES/drink_TheBoondockSaints_drink_u_nm_np1_fr_med_75.pt,drink,10
/data/dev/projects/ai/Trackey/trackey/research/EXTRACTED_HMDB51_FEATURES/drink_TheBoondockSaints_drink_u_nm_np1_fr_med_77.pt,drink,10
/data/dev/projects/ai/Trackey/trackey/research/EXTRACTED_HMDB51_FEATURES/drink_TheBoondockSaints_drink_u_nm_np1_fr_med_80.pt,drink,10
/data/dev/projects/ai/Trackey/trackey/research/EXTRACTED_HMDB51_FEATURES/drink_TheBoondockSaints_drink_u_nm_np2_fr_goo_99.pt,drink,10
/data/dev/projects/ai/Trackey/trackey/research/EXTRACTED_HMDB51_FEATURES/drink_TheLastManOnearth_drink_f_cm_np1_ri_med_12.pt,drink,10
/data/dev/projects/ai/Trackey/trackey/research/EXTRACTED_HMDB51_FEATURES/drink_TheLastManOnearth_drink_u_nm_np1_fr_goo_6.pt,drink,10
/data/dev/projects/ai/Trackey/trackey/research/EXTRACTED_HMDB51_FEATURES/drink_TheLastManOnearth_drink_u_nm_np1_fr_goo_7.pt,drink,10
/data/dev/projects/ai/Trackey/trackey/research/EXTRACTED_HMDB51_FEATURES/drink_TheLastManOnearth_drink_u_nm_np1_fr_med_34.pt,drink,10
/data/dev/projects/ai/Trackey/trackey/research/EXTRACTED_HMDB51_FEATURES/drink_ThePerfectScore_drink_u_cm_np1_fr_goo_5.pt,drink,10
/data/dev/projects/ai/Trackey/trackey/research/EXTRACTED_HMDB51_FEATURES/drink_TheRoyalTenenbaums_drink_u_nm_np1_le_goo_1.pt,drink,10
/data/dev/projects/ai/Trackey/trackey/research/EXTRACTED_HMDB51_FEATURES/drink_The_Departed_-_Part_1_drink_h_nm_np1_fr_goo_6.pt,drink,10
/data/dev/projects/ai/Trackey/trackey/research/EXTRACTED_HMDB51_FEATURES/drink_The_Departed_-_Part_1_drink_h_nm_np1_fr_goo_8.pt,drink,10
/data/dev/projects/ai/Trackey/trackey/research/EXTRACTED_HMDB51_FEATURES/drink_The_Departed_-_Part_1_drink_u_nm_np1_fr_goo_7.pt,drink,10
/data/dev/projects/ai/Trackey/trackey/research/EXTRACTED_HMDB51_FEATURES/drink_The_Departed_-_Part_2_drink_u_nm_np1_fr_bad_0.pt,drink,10
/data/dev/projects/ai/Trackey/trackey/research/EXTRACTED_HMDB51_FEATURES/drink_The_Fugitive_5_drink_h_nm_np1_ri_goo_5.pt,drink,10
/data/dev/projects/ai/Trackey/trackey/research/EXTRACTED_HMDB51_FEATURES/drink_The_House_on_Haunted_Hill_drink_h_nm_np1_fr_goo_1.pt,drink,10
/data/dev/projects/ai/Trackey/trackey/research/EXTRACTED_HMDB51_FEATURES/drink_The_House_on_Haunted_Hill_drink_h_nm_np1_fr_goo_3.pt,drink,10
/data/dev/projects/ai/Trackey/trackey/research/EXTRACTED_HMDB51_FEATURES/drink_The_House_on_Haunted_Hill_drink_u_nm_np1_fr_goo_2.pt,drink,10
/data/dev/projects/ai/Trackey/trackey/research/EXTRACTED_HMDB51_FEATURES/drink_The_Matrix_3_drink_h_nm_np1_ri_goo_11.pt,drink,10
/data/dev/projects/ai/Trackey/trackey/research/EXTRACTED_HMDB51_FEATURES/drink_The_Matrix_3_drink_h_nm_np1_ri_goo_9.pt,drink,10
/data/dev/projects/ai/Trackey/trackey/research/EXTRACTED_HMDB51_FEATURES/drink_The_Matrix_3_drink_u_nm_np1_ri_med_10.pt,drink,10
/data/dev/projects/ai/Trackey/trackey/research/EXTRACTED_HMDB51_FEATURES/drink_TrumanShow_drink_h_nm_np1_ri_goo_22.pt,drink,10
/data/dev/projects/ai/Trackey/trackey/research/EXTRACTED_HMDB51_FEATURES/drink_Two_Towers_3_drink_h_nm_np1_fr_goo_11.pt,drink,10
/data/dev/projects/ai/Trackey/trackey/research/EXTRACTED_HMDB51_FEATURES/drink_Veoh_Alpha_Dog_1_drink_h_nm_np1_fr_goo_61.pt,drink,10
/data/dev/projects/ai/Trackey/trackey/research/EXTRACTED_HMDB51_FEATURES/drink_Veoh_Alpha_Dog_1_drink_u_nm_np1_fr_goo_40.pt,drink,10
/data/dev/projects/ai/Trackey/trackey/research/EXTRACTED_HMDB51_FEATURES/drink_Veoh_Alpha_Dog_2_drink_u_nm_np1_fr_goo_5.pt,drink,10
/data/dev/projects/ai/Trackey/trackey/research/EXTRACTED_HMDB51_FEATURES/drink_WeddingCrashers_drink_h_cm_np1_le_goo_5.pt,drink,10
/data/dev/projects/ai/Trackey/trackey/research/EXTRACTED_HMDB51_FEATURES/drink_WeddingCrashers_drink_h_nm_np2_fr_goo_15.pt,drink,10
/data/dev/projects/ai/Trackey/trackey/research/EXTRACTED_HMDB51_FEATURES/drink_gangboy256kb_drink_h_nm_np1_ri_goo_0.pt,drink,10
/data/dev/projects/ai/Trackey/trackey/research/EXTRACTED_HMDB51_FEATURES/drink_prideandprejudice1_drink_u_nm_np1_fr_goo_12.pt,drink,10
/data/dev/projects/ai/Trackey/trackey/research/EXTRACTED_HMDB51_FEATURES/drink_prideandprejudice1_drink_u_nm_np1_fr_goo_7.pt,drink,10
/data/dev/projects/ai/Trackey/trackey/research/EXTRACTED_HMDB51_FEATURES/eat_20060723sfjffdabaum_eat_h_cm_np1_fr_goo_0.pt,eat,11
/data/dev/projects/ai/Trackey/trackey/research/EXTRACTED_HMDB51_FEATURES/eat_20060723sfjffsomelikeitwarmed_eat_u_cm_np1_fr_med_2.pt,eat,11
/data/dev/projects/ai/Trackey/trackey/research/EXTRACTED_HMDB51_FEATURES/eat_20060723sfjffsomelikeitwarmed_eat_u_cm_np1_ri_med_3.pt,eat,11
/data/dev/projects/ai/Trackey/trackey/research/EXTRACTED_HMDB51_FEATURES/eat_310ToYuma_eat_u_nm_np1_fr_med_4.pt,eat,11
/data/dev/projects/ai/Trackey/trackey/research/EXTRACTED_HMDB51_FEATURES/eat_AMADEUS_eat_u_nm_np1_fr_goo_10.pt,eat,11
/data/dev/projects/ai/Trackey/trackey/research/EXTRACTED_HMDB51_FEATURES/eat_AMADEUS_eat_u_nm_np1_fr_med_5.pt,eat,11
/data/dev/projects/ai/Trackey/trackey/research/EXTRACTED_HMDB51_FEATURES/eat_AMADEUS_eat_u_nm_np1_fr_med_6.pt,eat,11
/data/dev/projects/ai/Trackey/trackey/research/EXTRACTED_HMDB51_FEATURES/eat_APOCALYPTO_eat_u_nm_np1_fr_goo_6.pt,eat,11
/data/dev/projects/ai/Trackey/trackey/research/EXTRACTED_HMDB51_FEATURES/eat_AmericanGangster_eat_u_cm_np1_fr_bad_62.pt,eat,11
/data/dev/projects/ai/Trackey/trackey/research/EXTRACTED_HMDB51_FEATURES/eat_AmericanGangster_eat_u_nm_np1_fr_med_12.pt,eat,11
/data/dev/projects/ai/Trackey/trackey/research/EXTRACTED_HMDB51_FEATURES/eat_American_History_X_eat_h_nm_np1_fr_goo_47.pt,eat,11
/data/dev/projects/ai/Trackey/trackey/research/EXTRACTED_HMDB51_FEATURES/eat_BIG_FISH_eat_h_nm_np1_fr_goo_15.pt,eat,11
/data/dev/projects/ai/Trackey/trackey/research/EXTRACTED_HMDB51_FEATURES/eat_BIG_FISH_eat_h_nm_np1_ri_goo_30.pt,eat,11
/data/dev/projects/ai/Trackey/trackey/research/EXTRACTED_HMDB51_FEATURES/eat_BIG_FISH_eat_u_nm_np1_fr_goo_16.pt,eat,11
/data/dev/projects/ai/Trackey/trackey/research/EXTRACTED_HMDB51_FEATURES/eat_BIG_FISH_eat_u_nm_np1_fr_goo_19.pt,eat,11
/data/dev/projects/ai/Trackey/trackey/research/EXTRACTED_HMDB51_FEATURES/eat_BeforeNightFalls_eat_u_nm_np1_fr_med_0.pt,eat,11
/data/dev/projects/ai/Trackey/trackey/research/EXTRACTED_HMDB51_FEATURES/eat_CastAway1_eat_h_nm_np1_fr_goo_22.pt,eat,11
/data/dev/projects/ai/Trackey/trackey/research/EXTRACTED_HMDB51_FEATURES/eat_CastAway1_eat_h_nm_np1_fr_goo_8.pt,eat,11
/data/dev/projects/ai/Trackey/trackey/research/EXTRACTED_HMDB51_FEATURES/eat_CastAway1_eat_u_nm_np1_fr_med_23.pt,eat,11
/data/dev/projects/ai/Trackey/trackey/research/EXTRACTED_HMDB51_FEATURES/eat_CastAway1_eat_u_nm_np2_fr_goo_6.pt,eat,11
/data/dev/projects/ai/Trackey/trackey/research/EXTRACTED_HMDB51_FEATURES/eat_CastAway1_eat_u_nm_np2_fr_med_5.pt,eat,11
/data/dev/projects/ai/Trackey/trackey/research/EXTRACTED_HMDB51_FEATURES/eat_CastAway2_eat_h_cm_np1_fr_goo_1.pt,eat,11
/data/dev/projects/ai/Trackey/trackey/research/EXTRACTED_HMDB51_FEATURES/eat_CastAway2_eat_u_nm_np1_fr_med_0.pt,eat,11
/data/dev/projects/ai/Trackey/trackey/research/EXTRACTED_HMDB51_FEATURES/eat_CharlieAndTheChocolateFactory_eat_h_nm_np1_fr_goo_10.pt,eat,11
/data/dev/projects/ai/Trackey/trackey/research/EXTRACTED_HMDB51_FEATURES/eat_CharlieAndTheChocolateFactory_eat_h_nm_np1_fr_goo_21.pt,eat,11
/data/dev/projects/ai/Trackey/trackey/research/EXTRACTED_HMDB51_FEATURES/eat_CharlieAndTheChocolateFactory_eat_h_nm_np1_fr_goo_8.pt,eat,11
/data/dev/projects/ai/Trackey/trackey/research/EXTRACTED_HMDB51_FEATURES/eat_CharlieAndTheChocolateFactory_eat_h_nm_np1_fr_med_23.pt,eat,11
/data/dev/projects/ai/Trackey/trackey/research/EXTRACTED_HMDB51_FEATURES/eat_CharlieAndTheChocolateFactory_eat_h_nm_np1_ri_goo_6.pt,eat,11
/data/dev/projects/ai/Trackey/trackey/research/EXTRACTED_HMDB51_FEATURES/eat_CharlieAndTheChocolateFactory_eat_u_nm_np1_fr_goo_22.pt,eat,11
/data/dev/projects/ai/Trackey/trackey/research/EXTRACTED_HMDB51_FEATURES/eat_CharlieAndTheChocolateFactory_eat_u_nm_np1_le_med_0.pt,eat,11
/data/dev/projects/ai/Trackey/trackey/research/EXTRACTED_HMDB51_FEATURES/eat_ChildrenOfMen_eat_u_cm_np1_fr_med_3.pt,eat,11
/data/dev/projects/ai/Trackey/trackey/research/EXTRACTED_HMDB51_FEATURES/eat_ChildrenOfMen_eat_u_cm_np1_fr_med_4.pt,eat,11
/data/dev/projects/ai/Trackey/trackey/research/EXTRACTED_HMDB51_FEATURES/eat_Crash_eat_h_cm_np1_fr_med_11.pt,eat,11
/data/dev/projects/ai/Trackey/trackey/research/EXTRACTED_HMDB51_FEATURES/eat_DONNIE_DARKO_eat_h_nm_np1_fr_goo_0.pt,eat,11
/data/dev/projects/ai/Trackey/trackey/research/EXTRACTED_HMDB51_FEATURES/eat_DONNIE_DARKO_eat_h_nm_np1_fr_med_1.pt,eat,11
/data/dev/projects/ai/Trackey/trackey/research/EXTRACTED_HMDB51_FEATURES/eat_EVOLUTION_eat_u_cm_np1_fr_goo_16.pt,eat,11
/data/dev/projects/ai/Trackey/trackey/research/EXTRACTED_HMDB51_FEATURES/eat_Finding_Forrester_3_eat_h_nm_np1_fr_goo_14.pt,eat,11
/data/dev/projects/ai/Trackey/trackey/research/EXTRACTED_HMDB51_FEATURES/eat_Glory_eat_h_cm_np1_fr_med_8.pt,eat,11
/data/dev/projects/ai/Trackey/trackey/research/EXTRACTED_HMDB51_FEATURES/eat_HP_PRISONER_OF_AZKABAN_eat_u_cm_np1_fr_goo_9.pt,eat,11
/data/dev/projects/ai/Trackey/trackey/research/EXTRACTED_HMDB51_FEATURES/eat_Hitch_Part_2_eat_h_nm_np1_fr_goo_0.pt,eat,11
/data/dev/projects/ai/Trackey/trackey/research/EXTRACTED_HMDB51_FEATURES/eat_IamLegendII_eat_h_nm_np1_le_goo_8.pt,eat,11
/data/dev/projects/ai/Trackey/trackey/research/EXTRACTED_HMDB51_FEATURES/eat_IamLegendII_eat_u_nm_np1_fr_med_5.pt,eat,11
/data/dev/projects/ai/Trackey/trackey/research/EXTRACTED_HMDB51_FEATURES/eat_IamLegendII_eat_u_nm_np1_fr_med_6.pt,eat,11
/data/dev/projects/ai/Trackey/trackey/research/EXTRACTED_HMDB51_FEATURES/eat_IamLegend_eat_h_nm_np1_le_goo_25.pt,eat,11
/data/dev/projects/ai/Trackey/trackey/research/EXTRACTED_HMDB51_FEATURES/eat_IamLegend_eat_h_nm_np1_ri_goo_26.pt,eat,11
/data/dev/projects/ai/Trackey/trackey/research/EXTRACTED_HMDB51_FEATURES/eat_IamLegend_eat_u_nm_np1_fr_med_15.pt,eat,11
/data/dev/projects/ai/Trackey/trackey/research/EXTRACTED_HMDB51_FEATURES/eat_IamLegend_eat_u_nm_np1_ri_med_2.pt,eat,11
/data/dev/projects/ai/Trackey/trackey/research/EXTRACTED_HMDB51_FEATURES/eat_KUNG_FU_HUSTLE_eat_h_cm_np1_le_goo_25.pt,eat,11
/data/dev/projects/ai/Trackey/trackey/research/EXTRACTED_HMDB51_FEATURES/eat_LONGESTYARD_eat_h_cm_np1_ri_goo_23.pt,eat,11
/data/dev/projects/ai/Trackey/trackey/research/EXTRACTED_HMDB51_FEATURES/eat_MeettheParents_eat_h_nm_np1_fr_goo_3.pt,eat,11
/data/dev/projects/ai/Trackey/trackey/research/EXTRACTED_HMDB51_FEATURES/eat_MeettheParents_eat_u_nm_np1_fr_med_2.pt,eat,11
/data/dev/projects/ai/Trackey/trackey/research/EXTRACTED_HMDB51_FEATURES/eat_NOVA_ELEGANTUNIVERSE3_eat_h_nm_np1_ri_goo_0.pt,eat,11
/data/dev/projects/ai/Trackey/trackey/research/EXTRACTED_HMDB51_FEATURES/eat_NoCountryForOldMen_eat_u_nm_np1_fr_med_2.pt,eat,11
/data/dev/projects/ai/Trackey/trackey/research/EXTRACTED_HMDB51_FEATURES/eat_Oceans11_eat_h_cm_np1_le_goo_2.pt,eat,11
/data/dev/projects/ai/Trackey/trackey/research/EXTRACTED_HMDB51_FEATURES/eat_Oceans11_eat_u_cm_np1_fr_med_7.pt,eat,11
/data/dev/projects/ai/Trackey/trackey/research/EXTRACTED_HMDB51_FEATURES/eat_Oceans12_eat_h_nm_np1_fr_goo_4.pt,eat,11
/data/dev/projects/ai/Trackey/trackey/research/EXTRACTED_HMDB51_FEATURES/eat_OldSchool_eat_h_nm_np1_fr_goo_20.pt,eat,11
/data/dev/projects/ai/Trackey/trackey/research/EXTRACTED_HMDB51_FEATURES/eat_Pirates_3_eat_h_cm_np1_fr_goo_3.pt,eat,11
/data/dev/projects/ai/Trackey/trackey/research/EXTRACTED_HMDB51_FEATURES/eat_Pirates_3_eat_h_nm_np1_fr_goo_4.pt,eat,11
/data/dev/projects/ai/Trackey/trackey/research/EXTRACTED_HMDB51_FEATURES/eat_Pirates_4_eat_h_nm_np1_fr_goo_3.pt,eat,11
/data/dev/projects/ai/Trackey/trackey/research/EXTRACTED_HMDB51_FEATURES/eat_Prelinger_HabitPat1954_eat_u_nm_np1_fr_goo_16.pt,eat,11
/data/dev/projects/ai/Trackey/trackey/research/EXTRACTED_HMDB51_FEATURES/eat_Prelinger_HabitPat1954_eat_u_nm_np1_fr_goo_17.pt,eat,11
/data/dev/projects/ai/Trackey/trackey/research/EXTRACTED_HMDB51_FEATURES/eat_RATRACE_eat_h_nm_np1_fr_goo_12.pt,eat,11
/data/dev/projects/ai/Trackey/trackey/research/EXTRACTED_HMDB51_FEATURES/eat_RETURN_OF_THE_KING_eat_h_nm_np1_fr_goo_18.pt,eat,11
/data/dev/projects/ai/Trackey/trackey/research/EXTRACTED_HMDB51_FEATURES/eat_RETURN_OF_THE_KING_eat_h_nm_np1_le_goo_19.pt,eat,11
/data/dev/projects/ai/Trackey/trackey/research/EXTRACTED_HMDB51_FEATURES/eat_RETURN_OF_THE_KING_eat_h_nm_np1_le_goo_21.pt,eat,11
/data/dev/projects/ai/Trackey/trackey/research/EXTRACTED_HMDB51_FEATURES/eat_RETURN_OF_THE_KING_eat_h_nm_np1_ri_bad_17.pt,eat,11
/data/dev/projects/ai/Trackey/trackey/research/EXTRACTED_HMDB51_FEATURES/eat_RETURN_OF_THE_KING_eat_h_nm_np1_ri_goo_16.pt,eat,11
/data/dev/projects/ai/Trackey/trackey/research/EXTRACTED_HMDB51_FEATURES/eat_RETURN_OF_THE_KING_eat_u_nm_np1_le_med_15.pt,eat,11
/data/dev/projects/ai/Trackey/trackey/research/EXTRACTED_HMDB51_FEATURES/eat_RETURN_OF_THE_KING_eat_u_nm_np1_ri_med_20.pt,eat,11
/data/dev/projects/ai/Trackey/trackey/research/EXTRACTED_HMDB51_FEATURES/eat_Return_of_the_King_1_eat_h_nm_np1_fr_goo_1.pt,eat,11
/data/dev/projects/ai/Trackey/trackey/research/EXTRACTED_HMDB51_FEATURES/eat_Return_of_the_King_5_eat_h_nm_np1_fr_goo_6.pt,eat,11
/data/dev/projects/ai/Trackey/trackey/research/EXTRACTED_HMDB51_FEATURES/eat_Return_of_the_King_5_eat_h_nm_np1_le_goo_8.pt,eat,11
/data/dev/projects/ai/Trackey/trackey/research/EXTRACTED_HMDB51_FEATURES/eat_Return_of_the_King_5_eat_h_nm_np1_ri_goo_5.pt,eat,11
/data/dev/projects/ai/Trackey/trackey/research/EXTRACTED_HMDB51_FEATURES/eat_Return_of_the_King_5_eat_u_nm_np1_le_med_4.pt,eat,11
/data/dev/projects/ai/Trackey/trackey/research/EXTRACTED_HMDB51_FEATURES/eat_SocialSeminarChanging_eat_u_cm_np1_fr_goo_2.pt,eat,11
/data/dev/projects/ai/Trackey/trackey/research/EXTRACTED_HMDB51_FEATURES/eat_SocialSeminarChanging_eat_u_cm_np1_fr_med_1.pt,eat,11
/data/dev/projects/ai/Trackey/trackey/research/EXTRACTED_HMDB51_FEATURES/eat_SocialSeminarGuy_eat_u_cm_np1_fr_med_0.pt,eat,11
/data/dev/projects/ai/Trackey/trackey/research/EXTRACTED_HMDB51_FEATURES/eat_StrangerThanFiction_eat_h_nm_np1_ri_goo_4.pt,eat,11
/data/dev/projects/ai/Trackey/trackey/research/EXTRACTED_HMDB51_FEATURES/eat_StrangerThanFiction_eat_u_nm_np1_ri_med_3.pt,eat,11
/data/dev/projects/ai/Trackey/trackey/research/EXTRACTED_HMDB51_FEATURES/eat_Superbad_eat_u_nm_np1_fr_goo_1.pt,eat,11
/data/dev/projects/ai/Trackey/trackey/research/EXTRACTED_HMDB51_FEATURES/eat_SweeneyTodd_eat_h_nm_np1_fr_bad_1.pt,eat,11
/data/dev/projects/ai/Trackey/trackey/research/EXTRACTED_HMDB51_FEATURES/eat_SweeneyTodd_eat_h_nm_np1_fr_goo_15.pt,eat,11
/data/dev/projects/ai/Trackey/trackey/research/EXTRACTED_HMDB51_FEATURES/eat_SweeneyTodd_eat_u_cm_np1_le_med_39.pt,eat,11
/data/dev/projects/ai/Trackey/trackey/research/EXTRACTED_HMDB51_FEATURES/eat_THE_PROTECTOR_eat_h_cm_np1_fr_goo_51.pt,eat,11
/data/dev/projects/ai/Trackey/trackey/research/EXTRACTED_HMDB51_FEATURES/eat_THE_PROTECTOR_eat_u_nm_np1_le_goo_16.pt,eat,11
/data/dev/projects/ai/Trackey/trackey/research/EXTRACTED_HMDB51_FEATURES/eat_THE_PROTECTOR_eat_u_nm_np1_le_goo_58.pt,eat,11
/data/dev/projects/ai/Trackey/trackey/research/EXTRACTED_HMDB51_FEATURES/eat_THE_PROTECTOR_eat_u_nm_np1_le_goo_59.pt,eat,11
/data/dev/projects/ai/Trackey/trackey/research/EXTRACTED_HMDB51_FEATURES/eat_TheBoondockSaints_eat_h_nm_np1_fr_med_81.pt,eat,11
/data/dev/projects/ai/Trackey/trackey/research/EXTRACTED_HMDB51_FEATURES/eat_TheBoondockSaints_eat_u_cm_np1_fr_bad_76.pt,eat,11
/data/dev/projects/ai/Trackey/trackey/research/EXTRACTED_HMDB51_FEATURES/eat_TheBoondockSaints_eat_u_nm_np1_fr_goo_47.pt,eat,11
/data/dev/projects/ai/Trackey/trackey/research/EXTRACTED_HMDB51_FEATURES/eat_The_Departed_-_Part_1_eat_h_nm_np1_fr_goo_10.pt,eat,11
/data/dev/projects/ai/Trackey/trackey/research/EXTRACTED_HMDB51_FEATURES/eat_The_Departed_-_Part_1_eat_h_nm_np1_fr_goo_4.pt,eat,11
/data/dev/projects/ai/Trackey/trackey/research/EXTRACTED_HMDB51_FEATURES/eat_The_Departed_-_Part_1_eat_h_nm_np1_fr_goo_5.pt,eat,11
/data/dev/projects/ai/Trackey/trackey/research/EXTRACTED_HMDB51_FEATURES/eat_The_Departed_-_Part_1_eat_u_nm_np1_fr_goo_1.pt,eat,11
/data/dev/projects/ai/Trackey/trackey/research/EXTRACTED_HMDB51_FEATURES/eat_The_Departed_-_Part_1_eat_u_nm_np1_fr_med_2.pt,eat,11
/data/dev/projects/ai/Trackey/trackey/research/EXTRACTED_HMDB51_FEATURES/eat_The_Departed_-_Part_1_eat_u_nm_np1_le_goo_0.pt,eat,11
/data/dev/projects/ai/Trackey/trackey/research/EXTRACTED_HMDB51_FEATURES/eat_The_Fugitive_4_eat_h_nm_np1_fr_goo_0.pt,eat,11
/data/dev/projects/ai/Trackey/trackey/research/EXTRACTED_HMDB51_FEATURES/eat_The_Matrix_3_eat_h_nm_np1_fr_goo_12.pt,eat,11
/data/dev/projects/ai/Trackey/trackey/research/EXTRACTED_HMDB51_FEATURES/eat_The_Matrix_Revolutions_2_eat_h_nm_np1_fr_goo_0.pt,eat,11
/data/dev/projects/ai/Trackey/trackey/research/EXTRACTED_HMDB51_FEATURES/eat_The_Matrix_Revolutions_2_eat_h_nm_np1_fr_goo_1.pt,eat,11
/data/dev/projects/ai/Trackey/trackey/research/EXTRACTED_HMDB51_FEATURES/eat_TrumanShow_eat_u_cm_np1_ri_med_27.pt,eat,11
/data/dev/projects/ai/Trackey/trackey/research/EXTRACTED_HMDB51_FEATURES/eat_Two_Towers_1_eat_h_nm_np1_fr_goo_0.pt,eat,11
/data/dev/projects/ai/Trackey/trackey/research/EXTRACTED_HMDB51_FEATURES/eat_Two_Towers_3_eat_h_nm_np1_fr_goo_10.pt,eat,11
/data/dev/projects/ai/Trackey/trackey/research/EXTRACTED_HMDB51_FEATURES/eat_WeddingCrashers_eat_h_cm_np1_fr_med_4.pt,eat,11
/data/dev/projects/ai/Trackey/trackey/research/EXTRACTED_HMDB51_FEATURES/eat_WeddingCrashers_eat_h_nm_np1_fr_goo_12.pt,eat,11
/data/dev/projects/ai/Trackey/trackey/research/EXTRACTED_HMDB51_FEATURES/eat_WeddingCrashers_eat_h_nm_np1_fr_goo_8.pt,eat,11
/data/dev/projects/ai/Trackey/trackey/research/EXTRACTED_HMDB51_FEATURES/eat_preparationoffoods256kb_eat_h_cm_np1_le_goo_0.pt,eat,11
/data/dev/projects/ai/Trackey/trackey/research/EXTRACTED_HMDB51_FEATURES/fall_floor_20060723sfjfffightcoldplay_fall_floor_f_cm_np1_fr_med_0.pt,fall_floor,12
/data/dev/projects/ai/Trackey/trackey/research/EXTRACTED_HMDB51_FEATURES/fall_floor_50_FIRST_DATES_fall_floor_f_cm_np1_fr_med_14.pt,fall_floor,12
/data/dev/projects/ai/Trackey/trackey/research/EXTRACTED_HMDB51_FEATURES/fall_floor_APOCALYPTO_fall_floor_f_nm_np1_ba_med_5.pt,fall_floor,12
/data/dev/projects/ai/Trackey/trackey/research/EXTRACTED_HMDB51_FEATURES/fall_floor_American_History_X_fall_floor_f_cm_np1_ba_med_3.pt,fall_floor,12
/data/dev/projects/ai/Trackey/trackey/research/EXTRACTED_HMDB51_FEATURES/fall_floor_American_History_X_fall_floor_f_cm_np1_le_bad_1.pt,fall_floor,12
/data/dev/projects/ai/Trackey/trackey/research/EXTRACTED_HMDB51_FEATURES/fall_floor_American_History_X_fall_floor_f_nm_np1_ba_bad_10.pt,fall_floor,12
/data/dev/projects/ai/Trackey/trackey/research/EXTRACTED_HMDB51_FEATURES/fall_floor_BATMAN_BEGINS_fall_floor_f_cm_np1_ba_med_11.pt,fall_floor,12
/data/dev/projects/ai/Trackey/trackey/research/EXTRACTED_HMDB51_FEATURES/fall_floor_BATMAN_BEGINS_fall_floor_f_cm_np1_ba_med_3.pt,fall_floor,12
/data/dev/projects/ai/Trackey/trackey/research/EXTRACTED_HMDB51_FEATURES/fall_floor_BATMAN_BEGINS_fall_floor_f_cm_np1_ba_med_5.pt,fall_floor,12
/data/dev/projects/ai/Trackey/trackey/research/EXTRACTED_HMDB51_FEATURES/fall_floor_BATMAN_BEGINS_fall_floor_h_cm_np1_fr_bad_2.pt,fall_floor,12
/data/dev/projects/ai/Trackey/trackey/research/EXTRACTED_HMDB51_FEATURES/fall_floor_BIG_FISH_fall_floor_f_cm_np1_fr_med_24.pt,fall_floor,12
/data/dev/projects/ai/Trackey/trackey/research/EXTRACTED_HMDB51_FEATURES/fall_floor_BIG_FISH_fall_floor_f_nm_np1_fr_bad_21.pt,fall_floor,12
/data/dev/projects/ai/Trackey/trackey/research/EXTRACTED_HMDB51_FEATURES/fall_floor_BIG_FISH_fall_floor_f_nm_np1_fr_med_11.pt,fall_floor,12
/data/dev/projects/ai/Trackey/trackey/research/EXTRACTED_HMDB51_FEATURES/fall_floor_BIG_FISH_fall_floor_f_nm_np1_fr_med_26.pt,fall_floor,12
/data/dev/projects/ai/Trackey/trackey/research/EXTRACTED_HMDB51_FEATURES/fall_floor_BLACK_HAWK_DOWN_fall_floor_f_cm_np1_fr_bad_34.pt,fall_floor,12
/data/dev/projects/ai/Trackey/trackey/research/EXTRACTED_HMDB51_FEATURES/fall_floor_BLACK_HAWK_DOWN_fall_floor_f_cm_np1_ri_med_13.pt,fall_floor,12
/data/dev/projects/ai/Trackey/trackey/research/EXTRACTED_HMDB51_FEATURES/fall_floor_BLACK_HAWK_DOWN_fall_floor_u_cm_np1_fr_med_0.pt,fall_floor,12
/data/dev/projects/ai/Trackey/trackey/research/EXTRACTED_HMDB51_FEATURES/fall_floor_Blade_Vs_Deacon_Frost_Sword_Fight_Scene_fall_floor_f_cm_np2_fr_med_3.pt,fall_floor,12
/data/dev/projects/ai/Trackey/trackey/research/EXTRACTED_HMDB51_FEATURES/fall_floor_CasinoRoyale_fall_floor_f_cm_np1_fr_med_7.pt,fall_floor,12
/data/dev/projects/ai/Trackey/trackey/research/EXTRACTED_HMDB51_FEATURES/fall_floor_CastAway1_fall_floor_u_nm_np1_fr_med_11.pt,fall_floor,12
/data/dev/projects/ai/Trackey/trackey/research/EXTRACTED_HMDB51_FEATURES/fall_floor_Catch_Me_If_You_Can_fall_floor_f_cm_np1_fr_med_0.pt,fall_floor,12
/data/dev/projects/ai/Trackey/trackey/research/EXTRACTED_HMDB51_FEATURES/fall_floor_Crash_fall_floor_u_cm_np1_fr_med_1.pt,fall_floor,12
/data/dev/projects/ai/Trackey/trackey/research/EXTRACTED_HMDB51_FEATURES/fall_floor_EVOLUTION_fall_floor_f_cm_np1_fr_med_21.pt,fall_floor,12
/data/dev/projects/ai/Trackey/trackey/research/EXTRACTED_HMDB51_FEATURES/fall_floor_EVOLUTION_fall_floor_f_nm_np1_ba_med_5.pt,fall_floor,12
/data/dev/projects/ai/Trackey/trackey/research/EXTRACTED_HMDB51_FEATURES/fall_floor_Fellowship_3_fall_floor_f_nm_np1_fr_med_3.pt,fall_floor,12
/data/dev/projects/ai/Trackey/trackey/research/EXTRACTED_HMDB51_FEATURES/fall_floor_Fellowship_4_fall_floor_u_cm_np1_fr_med_5.pt,fall_floor,12
/data/dev/projects/ai/Trackey/trackey/research/EXTRACTED_HMDB51_FEATURES/fall_floor_Fellowship_5_fall_floor_u_cm_np1_fr_med_8.pt,fall_floor,12
/data/dev/projects/ai/Trackey/trackey/research/EXTRACTED_HMDB51_FEATURES/fall_floor_Fellowship_6_fall_floor_f_nm_np1_fr_med_9.pt,fall_floor,12
/data/dev/projects/ai/Trackey/trackey/research/EXTRACTED_HMDB51_FEATURES/fall_floor_Fellowship_7_fall_floor_f_cm_np1_ba_med_2.pt,fall_floor,12
/data/dev/projects/ai/Trackey/trackey/research/EXTRACTED_HMDB51_FEATURES/fall_floor_Fellowship_7_fall_floor_f_cm_np1_ba_med_3.pt,fall_floor,12
/data/dev/projects/ai/Trackey/trackey/research/EXTRACTED_HMDB51_FEATURES/fall_floor_Finding_Forrester_3_fall_floor_f_cm_np2_ri_med_1.pt,fall_floor,12
/data/dev/projects/ai/Trackey/trackey/research/EXTRACTED_HMDB51_FEATURES/fall_floor_Glory_fall_floor_f_cm_np1_ba_med_46.pt,fall_floor,12
/data/dev/projects/ai/Trackey/trackey/research/EXTRACTED_HMDB51_FEATURES/fall_floor_Glory_fall_floor_f_cm_np1_fr_med_39.pt,fall_floor,12
/data/dev/projects/ai/Trackey/trackey/research/EXTRACTED_HMDB51_FEATURES/fall_floor_Glory_fall_floor_u_cm_np1_fr_med_55.pt,fall_floor,12
/data/dev/projects/ai/Trackey/trackey/research/EXTRACTED_HMDB51_FEATURES/fall_floor_HP_PRISONER_OF_AZKABAN_fall_floor_f_cm_np1_ri_med_5.pt,fall_floor,12
/data/dev/projects/ai/Trackey/trackey/research/EXTRACTED_HMDB51_FEATURES/fall_floor_HP_PRISONER_OF_AZKABAN_fall_floor_u_cm_np1_fr_med_14.pt,fall_floor,12
/data/dev/projects/ai/Trackey/trackey/research/EXTRACTED_HMDB51_FEATURES/fall_floor_KUNG_FU_HUSTLE_fall_floor_f_cm_np1_ba_bad_20.pt,fall_floor,12
/data/dev/projects/ai/Trackey/trackey/research/EXTRACTED_HMDB51_FEATURES/fall_floor_KUNG_FU_HUSTLE_fall_floor_f_cm_np1_ba_bad_21.pt,fall_floor,12
/data/dev/projects/ai/Trackey/trackey/research/EXTRACTED_HMDB51_FEATURES/fall_floor_KUNG_FU_HUSTLE_fall_floor_f_cm_np1_ba_bad_33.pt,fall_floor,12
/data/dev/projects/ai/Trackey/trackey/research/EXTRACTED_HMDB51_FEATURES/fall_floor_KUNG_FU_HUSTLE_fall_floor_f_cm_np1_ba_bad_49.pt,fall_floor,12
/data/dev/projects/ai/Trackey/trackey/research/EXTRACTED_HMDB51_FEATURES/fall_floor_KUNG_FU_HUSTLE_fall_floor_f_cm_np1_ba_med_35.pt,fall_floor,12
/data/dev/projects/ai/Trackey/trackey/research/EXTRACTED_HMDB51_FEATURES/fall_floor_KUNG_FU_HUSTLE_fall_floor_f_cm_np1_ba_med_50.pt,fall_floor,12
/data/dev/projects/ai/Trackey/trackey/research/EXTRACTED_HMDB51_FEATURES/fall_floor_KUNG_FU_HUSTLE_fall_floor_f_cm_np1_fr_bad_22.pt,fall_floor,12
/data/dev/projects/ai/Trackey/trackey/research/EXTRACTED_HMDB51_FEATURES/fall_floor_KUNG_FU_HUSTLE_fall_floor_f_cm_np1_fr_bad_36.pt,fall_floor,12
/data/dev/projects/ai/Trackey/trackey/research/EXTRACTED_HMDB51_FEATURES/fall_floor_KUNG_FU_HUSTLE_fall_floor_f_cm_np1_fr_bad_47.pt,fall_floor,12
/data/dev/projects/ai/Trackey/trackey/research/EXTRACTED_HMDB51_FEATURES/fall_floor_KUNG_FU_HUSTLE_fall_floor_f_cm_np1_fr_med_40.pt,fall_floor,12
/data/dev/projects/ai/Trackey/trackey/research/EXTRACTED_HMDB51_FEATURES/fall_floor_KUNG_FU_HUSTLE_fall_floor_f_cm_np1_le_med_3.pt,fall_floor,12
/data/dev/projects/ai/Trackey/trackey/research/EXTRACTED_HMDB51_FEATURES/fall_floor_KUNG_FU_HUSTLE_fall_floor_f_cm_np1_le_med_41.pt,fall_floor,12
/data/dev/projects/ai/Trackey/trackey/research/EXTRACTED_HMDB51_FEATURES/fall_floor_KUNG_FU_HUSTLE_fall_floor_f_cm_np1_ri_med_19.pt,fall_floor,12
/data/dev/projects/ai/Trackey/trackey/research/EXTRACTED_HMDB51_FEATURES/fall_floor_KUNG_FU_HUSTLE_fall_floor_f_nm_np1_ba_bad_23.pt,fall_floor,12
/data/dev/projects/ai/Trackey/trackey/research/EXTRACTED_HMDB51_FEATURES/fall_floor_KUNG_FU_HUSTLE_fall_floor_f_nm_np1_ba_bad_54.pt,fall_floor,12
/data/dev/projects/ai/Trackey/trackey/research/EXTRACTED_HMDB51_FEATURES/fall_floor_KUNG_FU_HUSTLE_fall_floor_f_nm_np1_le_bad_0.pt,fall_floor,12
/data/dev/projects/ai/Trackey/trackey/research/EXTRACTED_HMDB51_FEATURES/fall_floor_KUNG_FU_HUSTLE_fall_floor_f_nm_np1_le_med_13.pt,fall_floor,12
/data/dev/projects/ai/Trackey/trackey/research/EXTRACTED_HMDB51_FEATURES/fall_floor_KUNG_FU_HUSTLE_fall_floor_u_cm_np1_fr_med_8.pt,fall_floor,12
/data/dev/projects/ai/Trackey/trackey/research/EXTRACTED_HMDB51_FEATURES/fall_floor_KUNG_FU_HUSTLE_fall_floor_u_nm_np1_le_med_4.pt,fall_floor,12
/data/dev/projects/ai/Trackey/trackey/research/EXTRACTED_HMDB51_FEATURES/fall_floor_LONGESTYARD_fall_floor_f_cm_np1_ba_med_13.pt,fall_floor,12
/data/dev/projects/ai/Trackey/trackey/research/EXTRACTED_HMDB51_FEATURES/fall_floor_LONGESTYARD_fall_floor_f_cm_np1_fr_med_19.pt,fall_floor,12
/data/dev/projects/ai/Trackey/trackey/research/EXTRACTED_HMDB51_FEATURES/fall_floor_LONGESTYARD_fall_floor_f_cm_np1_fr_med_25.pt,fall_floor,12
/data/dev/projects/ai/Trackey/trackey/research/EXTRACTED_HMDB51_FEATURES/fall_floor_LONGESTYARD_fall_floor_f_cm_np1_le_bad_2.pt,fall_floor,12
/data/dev/projects/ai/Trackey/trackey/research/EXTRACTED_HMDB51_FEATURES/fall_floor_LONGESTYARD_fall_floor_f_cm_np1_le_med_12.pt,fall_floor,12
/data/dev/projects/ai/Trackey/trackey/research/EXTRACTED_HMDB51_FEATURES/fall_floor_LONGESTYARD_fall_floor_f_cm_np1_le_med_17.pt,fall_floor,12
/data/dev/projects/ai/Trackey/trackey/research/EXTRACTED_HMDB51_FEATURES/fall_floor_LONGESTYARD_fall_floor_f_cm_np1_le_med_31.pt,fall_floor,12
/data/dev/projects/ai/Trackey/trackey/research/EXTRACTED_HMDB51_FEATURES/fall_floor_LONGESTYARD_fall_floor_h_nm_np1_fr_med_5.pt,fall_floor,12
/data/dev/projects/ai/Trackey/trackey/research/EXTRACTED_HMDB51_FEATURES/fall_floor_MeettheFockers_fall_floor_f_nm_np1_fr_med_11.pt,fall_floor,12
/data/dev/projects/ai/Trackey/trackey/research/EXTRACTED_HMDB51_FEATURES/fall_floor_MeettheFockers_fall_floor_f_nm_np1_fr_med_5.pt,fall_floor,12
/data/dev/projects/ai/Trackey/trackey/research/EXTRACTED_HMDB51_FEATURES/fall_floor_OldSchool_fall_floor_f_cm_np1_ri_med_17.pt,fall_floor,12
/data/dev/projects/ai/Trackey/trackey/research/EXTRACTED_HMDB51_FEATURES/fall_floor_Pirates_6_fall_floor_f_cm_np1_fr_bad_5.pt,fall_floor,12
/data/dev/projects/ai/Trackey/trackey/research/EXTRACTED_HMDB51_FEATURES/fall_floor_Pirates_7_fall_floor_f_nm_np3_le_med_2.pt,fall_floor,12
/data/dev/projects/ai/Trackey/trackey/research/EXTRACTED_HMDB51_FEATURES/fall_floor_Prelinger_ActYourA1949_fall_floor_f_cm_np1_ri_med_11.pt,fall_floor,12
/data/dev/projects/ai/Trackey/trackey/research/EXTRACTED_HMDB51_FEATURES/fall_floor_Prelinger_ActYourA1949_fall_floor_f_nm_np1_ri_med_9.pt,fall_floor,12
/data/dev/projects/ai/Trackey/trackey/research/EXTRACTED_HMDB51_FEATURES/fall_floor_RATRACE_fall_floor_f_cm_np1_fr_med_2.pt,fall_floor,12
/data/dev/projects/ai/Trackey/trackey/research/EXTRACTED_HMDB51_FEATURES/fall_floor_RATRACE_fall_floor_u_cm_np1_fr_bad_23.pt,fall_floor,12
/data/dev/projects/ai/Trackey/trackey/research/EXTRACTED_HMDB51_FEATURES/fall_floor_RETURN_OF_THE_KING_fall_floor_f_cm_np1_ba_bad_36.pt,fall_floor,12
/data/dev/projects/ai/Trackey/trackey/research/EXTRACTED_HMDB51_FEATURES/fall_floor_RETURN_OF_THE_KING_fall_floor_f_cm_np1_ba_med_51.pt,fall_floor,12
/data/dev/projects/ai/Trackey/trackey/research/EXTRACTED_HMDB51_FEATURES/fall_floor_RETURN_OF_THE_KING_fall_floor_f_cm_np1_fr_bad_30.pt,fall_floor,12
/data/dev/projects/ai/Trackey/trackey/research/EXTRACTED_HMDB51_FEATURES/fall_floor_RETURN_OF_THE_KING_fall_floor_f_cm_np1_fr_med_33.pt,fall_floor,12
/data/dev/projects/ai/Trackey/trackey/research/EXTRACTED_HMDB51_FEATURES/fall_floor_RETURN_OF_THE_KING_fall_floor_f_cm_np1_fr_med_39.pt,fall_floor,12
/data/dev/projects/ai/Trackey/trackey/research/EXTRACTED_HMDB51_FEATURES/fall_floor_RETURN_OF_THE_KING_fall_floor_f_nm_np1_fr_med_49.pt,fall_floor,12
/data/dev/projects/ai/Trackey/trackey/research/EXTRACTED_HMDB51_FEATURES/fall_floor_RETURN_OF_THE_KING_fall_floor_l_cm_np1_ba_med_44.pt,fall_floor,12
/data/dev/projects/ai/Trackey/trackey/research/EXTRACTED_HMDB51_FEATURES/fall_floor_RETURN_OF_THE_KING_fall_floor_u_cm_np1_fr_med_37.pt,fall_floor,12
/data/dev/projects/ai/Trackey/trackey/research/EXTRACTED_HMDB51_FEATURES/fall_floor_RETURN_OF_THE_KING_fall_floor_u_cm_np2_fr_med_1.pt,fall_floor,12
/data/dev/projects/ai/Trackey/trackey/research/EXTRACTED_HMDB51_FEATURES/fall_floor_RETURN_OF_THE_KING_fall_floor_u_nm_np2_ba_med_35.pt,fall_floor,12
/data/dev/projects/ai/Trackey/trackey/research/EXTRACTED_HMDB51_FEATURES/fall_floor_Return_of_the_King_1_fall_floor_u_nm_np1_le_med_8.pt,fall_floor,12
/data/dev/projects/ai/Trackey/trackey/research/EXTRACTED_HMDB51_FEATURES/fall_floor_Return_of_the_King_4_fall_floor_u_cm_np1_fr_med_9.pt,fall_floor,12
/data/dev/projects/ai/Trackey/trackey/research/EXTRACTED_HMDB51_FEATURES/fall_floor_Return_of_the_King_8_fall_floor_f_cm_np1_ba_med_2.pt,fall_floor,12
/data/dev/projects/ai/Trackey/trackey/research/EXTRACTED_HMDB51_FEATURES/fall_floor_RushHour2_fall_floor_f_cm_np1_fr_bad_3.pt,fall_floor,12
/data/dev/projects/ai/Trackey/trackey/research/EXTRACTED_HMDB51_FEATURES/fall_floor_Superbad_fall_floor_u_nm_np1_ba_bad_3.pt,fall_floor,12
/data/dev/projects/ai/Trackey/trackey/research/EXTRACTED_HMDB51_FEATURES/fall_floor_SweeneyTodd_fall_floor_u_nm_np1_fr_bad_12.pt,fall_floor,12
/data/dev/projects/ai/Trackey/trackey/research/EXTRACTED_HMDB51_FEATURES/fall_floor_THE_PROTECTOR_fall_floor_f_cm_np1_ba_bad_31.pt,fall_floor,12
/data/dev/projects/ai/Trackey/trackey/research/EXTRACTED_HMDB51_FEATURES/fall_floor_THE_PROTECTOR_fall_floor_f_cm_np1_ba_bad_87.pt,fall_floor,12
/data/dev/projects/ai/Trackey/trackey/research/EXTRACTED_HMDB51_FEATURES/fall_floor_THE_PROTECTOR_fall_floor_f_cm_np1_ba_med_6.pt,fall_floor,12
/data/dev/projects/ai/Trackey/trackey/research/EXTRACTED_HMDB51_FEATURES/fall_floor_THE_PROTECTOR_fall_floor_f_cm_np1_ba_med_85.pt,fall_floor,12
/data/dev/projects/ai/Trackey/trackey/research/EXTRACTED_HMDB51_FEATURES/fall_floor_THE_PROTECTOR_fall_floor_f_cm_np1_fr_bad_41.pt,fall_floor,12
/data/dev/projects/ai/Trackey/trackey/research/EXTRACTED_HMDB51_FEATURES/fall_floor_THE_PROTECTOR_fall_floor_f_cm_np1_fr_med_33.pt,fall_floor,12
/data/dev/projects/ai/Trackey/trackey/research/EXTRACTED_HMDB51_FEATURES/fall_floor_THE_PROTECTOR_fall_floor_f_cm_np1_fr_med_36.pt,fall_floor,12
/data/dev/projects/ai/Trackey/trackey/research/EXTRACTED_HMDB51_FEATURES/fall_floor_THE_PROTECTOR_fall_floor_f_cm_np1_fr_med_55.pt,fall_floor,12
/data/dev/projects/ai/Trackey/trackey/research/EXTRACTED_HMDB51_FEATURES/fall_floor_THE_PROTECTOR_fall_floor_f_cm_np1_fr_med_89.pt,fall_floor,12
/data/dev/projects/ai/Trackey/trackey/research/EXTRACTED_HMDB51_FEATURES/fall_floor_THE_PROTECTOR_fall_floor_f_cm_np1_le_med_75.pt,fall_floor,12
/data/dev/projects/ai/Trackey/trackey/research/EXTRACTED_HMDB51_FEATURES/fall_floor_THE_PROTECTOR_fall_floor_f_cm_np1_le_med_98.pt,fall_floor,12
/data/dev/projects/ai/Trackey/trackey/research/EXTRACTED_HMDB51_FEATURES/fall_floor_THE_PROTECTOR_fall_floor_f_cm_np1_ri_bad_73.pt,fall_floor,12
/data/dev/projects/ai/Trackey/trackey/research/EXTRACTED_HMDB51_FEATURES/fall_floor_THE_PROTECTOR_fall_floor_f_nm_np1_ba_bad_20.pt,fall_floor,12
/data/dev/projects/ai/Trackey/trackey/research/EXTRACTED_HMDB51_FEATURES/fall_floor_THE_PROTECTOR_fall_floor_f_nm_np1_ba_bad_65.pt,fall_floor,12
/data/dev/projects/ai/Trackey/trackey/research/EXTRACTED_HMDB51_FEATURES/fall_floor_THE_PROTECTOR_fall_floor_f_nm_np1_ba_bad_74.pt,fall_floor,12
/data/dev/projects/ai/Trackey/trackey/research/EXTRACTED_HMDB51_FEATURES/fall_floor_THE_PROTECTOR_fall_floor_f_nm_np1_ba_bad_94.pt,fall_floor,12
/data/dev/projects/ai/Trackey/trackey/research/EXTRACTED_HMDB51_FEATURES/fall_floor_THE_PROTECTOR_fall_floor_f_nm_np1_fr_bad_100.pt,fall_floor,12
/data/dev/projects/ai/Trackey/trackey/research/EXTRACTED_HMDB51_FEATURES/fall_floor_THE_PROTECTOR_fall_floor_f_nm_np1_fr_bad_93.pt,fall_floor,12
/data/dev/projects/ai/Trackey/trackey/research/EXTRACTED_HMDB51_FEATURES/fall_floor_THE_PROTECTOR_fall_floor_f_nm_np1_fr_goo_10.pt,fall_floor,12
/data/dev/projects/ai/Trackey/trackey/research/EXTRACTED_HMDB51_FEATURES/fall_floor_THE_PROTECTOR_fall_floor_f_nm_np1_fr_med_18.pt,fall_floor,12
/data/dev/projects/ai/Trackey/trackey/research/EXTRACTED_HMDB51_FEATURES/fall_floor_THE_PROTECTOR_fall_floor_f_nm_np1_fr_med_61.pt,fall_floor,12
/data/dev/projects/ai/Trackey/trackey/research/EXTRACTED_HMDB51_FEATURES/fall_floor_THE_PROTECTOR_fall_floor_f_nm_np1_fr_med_84.pt,fall_floor,12
/data/dev/projects/ai/Trackey/trackey/research/EXTRACTED_HMDB51_FEATURES/fall_floor_THE_PROTECTOR_fall_floor_f_nm_np1_le_bad_2.pt,fall_floor,12
/data/dev/projects/ai/Trackey/trackey/research/EXTRACTED_HMDB51_FEATURES/fall_floor_THE_PROTECTOR_fall_floor_f_nm_np1_le_bad_67.pt,fall_floor,12
/data/dev/projects/ai/Trackey/trackey/research/EXTRACTED_HMDB51_FEATURES/fall_floor_THE_PROTECTOR_fall_floor_f_nm_np1_ri_bad_92.pt,fall_floor,12
/data/dev/projects/ai/Trackey/trackey/research/EXTRACTED_HMDB51_FEATURES/fall_floor_THE_PROTECTOR_fall_floor_u_cm_np1_ba_med_86.pt,fall_floor,12
/data/dev/projects/ai/Trackey/trackey/research/EXTRACTED_HMDB51_FEATURES/fall_floor_THE_PROTECTOR_fall_floor_u_cm_np1_fr_med_56.pt,fall_floor,12
/data/dev/projects/ai/Trackey/trackey/research/EXTRACTED_HMDB51_FEATURES/fall_floor_TheBoondockSaints_fall_floor_f_nm_np1_ba_bad_40.pt,fall_floor,12
/data/dev/projects/ai/Trackey/trackey/research/EXTRACTED_HMDB51_FEATURES/fall_floor_TheBoondockSaints_fall_floor_f_nm_np1_fr_med_65.pt,fall_floor,12
/data/dev/projects/ai/Trackey/trackey/research/EXTRACTED_HMDB51_FEATURES/fall_floor_TheBoondockSaints_fall_floor_f_nm_np2_ba_bad_66.pt,fall_floor,12
/data/dev/projects/ai/Trackey/trackey/research/EXTRACTED_HMDB51_FEATURES/fall_floor_TheBoondockSaints_fall_floor_h_cm_np1_ri_bad_117.pt,fall_floor,12
/data/dev/projects/ai/Trackey/trackey/research/EXTRACTED_HMDB51_FEATURES/fall_floor_TheBoondockSaints_fall_floor_u_cm_np1_ba_bad_82.pt,fall_floor,12
/data/dev/projects/ai/Trackey/trackey/research/EXTRACTED_HMDB51_FEATURES/fall_floor_TheBoondockSaints_fall_floor_u_cm_np1_fr_med_108.pt,fall_floor,12
/data/dev/projects/ai/Trackey/trackey/research/EXTRACTED_HMDB51_FEATURES/fall_floor_TheBoondockSaints_fall_floor_u_cm_np1_fr_med_62.pt,fall_floor,12
/data/dev/projects/ai/Trackey/trackey/research/EXTRACTED_HMDB51_FEATURES/fall_floor_TheBoondockSaints_fall_floor_u_cm_np1_fr_med_63.pt,fall_floor,12
/data/dev/projects/ai/Trackey/trackey/research/EXTRACTED_HMDB51_FEATURES/fall_floor_TheBoondockSaints_fall_floor_u_nm_np1_ba_med_97.pt,fall_floor,12
/data/dev/projects/ai/Trackey/trackey/research/EXTRACTED_HMDB51_FEATURES/fall_floor_TheBoondockSaints_fall_floor_u_nm_np1_fr_med_70.pt,fall_floor,12
/data/dev/projects/ai/Trackey/trackey/research/EXTRACTED_HMDB51_FEATURES/fall_floor_TheBoondockSaints_fall_floor_u_nm_np2_fr_med_64.pt,fall_floor,12
/data/dev/projects/ai/Trackey/trackey/research/EXTRACTED_HMDB51_FEATURES/fall_floor_TheLastManOnearth_fall_floor_f_cm_np1_fr_med_58.pt,fall_floor,12
/data/dev/projects/ai/Trackey/trackey/research/EXTRACTED_HMDB51_FEATURES/fall_floor_TheLittleShopofHorrors_fall_floor_u_cm_np1_ri_med_10.pt,fall_floor,12
/data/dev/projects/ai/Trackey/trackey/research/EXTRACTED_HMDB51_FEATURES/fall_floor_The_Matrix_3_fall_floor_f_cm_np1_ba_med_4.pt,fall_floor,12
/data/dev/projects/ai/Trackey/trackey/research/EXTRACTED_HMDB51_FEATURES/fall_floor_The_Matrix_5_fall_floor_f_nm_np1_fr_bad_10.pt,fall_floor,12
/data/dev/projects/ai/Trackey/trackey/research/EXTRACTED_HMDB51_FEATURES/fall_floor_The_Matrix_6_fall_floor_f_nm_np1_ba_bad_0.pt,fall_floor,12
/data/dev/projects/ai/Trackey/trackey/research/EXTRACTED_HMDB51_FEATURES/fall_floor_The_Matrix_Revolutions_6_fall_floor_f_cm_np1_fr_bad_3.pt,fall_floor,12
/data/dev/projects/ai/Trackey/trackey/research/EXTRACTED_HMDB51_FEATURES/fall_floor_The_Matrix_Revolutions_6_fall_floor_u_cm_np1_fr_bad_2.pt,fall_floor,12
/data/dev/projects/ai/Trackey/trackey/research/EXTRACTED_HMDB51_FEATURES/fall_floor_Two_Towers_3_fall_floor_u_cm_np1_fr_med_6.pt,fall_floor,12
/data/dev/projects/ai/Trackey/trackey/research/EXTRACTED_HMDB51_FEATURES/fall_floor_Veoh_Alpha_Dog_1_fall_floor_f_cm_np1_fr_med_35.pt,fall_floor,12
/data/dev/projects/ai/Trackey/trackey/research/EXTRACTED_HMDB51_FEATURES/fall_floor_Veoh_Alpha_Dog_1_fall_floor_u_cm_np1_fr_med_46.pt,fall_floor,12
/data/dev/projects/ai/Trackey/trackey/research/EXTRACTED_HMDB51_FEATURES/fencing_1899_Hamlet__the_Fencing_Scene_with_Laertes_fencing_f_cm_np2_le_med_0.pt,fencing,13
/data/dev/projects/ai/Trackey/trackey/research/EXTRACTED_HMDB51_FEATURES/fencing_1899_Hamlet__the_Fencing_Scene_with_Laertes_fencing_f_cm_np2_le_med_1.pt,fencing,13
/data/dev/projects/ai/Trackey/trackey/research/EXTRACTED_HMDB51_FEATURES/fencing_1899_Hamlet__the_Fencing_Scene_with_Laertes_fencing_f_cm_np2_le_med_2.pt,fencing,13
/data/dev/projects/ai/Trackey/trackey/research/EXTRACTED_HMDB51_FEATURES/fencing_AHF_Rapier_fencing_f_cm_np2_ba_bad_5.pt,fencing,13
/data/dev/projects/ai/Trackey/trackey/research/EXTRACTED_HMDB51_FEATURES/fencing_AHF_Rapier_fencing_f_cm_np2_le_bad_0.pt,fencing,13
/data/dev/projects/ai/Trackey/trackey/research/EXTRACTED_HMDB51_FEATURES/fencing_AHF_Rapier_fencing_f_cm_np2_le_bad_1.pt,fencing,13
/data/dev/projects/ai/Trackey/trackey/research/EXTRACTED_HMDB51_FEATURES/fencing_AHF_Rapier_fencing_f_cm_np2_le_bad_2.pt,fencing,13
/data/dev/projects/ai/Trackey/trackey/research/EXTRACTED_HMDB51_FEATURES/fencing_AHF_Rapier_fencing_f_cm_np2_ri_bad_3.pt,fencing,13
/data/dev/projects/ai/Trackey/trackey/research/EXTRACTED_HMDB51_FEATURES/fencing_AHF_Rapier_fencing_f_cm_np2_ri_bad_4.pt,fencing,13
/data/dev/projects/ai/Trackey/trackey/research/EXTRACTED_HMDB51_FEATURES/fencing_AHF_Rapier_fencing_f_cm_np2_ri_bad_6.pt,fencing,13
/data/dev/projects/ai/Trackey/trackey/research/EXTRACTED_HMDB51_FEATURES/fencing_Advanced_Rapier_fencing_f_cm_np2_le_bad_0.pt,fencing,13
/data/dev/projects/ai/Trackey/trackey/research/EXTRACTED_HMDB51_FEATURES/fencing_Advanced_Rapier_fencing_f_cm_np2_le_bad_3.pt,fencing,13
/data/dev/projects/ai/Trackey/trackey/research/EXTRACTED_HMDB51_FEATURES/fencing_Advanced_Rapier_fencing_f_cm_np2_le_bad_5.pt,fencing,13
/data/dev/projects/ai/Trackey/trackey/research/EXTRACTED_HMDB51_FEATURES/fencing_Advanced_Rapier_fencing_f_cm_np2_ri_bad_1.pt,fencing,13
/data/dev/projects/ai/Trackey/trackey/research/EXTRACTED_HMDB51_FEATURES/fencing_Advanced_Rapier_fencing_f_cm_np2_ri_bad_2.pt,fencing,13
/data/dev/projects/ai/Trackey/trackey/research/EXTRACTED_HMDB51_FEATURES/fencing_Advanced_Rapier_fencing_f_cm_np2_ri_bad_4.pt,fencing,13
/data/dev/projects/ai/Trackey/trackey/research/EXTRACTED_HMDB51_FEATURES/fencing_Die_Another_Day_-_Fencing_Scene_Part_1_[HD]_avi_fencing_f_cm_np2_le_goo_0.pt,fencing,13
/data/dev/projects/ai/Trackey/trackey/research/EXTRACTED_HMDB51_FEATURES/fencing_Die_Another_Day_-_Fencing_Scene_Part_1_[HD]_avi_fencing_u_cm_np2_ba_goo_1.pt,fencing,13
/data/dev/projects/ai/Trackey/trackey/research/EXTRACTED_HMDB51_FEATURES/fencing_Die_Another_Day_-_Fencing_Scene_Part_1_[HD]_avi_fencing_u_cm_np2_fr_goo_2.pt,fencing,13
/data/dev/projects/ai/Trackey/trackey/research/EXTRACTED_HMDB51_FEATURES/fencing_Die_Another_Day_-_Fencing_Scene_Part_1_[HD]_avi_fencing_u_cm_np2_fr_goo_3.pt,fencing,13
/data/dev/projects/ai/Trackey/trackey/research/EXTRACTED_HMDB51_FEATURES/fencing_Die_Another_Day_-_Fencing_Scene_Part_1_[HD]_fencing_f_cm_np2_le_goo_0.pt,fencing,13
/data/dev/projects/ai/Trackey/trackey/research/EXTRACTED_HMDB51_FEATURES/fencing_Die_Another_Day_-_Fencing_Scene_Part_1_[HD]_fencing_u_cm_np2_ba_goo_1.pt,fencing,13
/data/dev/projects/ai/Trackey/trackey/research/EXTRACTED_HMDB51_FEATURES/fencing_Die_Another_Day_-_Fencing_Scene_Part_1_[HD]_fencing_u_cm_np2_fr_goo_2.pt,fencing,13
/data/dev/projects/ai/Trackey/trackey/research/EXTRACTED_HMDB51_FEATURES/fencing_Die_Another_Day_-_Fencing_Scene_Part_1_[HD]_fencing_u_cm_np2_fr_goo_3.pt,fencing,13
/data/dev/projects/ai/Trackey/trackey/research/EXTRACTED_HMDB51_FEATURES/fencing_Duel_(The_Sovereigns_Servant)_fencing_f_cm_np2_fr_med_2.pt,fencing,13
/data/dev/projects/ai/Trackey/trackey/research/EXTRACTED_HMDB51_FEATURES/fencing_Duel_(The_Sovereigns_Servant)_fencing_u_cm_np2_ba_med_1.pt,fencing,13
/data/dev/projects/ai/Trackey/trackey/research/EXTRACTED_HMDB51_FEATURES/fencing_Duel_(The_Sovereigns_Servant)_fencing_u_cm_np2_le_med_0.pt,fencing,13
/data/dev/projects/ai/Trackey/trackey/research/EXTRACTED_HMDB51_FEATURES/fencing_Duel_(The_Sovereigns_Servant)_fencing_u_cm_np2_le_med_3.pt,fencing,13
/data/dev/projects/ai/Trackey/trackey/research/EXTRACTED_HMDB51_FEATURES/fencing_Duel_with_Rapiers_fencing_f_cm_np2_ba_bad_1.pt,fencing,13
/data/dev/projects/ai/Trackey/trackey/research/EXTRACTED_HMDB51_FEATURES/fencing_Duel_with_Rapiers_fencing_f_cm_np2_ri_bad_0.pt,fencing,13
/data/dev/projects/ai/Trackey/trackey/research/EXTRACTED_HMDB51_FEATURES/fencing_Duel_with_Rapiers_fencing_f_cm_np2_ri_bad_2.pt,fencing,13
/data/dev/projects/ai/Trackey/trackey/research/EXTRACTED_HMDB51_FEATURES/fencing_Epee_Fencing_Attacks_-_Remises_fencing_f_nm_np2_le_bad_2.pt,fencing,13
/data/dev/projects/ai/Trackey/trackey/research/EXTRACTED_HMDB51_FEATURES/fencing_Fencing_Epee_fencing_f_cm_np2_le_bad_0.pt,fencing,13
/data/dev/projects/ai/Trackey/trackey/research/EXTRACTED_HMDB51_FEATURES/fencing_Fencing_Epee_fencing_f_cm_np2_le_bad_1.pt,fencing,13
/data/dev/projects/ai/Trackey/trackey/research/EXTRACTED_HMDB51_FEATURES/fencing_Fencing_Epee_fencing_f_cm_np2_le_bad_2.pt,fencing,13
/data/dev/projects/ai/Trackey/trackey/research/EXTRACTED_HMDB51_FEATURES/fencing_Great_Movie_Lessons_-_The_First_Zorro_-_Mask_of_Zorro_fencing_u_cm_np2_le_goo_1.pt,fencing,13
/data/dev/projects/ai/Trackey/trackey/research/EXTRACTED_HMDB51_FEATURES/fencing_Great_Movie_Lessons_-_The_First_Zorro_-_Mask_of_Zorro_fencing_u_cm_np2_le_med_0.pt,fencing,13
/data/dev/projects/ai/Trackey/trackey/research/EXTRACTED_HMDB51_FEATURES/fencing_Hamlet_(1996)_Fencing_Scenes_fencing_f_cm_np2_fr_med_1.pt,fencing,13
/data/dev/projects/ai/Trackey/trackey/research/EXTRACTED_HMDB51_FEATURES/fencing_Hamlet_(1996)_Fencing_Scenes_fencing_u_cm_np2_fr_med_2.pt,fencing,13
/data/dev/projects/ai/Trackey/trackey/research/EXTRACTED_HMDB51_FEATURES/fencing_Hamlet_(1996)_Fencing_Scenes_fencing_u_cm_np2_fr_med_3.pt,fencing,13
/data/dev/projects/ai/Trackey/trackey/research/EXTRACTED_HMDB51_FEATURES/fencing_Hamlet_(1996)_Fencing_Scenes_fencing_u_cm_np2_ri_med_4.pt,fencing,13
/data/dev/projects/ai/Trackey/trackey/research/EXTRACTED_HMDB51_FEATURES/fencing_Harvey_Keitel_sabre_duel_fencing_f_cm_np2_ba_goo_0.pt,fencing,13
/data/dev/projects/ai/Trackey/trackey/research/EXTRACTED_HMDB51_FEATURES/fencing_Jolly_Jack_Junior_Fight_Scene_fencing_f_cm_np2_le_bad_0.pt,fencing,13
/data/dev/projects/ai/Trackey/trackey/research/EXTRACTED_HMDB51_FEATURES/fencing_Jolly_Jack_Junior_Fight_Scene_fencing_f_cm_np2_le_bad_1.pt,fencing,13
/data/dev/projects/ai/Trackey/trackey/research/EXTRACTED_HMDB51_FEATURES/fencing_Jolly_Jack_Junior_Fight_Scene_fencing_f_cm_np2_le_bad_3.pt,fencing,13
/data/dev/projects/ai/Trackey/trackey/research/EXTRACTED_HMDB51_FEATURES/fencing_Jolly_Jack_Junior_Fight_Scene_fencing_f_cm_np2_ri_bad_2.pt,fencing,13
/data/dev/projects/ai/Trackey/trackey/research/EXTRACTED_HMDB51_FEATURES/fencing_Jolly_Jack_Junior_Fight_Scene_fencing_f_cm_np2_ri_bad_4.pt,fencing,13
/data/dev/projects/ai/Trackey/trackey/research/EXTRACTED_HMDB51_FEATURES/fencing_Mark_of_Zorro_-_Fencing_Fight_!_fencing_f_cm_np2_fr_goo_1.pt,fencing,13
/data/dev/projects/ai/Trackey/trackey/research/EXTRACTED_HMDB51_FEATURES/fencing_Mark_of_Zorro_-_Fencing_Fight_!_fencing_f_cm_np2_fr_goo_2.pt,fencing,13
/data/dev/projects/ai/Trackey/trackey/research/EXTRACTED_HMDB51_FEATURES/fencing_Mark_of_Zorro_-_Fencing_Fight_!_fencing_f_cm_np2_le_goo_0.pt,fencing,13
/data/dev/projects/ai/Trackey/trackey/research/EXTRACTED_HMDB51_FEATURES/fencing_Mark_of_Zorro_-_Fencing_Fight_!_fencing_u_cm_np2_fr_goo_3.pt,fencing,13
/data/dev/projects/ai/Trackey/trackey/research/EXTRACTED_HMDB51_FEATURES/fencing_Rapier_Fencing_From_Arma_(sword_fight)_fencing_f_cm_np1_ri_bad_0.pt,fencing,13
/data/dev/projects/ai/Trackey/trackey/research/EXTRACTED_HMDB51_FEATURES/fencing_Rapier_Fencing_gone_bad_fencing_f_cm_np2_ri_bad_0.pt,fencing,13
/data/dev/projects/ai/Trackey/trackey/research/EXTRACTED_HMDB51_FEATURES/fencing_Rapier_and_Rotella_(Shield)_Second_Bout_Nick_vs__Gareth_fencing_f_cm_np2_le_bad_1.pt,fencing,13
/data/dev/projects/ai/Trackey/trackey/research/EXTRACTED_HMDB51_FEATURES/fencing_Rapier_and_Rotella_(Shield)_Second_Bout_Nick_vs__Gareth_fencing_f_cm_np2_le_bad_2.pt,fencing,13
/data/dev/projects/ai/Trackey/trackey/research/EXTRACTED_HMDB51_FEATURES/fencing_Rapier_and_Rotella_(Shield)_Second_Bout_Nick_vs__Gareth_fencing_f_cm_np2_le_bad_4.pt,fencing,13
/data/dev/projects/ai/Trackey/trackey/research/EXTRACTED_HMDB51_FEATURES/fencing_Rapier_and_Rotella_(Shield)_Second_Bout_Nick_vs__Gareth_fencing_f_cm_np2_ri_bad_0.pt,fencing,13
/data/dev/projects/ai/Trackey/trackey/research/EXTRACTED_HMDB51_FEATURES/fencing_Rapier_and_Rotella_(Shield)_Second_Bout_Nick_vs__Gareth_fencing_f_cm_np2_ri_bad_3.pt,fencing,13
/data/dev/projects/ai/Trackey/trackey/research/EXTRACTED_HMDB51_FEATURES/fencing_Rapier_and_Rotella_(Shield)_Second_Bout_Nick_vs__Gareth_fencing_f_cm_np2_ri_bad_5.pt,fencing,13
/data/dev/projects/ai/Trackey/trackey/research/EXTRACTED_HMDB51_FEATURES/fencing_Rapier_at_Clinton_2007_fencing_f_cm_np2_le_bad_0.pt,fencing,13
/data/dev/projects/ai/Trackey/trackey/research/EXTRACTED_HMDB51_FEATURES/fencing_Rapier_at_Clinton_2007_fencing_f_cm_np2_le_bad_3.pt,fencing,13
/data/dev/projects/ai/Trackey/trackey/research/EXTRACTED_HMDB51_FEATURES/fencing_Rapier_at_Clinton_2007_fencing_f_cm_np2_le_bad_5.pt,fencing,13
/data/dev/projects/ai/Trackey/trackey/research/EXTRACTED_HMDB51_FEATURES/fencing_Rapier_at_Clinton_2007_fencing_f_cm_np2_ri_bad_1.pt,fencing,13
/data/dev/projects/ai/Trackey/trackey/research/EXTRACTED_HMDB51_FEATURES/fencing_Rapier_at_Clinton_2007_fencing_f_cm_np2_ri_bad_2.pt,fencing,13
/data/dev/projects/ai/Trackey/trackey/research/EXTRACTED_HMDB51_FEATURES/fencing_Rapier_at_Clinton_2007_fencing_f_cm_np2_ri_bad_4.pt,fencing,13
/data/dev/projects/ai/Trackey/trackey/research/EXTRACTED_HMDB51_FEATURES/fencing_Rapier_drills_fencing_f_cm_np2_le_bad_0.pt,fencing,13
/data/dev/projects/ai/Trackey/trackey/research/EXTRACTED_HMDB51_FEATURES/fencing_Rapier_drills_fencing_f_nm_np2_le_bad_3.pt,fencing,13
/data/dev/projects/ai/Trackey/trackey/research/EXTRACTED_HMDB51_FEATURES/fencing_Rapier_drills_fencing_f_nm_np2_le_bad_5.pt,fencing,13
/data/dev/projects/ai/Trackey/trackey/research/EXTRACTED_HMDB51_FEATURES/fencing_Rapier_drills_fencing_f_nm_np2_ri_bad_1.pt,fencing,13
/data/dev/projects/ai/Trackey/trackey/research/EXTRACTED_HMDB51_FEATURES/fencing_Rapier_drills_fencing_f_nm_np2_ri_bad_2.pt,fencing,13
/data/dev/projects/ai/Trackey/trackey/research/EXTRACTED_HMDB51_FEATURES/fencing_Rapier_drills_fencing_f_nm_np2_ri_bad_4.pt,fencing,13
/data/dev/projects/ai/Trackey/trackey/research/EXTRACTED_HMDB51_FEATURES/fencing_Rapier_fencing_f_cm_np1_ri_med_0.pt,fencing,13
/data/dev/projects/ai/Trackey/trackey/research/EXTRACTED_HMDB51_FEATURES/fencing_Rapier_vs_longsword_Mike_fencing_f_cm_np2_le_bad_1.pt,fencing,13
/data/dev/projects/ai/Trackey/trackey/research/EXTRACTED_HMDB51_FEATURES/fencing_Rapier_vs_longsword_Mike_fencing_f_cm_np2_ri_bad_0.pt,fencing,13
/data/dev/projects/ai/Trackey/trackey/research/EXTRACTED_HMDB51_FEATURES/fencing_Rapier_vs_longsword_Mike_fencing_f_cm_np2_ri_bad_2.pt,fencing,13
/data/dev/projects/ai/Trackey/trackey/research/EXTRACTED_HMDB51_FEATURES/fencing_Rapier_vs_longsword_Mike_fencing_f_cm_np2_ri_bad_3.pt,fencing,13
/data/dev/projects/ai/Trackey/trackey/research/EXTRACTED_HMDB51_FEATURES/fencing_Redrock_Fencing_Club_Stab_N_Grab_Week_9_fencing_f_cm_np2_le_bad_0.pt,fencing,13
/data/dev/projects/ai/Trackey/trackey/research/EXTRACTED_HMDB51_FEATURES/fencing_Redrock_Fencing_Club_Stab_N_Grab_Week_9_fencing_f_cm_np2_le_bad_2.pt,fencing,13
/data/dev/projects/ai/Trackey/trackey/research/EXTRACTED_HMDB51_FEATURES/fencing_Redrock_Fencing_Club_Stab_N_Grab_Week_9_fencing_f_cm_np2_le_bad_4.pt,fencing,13
/data/dev/projects/ai/Trackey/trackey/research/EXTRACTED_HMDB51_FEATURES/fencing_Redrock_Fencing_Club_Stab_N_Grab_Week_9_fencing_f_cm_np2_ri_bad_1.pt,fencing,13
/data/dev/projects/ai/Trackey/trackey/research/EXTRACTED_HMDB51_FEATURES/fencing_Redrock_Fencing_Club_Stab_N_Grab_Week_9_fencing_f_cm_np2_ri_bad_3.pt,fencing,13
/data/dev/projects/ai/Trackey/trackey/research/EXTRACTED_HMDB51_FEATURES/fencing_Redrock_Fencing_Club_Stab_N_Grab_Week_9_fencing_f_cm_np2_ri_bad_5.pt,fencing,13
/data/dev/projects/ai/Trackey/trackey/research/EXTRACTED_HMDB51_FEATURES/fencing_Scaramouche__1952_fencing_f_cm_np2_le_goo_2.pt,fencing,13
/data/dev/projects/ai/Trackey/trackey/research/EXTRACTED_HMDB51_FEATURES/fencing_Scaramouche__1952_fencing_u_cm_np2_fr_goo_0.pt,fencing,13
/data/dev/projects/ai/Trackey/trackey/research/EXTRACTED_HMDB51_FEATURES/fencing_Scaramouche__1952_fencing_u_cm_np2_fr_goo_1.pt,fencing,13
/data/dev/projects/ai/Trackey/trackey/research/EXTRACTED_HMDB51_FEATURES/fencing_Stage_Combat_-_Sword_Fight_fencing_f_cm_np2_le_bad_1.pt,fencing,13
/data/dev/projects/ai/Trackey/trackey/research/EXTRACTED_HMDB51_FEATURES/fencing_Stage_Combat_-_Sword_Fight_fencing_f_nm_np2_ba_bad_0.pt,fencing,13
/data/dev/projects/ai/Trackey/trackey/research/EXTRACTED_HMDB51_FEATURES/fencing_Stage_Combat_Rapier_and_Dagger_fencing_f_cm_np2_le_bad_0.pt,fencing,13
/data/dev/projects/ai/Trackey/trackey/research/EXTRACTED_HMDB51_FEATURES/fencing_Stage_Combat_Rapier_and_Dagger_fencing_f_cm_np2_le_bad_1.pt,fencing,13
/data/dev/projects/ai/Trackey/trackey/research/EXTRACTED_HMDB51_FEATURES/fencing_Stage_Combat_Rapier_and_Dagger_fencing_f_cm_np2_ri_bad_2.pt,fencing,13
/data/dev/projects/ai/Trackey/trackey/research/EXTRACTED_HMDB51_FEATURES/fencing_Stage_Combat_Rapier_and_Dagger_fencing_f_cm_np2_ri_bad_3.pt,fencing,13
/data/dev/projects/ai/Trackey/trackey/research/EXTRACTED_HMDB51_FEATURES/fencing_Stage_Combat_Rapier_and_Dagger_fencing_f_cm_np2_ri_bad_4.pt,fencing,13
/data/dev/projects/ai/Trackey/trackey/research/EXTRACTED_HMDB51_FEATURES/fencing_Swordplay_Alliance_Rapier_and_Dagger_fight_fencing_f_cm_np2_le_bad_0.pt,fencing,13
/data/dev/projects/ai/Trackey/trackey/research/EXTRACTED_HMDB51_FEATURES/fencing_Swordplay_Alliance_Rapier_and_Dagger_fight_fencing_f_cm_np2_le_bad_4.pt,fencing,13
/data/dev/projects/ai/Trackey/trackey/research/EXTRACTED_HMDB51_FEATURES/fencing_Swordplay_Alliance_Rapier_and_Dagger_fight_fencing_f_cm_np2_le_bad_5.pt,fencing,13
/data/dev/projects/ai/Trackey/trackey/research/EXTRACTED_HMDB51_FEATURES/fencing_Swordplay_Alliance_Rapier_and_Dagger_fight_fencing_f_cm_np2_ri_bad_1.pt,fencing,13
/data/dev/projects/ai/Trackey/trackey/research/EXTRACTED_HMDB51_FEATURES/fencing_Swordplay_Alliance_Rapier_and_Dagger_fight_fencing_f_cm_np2_ri_bad_2.pt,fencing,13
/data/dev/projects/ai/Trackey/trackey/research/EXTRACTED_HMDB51_FEATURES/fencing_Swordplay_Alliance_Rapier_and_Dagger_fight_fencing_f_cm_np2_ri_bad_3.pt,fencing,13
/data/dev/projects/ai/Trackey/trackey/research/EXTRACTED_HMDB51_FEATURES/fencing_The_Avengers__Ralph_Fiennes__fencing_scene_fencing_u_cm_np2_ba_med_3.pt,fencing,13
/data/dev/projects/ai/Trackey/trackey/research/EXTRACTED_HMDB51_FEATURES/fencing_The_Avengers__Ralph_Fiennes__fencing_scene_fencing_u_cm_np2_fr_med_1.pt,fencing,13
/data/dev/projects/ai/Trackey/trackey/research/EXTRACTED_HMDB51_FEATURES/fencing_The_Avengers__Ralph_Fiennes__fencing_scene_fencing_u_cm_np2_fr_med_2.pt,fencing,13
/data/dev/projects/ai/Trackey/trackey/research/EXTRACTED_HMDB51_FEATURES/fencing_The_Avengers__Ralph_Fiennes__fencing_scene_fencing_u_cm_np2_fr_med_4.pt,fencing,13
/data/dev/projects/ai/Trackey/trackey/research/EXTRACTED_HMDB51_FEATURES/fencing_The_Duel_-_Reel_Kick_Films_fencing_f_cm_np2_le_bad_0.pt,fencing,13
/data/dev/projects/ai/Trackey/trackey/research/EXTRACTED_HMDB51_FEATURES/fencing_The_Duel_-_Reel_Kick_Films_fencing_f_cm_np2_le_bad_1.pt,fencing,13
/data/dev/projects/ai/Trackey/trackey/research/EXTRACTED_HMDB51_FEATURES/fencing_The_Scarlet_Pimpernel_-_duel_fencing_f_cm_np2_ba_goo_1.pt,fencing,13
/data/dev/projects/ai/Trackey/trackey/research/EXTRACTED_HMDB51_FEATURES/fencing_The_Scarlet_Pimpernel_-_duel_fencing_f_cm_np2_le_med_2.pt,fencing,13
/data/dev/projects/ai/Trackey/trackey/research/EXTRACTED_HMDB51_FEATURES/fencing_The_Scarlet_Pimpernel_-_duel_fencing_u_cm_np2_fr_med_0.pt,fencing,13
/data/dev/projects/ai/Trackey/trackey/research/EXTRACTED_HMDB51_FEATURES/fencing_The_Scarlet_Pimpernel_-_duel_fencing_u_cm_np2_le_bad_3.pt,fencing,13
/data/dev/projects/ai/Trackey/trackey/research/EXTRACTED_HMDB51_FEATURES/fencing_The_Three_Musketeers_(1993)_Final_Battle_1_3_fencing_u_cm_np2_fr_bad_3.pt,fencing,13
/data/dev/projects/ai/Trackey/trackey/research/EXTRACTED_HMDB51_FEATURES/fencing_The_Three_Musketeers_(1993)_Final_Battle_1_3_fencing_u_cm_np2_ri_bad_2.pt,fencing,13
/data/dev/projects/ai/Trackey/trackey/research/EXTRACTED_HMDB51_FEATURES/fencing_The_Three_Musketeers_(1993)_Final_Battle_2_3_fencing_f_cm_np2_ri_bad_1.pt,fencing,13
/data/dev/projects/ai/Trackey/trackey/research/EXTRACTED_HMDB51_FEATURES/fencing_The_Three_Musketeers_(1993)_Final_Battle_2_3_fencing_u_cm_np1_fr_bad_0.pt,fencing,13
/data/dev/projects/ai/Trackey/trackey/research/EXTRACTED_HMDB51_FEATURES/fencing_Zorro_(Funny_Fight_Scene)_fencing_f_cm_np2_fr_med_3.pt,fencing,13
/data/dev/projects/ai/Trackey/trackey/research/EXTRACTED_HMDB51_FEATURES/fencing_Zorro_(Funny_Fight_Scene)_fencing_f_cm_np2_le_goo_0.pt,fencing,13
/data/dev/projects/ai/Trackey/trackey/research/EXTRACTED_HMDB51_FEATURES/fencing_Zorro_(Funny_Fight_Scene)_fencing_u_cm_np1_le_bad_2.pt,fencing,13
/data/dev/projects/ai/Trackey/trackey/research/EXTRACTED_HMDB51_FEATURES/fencing_Zorro_(Funny_Fight_Scene)_fencing_u_cm_np2_fr_bad_1.pt,fencing,13
/data/dev/projects/ai/Trackey/trackey/research/EXTRACTED_HMDB51_FEATURES/flic_flac_17flaks_flic_flac_f_cm_np1_fr_med_0.pt,flic_flac,14
/data/dev/projects/ai/Trackey/trackey/research/EXTRACTED_HMDB51_FEATURES/flic_flac_17flaks_flic_flac_f_cm_np1_fr_med_1.pt,flic_flac,14
/data/dev/projects/ai/Trackey/trackey/research/EXTRACTED_HMDB51_FEATURES/flic_flac_17flaks_flic_flac_f_cm_np1_fr_med_2.pt,flic_flac,14
/data/dev/projects/ai/Trackey/trackey/research/EXTRACTED_HMDB51_FEATURES/flic_flac_6_Flick_Flacks_flic_flac_f_cm_np1_ri_med_0.pt,flic_flac,14
/data/dev/projects/ai/Trackey/trackey/research/EXTRACTED_HMDB51_FEATURES/flic_flac_6_Flick_Flacks_flic_flac_f_cm_np1_ri_med_1.pt,flic_flac,14
/data/dev/projects/ai/Trackey/trackey/research/EXTRACTED_HMDB51_FEATURES/flic_flac_6_Flick_Flacks_flic_flac_f_cm_np1_ri_med_2.pt,flic_flac,14
/data/dev/projects/ai/Trackey/trackey/research/EXTRACTED_HMDB51_FEATURES/flic_flac_6fach_Flick_Flack_flic_flac_f_cm_np1_le_med_0.pt,flic_flac,14
/data/dev/projects/ai/Trackey/trackey/research/EXTRACTED_HMDB51_FEATURES/flic_flac_6fach_Flick_Flack_flic_flac_f_cm_np1_le_med_1.pt,flic_flac,14
/data/dev/projects/ai/Trackey/trackey/research/EXTRACTED_HMDB51_FEATURES/flic_flac_6fach_Flick_Flack_flic_flac_f_cm_np1_le_med_2.pt,flic_flac,14
/data/dev/projects/ai/Trackey/trackey/research/EXTRACTED_HMDB51_FEATURES/flic_flac_7_Flickflacks_flic_flac_f_cm_np1_le_med_0.pt,flic_flac,14
/data/dev/projects/ai/Trackey/trackey/research/EXTRACTED_HMDB51_FEATURES/flic_flac_7_Flickflacks_flic_flac_f_cm_np1_le_med_1.pt,flic_flac,14
/data/dev/projects/ai/Trackey/trackey/research/EXTRACTED_HMDB51_FEATURES/flic_flac_7_Flickflacks_flic_flac_f_cm_np1_le_med_2.pt,flic_flac,14
/data/dev/projects/ai/Trackey/trackey/research/EXTRACTED_HMDB51_FEATURES/flic_flac_Acrobacias_de_un_fenomeno_flic_flac_f_cm_np1_ba_bad_6.pt,flic_flac,14
/data/dev/projects/ai/Trackey/trackey/research/EXTRACTED_HMDB51_FEATURES/flic_flac_Acrobacias_de_un_fenomeno_flic_flac_f_cm_np1_ba_bad_7.pt,flic_flac,14
/data/dev/projects/ai/Trackey/trackey/research/EXTRACTED_HMDB51_FEATURES/flic_flac_Acrobacias_de_un_fenomeno_flic_flac_f_cm_np1_fr_bad_0.pt,flic_flac,14
/data/dev/projects/ai/Trackey/trackey/research/EXTRACTED_HMDB51_FEATURES/flic_flac_Acrobacias_de_un_fenomeno_flic_flac_f_cm_np1_fr_bad_1.pt,flic_flac,14
/data/dev/projects/ai/Trackey/trackey/research/EXTRACTED_HMDB51_FEATURES/flic_flac_Acrobacias_de_un_fenomeno_flic_flac_f_cm_np1_fr_bad_2.pt,flic_flac,14
/data/dev/projects/ai/Trackey/trackey/research/EXTRACTED_HMDB51_FEATURES/flic_flac_BHS___FlickFlack_[Tutorial]_flic_flac_f_cm_np1_le_med_0.pt,flic_flac,14
/data/dev/projects/ai/Trackey/trackey/research/EXTRACTED_HMDB51_FEATURES/flic_flac_Bayer__Meisterin_Teresa_Stadler_flic_flac_f_cm_np1_ri_med_1.pt,flic_flac,14
/data/dev/projects/ai/Trackey/trackey/research/EXTRACTED_HMDB51_FEATURES/flic_flac_Billie_2007_p8_Boden_flic_flac_f_cm_np1_ri_bad_1.pt,flic_flac,14
/data/dev/projects/ai/Trackey/trackey/research/EXTRACTED_HMDB51_FEATURES/flic_flac_Boden-K_r_flic_flac_f_cm_np1_le_med_0.pt,flic_flac,14
/data/dev/projects/ai/Trackey/trackey/research/EXTRACTED_HMDB51_FEATURES/flic_flac_Boden_p8_flic_flac_f_cm_np1_le_med_2.pt,flic_flac,14
/data/dev/projects/ai/Trackey/trackey/research/EXTRACTED_HMDB51_FEATURES/flic_flac_Bodenturnen_2004_flic_flac_f_cm_np1_le_med_3.pt,flic_flac,14
/data/dev/projects/ai/Trackey/trackey/research/EXTRACTED_HMDB51_FEATURES/flic_flac_Bodenturnen_2004_flic_flac_f_cm_np1_ri_med_1.pt,flic_flac,14
/data/dev/projects/ai/Trackey/trackey/research/EXTRACTED_HMDB51_FEATURES/flic_flac_Bodenturnen_2004_flic_flac_f_cm_np1_ri_med_6.pt,flic_flac,14
/data/dev/projects/ai/Trackey/trackey/research/EXTRACTED_HMDB51_FEATURES/flic_flac_Bodenturnen_im_sportunterricht_flic_flac_f_cm_np1_le_med_3.pt,flic_flac,14
/data/dev/projects/ai/Trackey/trackey/research/EXTRACTED_HMDB51_FEATURES/flic_flac_Cati_Flic_Flac_flic_flac_f_cm_np1_ri_med_0.pt,flic_flac,14
/data/dev/projects/ai/Trackey/trackey/research/EXTRACTED_HMDB51_FEATURES/flic_flac_Cati_Flic_Flac_flic_flac_f_cm_np1_ri_med_1.pt,flic_flac,14
/data/dev/projects/ai/Trackey/trackey/research/EXTRACTED_HMDB51_FEATURES/flic_flac_Cati_Flic_Flac_flic_flac_f_cm_np1_ri_med_2.pt,flic_flac,14
/data/dev/projects/ai/Trackey/trackey/research/EXTRACTED_HMDB51_FEATURES/flic_flac_Ella_Rondat_Flic-Flac_flic_flac_f_cm_np1_ri_med_0.pt,flic_flac,14
/data/dev/projects/ai/Trackey/trackey/research/EXTRACTED_HMDB51_FEATURES/flic_flac_Estrela_mini_kelly_flic_flac_f_cm_np1_le_med_1.pt,flic_flac,14
/data/dev/projects/ai/Trackey/trackey/research/EXTRACTED_HMDB51_FEATURES/flic_flac_Flic-Flac_-_Illya_Kun_flic_flac_f_cm_np1_le_med_0.pt,flic_flac,14
/data/dev/projects/ai/Trackey/trackey/research/EXTRACTED_HMDB51_FEATURES/flic_flac_Flic-Flac_-_Illya_Kun_flic_flac_f_cm_np1_le_med_1.pt,flic_flac,14
/data/dev/projects/ai/Trackey/trackey/research/EXTRACTED_HMDB51_FEATURES/flic_flac_Flic_Flacs_flic_flac_f_cm_np1_ba_med_0.pt,flic_flac,14
/data/dev/projects/ai/Trackey/trackey/research/EXTRACTED_HMDB51_FEATURES/flic_flac_Flic_Flacs_flic_flac_f_cm_np1_ba_med_1.pt,flic_flac,14
/data/dev/projects/ai/Trackey/trackey/research/EXTRACTED_HMDB51_FEATURES/flic_flac_Flic_Flacs_flic_flac_f_cm_np1_ri_med_2.pt,flic_flac,14
/data/dev/projects/ai/Trackey/trackey/research/EXTRACTED_HMDB51_FEATURES/flic_flac_Flic_Flacs_flic_flac_f_cm_np1_ri_med_3.pt,flic_flac,14
/data/dev/projects/ai/Trackey/trackey/research/EXTRACTED_HMDB51_FEATURES/flic_flac_Flic_Flacs_flic_flac_f_cm_np1_ri_med_4.pt,flic_flac,14
/data/dev/projects/ai/Trackey/trackey/research/EXTRACTED_HMDB51_FEATURES/flic_flac_Flic_flac_1_flic_flac_f_cm_np1_ri_med_0.pt,flic_flac,14
/data/dev/projects/ai/Trackey/trackey/research/EXTRACTED_HMDB51_FEATURES/flic_flac_Flic_flac_flic_flac_f_cm_np1_le_med_0.pt,flic_flac,14
/data/dev/projects/ai/Trackey/trackey/research/EXTRACTED_HMDB51_FEATURES/flic_flac_Flick-flack_van_Yanniek_flic_flac_f_cm_np1_ri_med_0.pt,flic_flac,14
/data/dev/projects/ai/Trackey/trackey/research/EXTRACTED_HMDB51_FEATURES/flic_flac_Flick_Flack_Salto_flic_flac_f_cm_np1_ri_med_0.pt,flic_flac,14
/data/dev/projects/ai/Trackey/trackey/research/EXTRACTED_HMDB51_FEATURES/flic_flac_Flick_Flack_Session__ber_den_Hauptmark_Trier_flic_flac_f_cm_np1_fr_bad_0.pt,flic_flac,14
/data/dev/projects/ai/Trackey/trackey/research/EXTRACTED_HMDB51_FEATURES/flic_flac_Flick_Flack_Session__ber_den_Hauptmark_Trier_flic_flac_f_cm_np1_fr_bad_1.pt,flic_flac,14
/data/dev/projects/ai/Trackey/trackey/research/EXTRACTED_HMDB51_FEATURES/flic_flac_Flick_Flack_Session__ber_den_Hauptmark_Trier_flic_flac_f_cm_np1_fr_bad_2.pt,flic_flac,14
/data/dev/projects/ai/Trackey/trackey/research/EXTRACTED_HMDB51_FEATURES/flic_flac_Flick_Flack_flic_flac_f_cm_np1_le_med_0.pt,flic_flac,14
/data/dev/projects/ai/Trackey/trackey/research/EXTRACTED_HMDB51_FEATURES/flic_flac_Flikflak_ala_Mustafa_flic_flac_f_cm_np1_le_med_0.pt,flic_flac,14
/data/dev/projects/ai/Trackey/trackey/research/EXTRACTED_HMDB51_FEATURES/flic_flac_Gentleman_Flick_Flack_Salto_flic_flac_f_cm_np1_le_med_0.pt,flic_flac,14
/data/dev/projects/ai/Trackey/trackey/research/EXTRACTED_HMDB51_FEATURES/flic_flac_Gentleman_Flick_Flack_Salto_flic_flac_f_cm_np1_le_med_1.pt,flic_flac,14
/data/dev/projects/ai/Trackey/trackey/research/EXTRACTED_HMDB51_FEATURES/flic_flac_Gentleman_Flick_Flack_Salto_flic_flac_f_cm_np1_le_med_2.pt,flic_flac,14
/data/dev/projects/ai/Trackey/trackey/research/EXTRACTED_HMDB51_FEATURES/flic_flac_JOAKIN_(air_tricks_extreme)_flic_flac_f_cm_np1_ba_bad_2.pt,flic_flac,14
/data/dev/projects/ai/Trackey/trackey/research/EXTRACTED_HMDB51_FEATURES/flic_flac_JOAKIN_(air_tricks_extreme)_flic_flac_f_cm_np1_ba_med_5.pt,flic_flac,14
/data/dev/projects/ai/Trackey/trackey/research/EXTRACTED_HMDB51_FEATURES/flic_flac_JOAKIN_(air_tricks_extreme)_flic_flac_f_cm_np1_ba_med_6.pt,flic_flac,14
/data/dev/projects/ai/Trackey/trackey/research/EXTRACTED_HMDB51_FEATURES/flic_flac_JOAKIN_(air_tricks_extreme)_flic_flac_f_cm_np1_fr_med_10.pt,flic_flac,14
/data/dev/projects/ai/Trackey/trackey/research/EXTRACTED_HMDB51_FEATURES/flic_flac_JOAKIN_(air_tricks_extreme)_flic_flac_f_cm_np1_fr_med_11.pt,flic_flac,14
/data/dev/projects/ai/Trackey/trackey/research/EXTRACTED_HMDB51_FEATURES/flic_flac_JOAKIN_(air_tricks_extreme)_flic_flac_f_cm_np1_le_bad_1.pt,flic_flac,14
/data/dev/projects/ai/Trackey/trackey/research/EXTRACTED_HMDB51_FEATURES/flic_flac_JOAKIN_(air_tricks_extreme)_flic_flac_f_cm_np1_le_med_0.pt,flic_flac,14
/data/dev/projects/ai/Trackey/trackey/research/EXTRACTED_HMDB51_FEATURES/flic_flac_JOAKIN_(air_tricks_extreme)_flic_flac_f_cm_np1_le_med_3.pt,flic_flac,14
/data/dev/projects/ai/Trackey/trackey/research/EXTRACTED_HMDB51_FEATURES/flic_flac_JOAKIN_(air_tricks_extreme)_flic_flac_f_cm_np1_le_med_4.pt,flic_flac,14
/data/dev/projects/ai/Trackey/trackey/research/EXTRACTED_HMDB51_FEATURES/flic_flac_JOAKIN_(air_tricks_extreme)_flic_flac_f_cm_np1_ri_med_7.pt,flic_flac,14
/data/dev/projects/ai/Trackey/trackey/research/EXTRACTED_HMDB51_FEATURES/flic_flac_JOAKIN_(air_tricks_extreme)_flic_flac_f_cm_np1_ri_med_8.pt,flic_flac,14
/data/dev/projects/ai/Trackey/trackey/research/EXTRACTED_HMDB51_FEATURES/flic_flac_JOAKIN_(air_tricks_extreme)_flic_flac_f_cm_np1_ri_med_9.pt,flic_flac,14
/data/dev/projects/ai/Trackey/trackey/research/EXTRACTED_HMDB51_FEATURES/flic_flac_Jessica_Heinz_-_Leverkusen_Cup_2006__floor_routine_flic_flac_f_cm_np1_le_med_3.pt,flic_flac,14
/data/dev/projects/ai/Trackey/trackey/research/EXTRACTED_HMDB51_FEATURES/flic_flac_Jessica_Heinz_-_Leverkusen_Cup_2006__floor_routine_flic_flac_f_cm_np1_ri_med_1.pt,flic_flac,14
/data/dev/projects/ai/Trackey/trackey/research/EXTRACTED_HMDB51_FEATURES/flic_flac_Kristina_Goryunova_-_Floor_Exercise_-_2009_Tyson_American_Cu_flic_flac_f_cm_np1_ba_med_0.pt,flic_flac,14
/data/dev/projects/ai/Trackey/trackey/research/EXTRACTED_HMDB51_FEATURES/flic_flac_Kristina_Goryunova_-_Floor_Exercise_-_2009_Tyson_American_Cu_flic_flac_f_cm_np1_ba_med_2.pt,flic_flac,14
/data/dev/projects/ai/Trackey/trackey/research/EXTRACTED_HMDB51_FEATURES/flic_flac_Lynn_en_Chelsea_Turnen_flic_flac_f_cm_np2_ri_med_1.pt,flic_flac,14
/data/dev/projects/ai/Trackey/trackey/research/EXTRACTED_HMDB51_FEATURES/flic_flac_Maikel_Flic_Flac_flic_flac_f_cm_np1_ri_med_0.pt,flic_flac,14
/data/dev/projects/ai/Trackey/trackey/research/EXTRACTED_HMDB51_FEATURES/flic_flac_Maikel_Flic_Flac_flic_flac_f_cm_np1_ri_med_1.pt,flic_flac,14
/data/dev/projects/ai/Trackey/trackey/research/EXTRACTED_HMDB51_FEATURES/flic_flac_Maikel_Flic_Flac_flic_flac_f_cm_np1_ri_med_2.pt,flic_flac,14
/data/dev/projects/ai/Trackey/trackey/research/EXTRACTED_HMDB51_FEATURES/flic_flac_Meto_Demo_BHS__Flick_Flack_flic_flac_f_cm_np1_ba_med_0.pt,flic_flac,14
/data/dev/projects/ai/Trackey/trackey/research/EXTRACTED_HMDB51_FEATURES/flic_flac_Meto_Demo_BHS__Flick_Flack_flic_flac_f_cm_np1_ba_med_1.pt,flic_flac,14
/data/dev/projects/ai/Trackey/trackey/research/EXTRACTED_HMDB51_FEATURES/flic_flac_Meto_Demo_BHS__Flick_Flack_flic_flac_f_cm_np1_ba_med_2.pt,flic_flac,14
/data/dev/projects/ai/Trackey/trackey/research/EXTRACTED_HMDB51_FEATURES/flic_flac_Meto_Demo_BHS__Flick_Flack_flic_flac_f_cm_np1_le_med_6.pt,flic_flac,14
/data/dev/projects/ai/Trackey/trackey/research/EXTRACTED_HMDB51_FEATURES/flic_flac_Meto_Demo_BHS__Flick_Flack_flic_flac_f_cm_np1_le_med_7.pt,flic_flac,14
/data/dev/projects/ai/Trackey/trackey/research/EXTRACTED_HMDB51_FEATURES/flic_flac_Meto_Demo_BHS__Flick_Flack_flic_flac_f_cm_np1_le_med_8.pt,flic_flac,14
/data/dev/projects/ai/Trackey/trackey/research/EXTRACTED_HMDB51_FEATURES/flic_flac_Meto_Demo_BHS__Flick_Flack_flic_flac_f_cm_np1_ri_med_3.pt,flic_flac,14
/data/dev/projects/ai/Trackey/trackey/research/EXTRACTED_HMDB51_FEATURES/flic_flac_Meto_Demo_BHS__Flick_Flack_flic_flac_f_cm_np1_ri_med_4.pt,flic_flac,14
/data/dev/projects/ai/Trackey/trackey/research/EXTRACTED_HMDB51_FEATURES/flic_flac_Meto_Demo_BHS__Flick_Flack_flic_flac_f_cm_np1_ri_med_5.pt,flic_flac,14
/data/dev/projects/ai/Trackey/trackey/research/EXTRACTED_HMDB51_FEATURES/flic_flac_My_Gymnastics_Outside_flic_flac_f_cm_np1_le_med_0.pt,flic_flac,14
/data/dev/projects/ai/Trackey/trackey/research/EXTRACTED_HMDB51_FEATURES/flic_flac_Outdoor-Turnen_flic_flac_f_cm_np1_ri_med_2.pt,flic_flac,14
/data/dev/projects/ai/Trackey/trackey/research/EXTRACTED_HMDB51_FEATURES/flic_flac_Rondat-dubbel_flickflack_flic_flac_f_cm_np1_le_med_0.pt,flic_flac,14
/data/dev/projects/ai/Trackey/trackey/research/EXTRACTED_HMDB51_FEATURES/flic_flac_Rondat-dubbel_flickflack_flic_flac_f_cm_np1_le_med_1.pt,flic_flac,14
/data/dev/projects/ai/Trackey/trackey/research/EXTRACTED_HMDB51_FEATURES/flic_flac_Round-Off_Flick_Flack!!_flic_flac_f_cm_np1_le_med_0.pt,flic_flac,14
/data/dev/projects/ai/Trackey/trackey/research/EXTRACTED_HMDB51_FEATURES/flic_flac_Round-Off_Flick_Flack!!_flic_flac_f_cm_np1_le_med_1.pt,flic_flac,14
/data/dev/projects/ai/Trackey/trackey/research/EXTRACTED_HMDB51_FEATURES/flic_flac_Round-off_flick_1_flic_flac_f_cm_np1_ri_med_0.pt,flic_flac,14
/data/dev/projects/ai/Trackey/trackey/research/EXTRACTED_HMDB51_FEATURES/flic_flac_Round-off_flick_flic_flac_f_cm_np1_ri_bad_0.pt,flic_flac,14
/data/dev/projects/ai/Trackey/trackey/research/EXTRACTED_HMDB51_FEATURES/flic_flac_Roundoff_Flick__flic_flac_f_cm_np1_fr_bad_0.pt,flic_flac,14
/data/dev/projects/ai/Trackey/trackey/research/EXTRACTED_HMDB51_FEATURES/flic_flac_Roundoff_Flick_flic_flac_f_cm_np1_fr_bad_0.pt,flic_flac,14
/data/dev/projects/ai/Trackey/trackey/research/EXTRACTED_HMDB51_FEATURES/flic_flac_Rush_Hour_4_Turnk_r_flic_flac_f_cm_np1_ri_med_4.pt,flic_flac,14
/data/dev/projects/ai/Trackey/trackey/research/EXTRACTED_HMDB51_FEATURES/flic_flac_Rush_Hour_4_Turnk_r_flic_flac_f_cm_np1_ri_med_5.pt,flic_flac,14
/data/dev/projects/ai/Trackey/trackey/research/EXTRACTED_HMDB51_FEATURES/flic_flac_Simon_Bodenturnen_flic_flac_f_cm_np1_fr_med_3.pt,flic_flac,14
/data/dev/projects/ai/Trackey/trackey/research/EXTRACTED_HMDB51_FEATURES/flic_flac_Turnen_Training_flick_flack_salto_gymnastics_backhandspring_backtuck_flic_flac_f_cm_np1_fr_bad_2.pt,flic_flac,14
/data/dev/projects/ai/Trackey/trackey/research/EXTRACTED_HMDB51_FEATURES/flic_flac_Turnen_Training_flick_flack_salto_gymnastics_backhandspring_backtuck_flic_flac_f_cm_np1_fr_bad_3.pt,flic_flac,14
/data/dev/projects/ai/Trackey/trackey/research/EXTRACTED_HMDB51_FEATURES/flic_flac_Turnen_Training_flick_flack_salto_gymnastics_backhandspring_backtuck_flic_flac_f_cm_np1_ri_bad_0.pt,flic_flac,14
/data/dev/projects/ai/Trackey/trackey/research/EXTRACTED_HMDB51_FEATURES/flic_flac_Turnen_Training_flick_flack_salto_gymnastics_backhandspring_backtuck_flic_flac_f_cm_np1_ri_bad_1.pt,flic_flac,14
/data/dev/projects/ai/Trackey/trackey/research/EXTRACTED_HMDB51_FEATURES/flic_flac_Turnen_Training_flick_flack_salto_gymnastics_backhandspring_backtuck_flic_flac_f_cm_np1_ri_bad_4.pt,flic_flac,14
/data/dev/projects/ai/Trackey/trackey/research/EXTRACTED_HMDB51_FEATURES/flic_flac_anna_turnen_flic_flac_f_cm_np1_ri_bad_1.pt,flic_flac,14
/data/dev/projects/ai/Trackey/trackey/research/EXTRACTED_HMDB51_FEATURES/flic_flac_boden__bung_gaurunde_flic_flac_f_cm_np1_ri_med_1.pt,flic_flac,14
/data/dev/projects/ai/Trackey/trackey/research/EXTRACTED_HMDB51_FEATURES/flic_flac_flic_flac_mortal_flic_flac_f_cm_np1_ba_bad_0.pt,flic_flac,14
/data/dev/projects/ai/Trackey/trackey/research/EXTRACTED_HMDB51_FEATURES/flic_flac_me_turnen_flic_flac_f_cm_np1_ri_med_0.pt,flic_flac,14
/data/dev/projects/ai/Trackey/trackey/research/EXTRACTED_HMDB51_FEATURES/flic_flac_mortero_rondo_flic_flac_flic_flac_f_cm_np1_ri_bad_0.pt,flic_flac,14
/data/dev/projects/ai/Trackey/trackey/research/EXTRACTED_HMDB51_FEATURES/flic_flac_turnles!!_flic_flac_f_cm_np1_le_med_2.pt,flic_flac,14
/data/dev/projects/ai/Trackey/trackey/research/EXTRACTED_HMDB51_FEATURES/flic_flac_turnles!!_flic_flac_f_cm_np1_le_med_5.pt,flic_flac,14
/data/dev/projects/ai/Trackey/trackey/research/EXTRACTED_HMDB51_FEATURES/flic_flac_turnles!!_flic_flac_f_cm_np1_le_med_7.pt,flic_flac,14
/data/dev/projects/ai/Trackey/trackey/research/EXTRACTED_HMDB51_FEATURES/flic_flac_turnles!!_flic_flac_f_cm_np1_le_med_8.pt,flic_flac,14
/data/dev/projects/ai/Trackey/trackey/research/EXTRACTED_HMDB51_FEATURES/flic_flac_turnles!!_flic_flac_f_cm_np1_le_med_9.pt,flic_flac,14
/data/dev/projects/ai/Trackey/trackey/research/EXTRACTED_HMDB51_FEATURES/golf_9_Iron_From_160_Yards_golf_f_cm_np1_ri_goo_0.pt,golf,15
/data/dev/projects/ai/Trackey/trackey/research/EXTRACTED_HMDB51_FEATURES/golf_Adam_Scott_golf_f_cm_np1_le_goo_0.pt,golf,15
/data/dev/projects/ai/Trackey/trackey/research/EXTRACTED_HMDB51_FEATURES/golf_Angel_Cabrera_s_Golf_Swing_golf_f_cm_np1_ri_med_0.pt,golf,15
/data/dev/projects/ai/Trackey/trackey/research/EXTRACTED_HMDB51_FEATURES/golf_Angry_Female_Golfer_golf_f_cm_np1_fr_bad_0.pt,golf,15
/data/dev/projects/ai/Trackey/trackey/research/EXTRACTED_HMDB51_FEATURES/golf_Anna_Rawson_Driver_Practice_golf_f_nm_np1_ri_bad_0.pt,golf,15
/data/dev/projects/ai/Trackey/trackey/research/EXTRACTED_HMDB51_FEATURES/golf_Anna_Rawson_LPGA_golf_f_nm_np1_ri_goo_0.pt,golf,15
/data/dev/projects/ai/Trackey/trackey/research/EXTRACTED_HMDB51_FEATURES/golf_Anna_Rawson_Lesson_side_by_side_golf_f_nm_np2_ba_goo_0.pt,golf,15
/data/dev/projects/ai/Trackey/trackey/research/EXTRACTED_HMDB51_FEATURES/golf_Anthony_Kim_s_drive_hits_spectator_s_butt_-_that_had_to_sting!_golf_f_cm_np1_ri_goo_0.pt,golf,15
/data/dev/projects/ai/Trackey/trackey/research/EXTRACTED_HMDB51_FEATURES/golf_Ariya_Swing_golf_f_cm_np1_fr_bad_0.pt,golf,15
/data/dev/projects/ai/Trackey/trackey/research/EXTRACTED_HMDB51_FEATURES/golf_Ben_Hogan_Swing_golf_f_nm_np1_ri_med_0.pt,golf,15
/data/dev/projects/ai/Trackey/trackey/research/EXTRACTED_HMDB51_FEATURES/golf_Ben_Hogan_Swing_golf_f_nm_np1_ri_med_1.pt,golf,15
/data/dev/projects/ai/Trackey/trackey/research/EXTRACTED_HMDB51_FEATURES/golf_Ben_Hogan_Swing_golf_f_nm_np1_ri_med_2.pt,golf,15
/data/dev/projects/ai/Trackey/trackey/research/EXTRACTED_HMDB51_FEATURES/golf_Camilo_Villegas_Tee_Shot_golf_f_cm_np1_fr_goo_0.pt,golf,15
/data/dev/projects/ai/Trackey/trackey/research/EXTRACTED_HMDB51_FEATURES/golf_Casie_Cathrea_golf_f_nm_np1_fr_med_0.pt,golf,15
/data/dev/projects/ai/Trackey/trackey/research/EXTRACTED_HMDB51_FEATURES/golf_Charles_Barkley_Golf_Swing_golf_f_cm_np1_ba_med_0.pt,golf,15
/data/dev/projects/ai/Trackey/trackey/research/EXTRACTED_HMDB51_FEATURES/golf_Charles_Barkley_Golfing_golf_f_cm_np1_fr_med_0.pt,golf,15
/data/dev/projects/ai/Trackey/trackey/research/EXTRACTED_HMDB51_FEATURES/golf_Cobra_Golf_-_Camilo_Villegas_golf_f_cm_np1_ri_goo_0.pt,golf,15
/data/dev/projects/ai/Trackey/trackey/research/EXTRACTED_HMDB51_FEATURES/golf_Cobra_Golf_-_Camilo_Villegas_golf_f_cm_np1_ri_goo_1.pt,golf,15
/data/dev/projects/ai/Trackey/trackey/research/EXTRACTED_HMDB51_FEATURES/golf_Davis_Love_III__Beautiful_swing!_golf_f_cm_np1_ri_med_0.pt,golf,15
/data/dev/projects/ai/Trackey/trackey/research/EXTRACTED_HMDB51_FEATURES/golf_Dr__Feels_Golf_Wedge_Secret_golf_f_cm_np1_ri_med_0.pt,golf,15
/data/dev/projects/ai/Trackey/trackey/research/EXTRACTED_HMDB51_FEATURES/golf_Eric_Axley_golf_f_cm_np1_le_goo_0.pt,golf,15
/data/dev/projects/ai/Trackey/trackey/research/EXTRACTED_HMDB51_FEATURES/golf_Ernie_Els_Swing__Big_easy!_golf_f_cm_np1_fr_med_0.pt,golf,15
/data/dev/projects/ai/Trackey/trackey/research/EXTRACTED_HMDB51_FEATURES/golf_Ernie_Els_swing_close_up_golf_f_cm_np1_ri_goo_0.pt,golf,15
/data/dev/projects/ai/Trackey/trackey/research/EXTRACTED_HMDB51_FEATURES/golf_Evian_Masters_Junior_Cup_Highlights_2009_golf_f_nm_np1_ba_goo_0.pt,golf,15
/data/dev/projects/ai/Trackey/trackey/research/EXTRACTED_HMDB51_FEATURES/golf_Evian_Masters_Junior_Cup_Highlights_2009_golf_f_nm_np1_ba_goo_2.pt,golf,15
/data/dev/projects/ai/Trackey/trackey/research/EXTRACTED_HMDB51_FEATURES/golf_Evian_Masters_Junior_Cup_Highlights_2009_golf_f_nm_np1_fr_goo_1.pt,golf,15
/data/dev/projects/ai/Trackey/trackey/research/EXTRACTED_HMDB51_FEATURES/golf_Evian_Masters_Junior_Cup_Highlights_2009_golf_f_nm_np1_le_goo_4.pt,golf,15
/data/dev/projects/ai/Trackey/trackey/research/EXTRACTED_HMDB51_FEATURES/golf_Evian_Masters_Junior_Cup_Highlights_2009_golf_f_nm_np1_ri_goo_3.pt,golf,15
/data/dev/projects/ai/Trackey/trackey/research/EXTRACTED_HMDB51_FEATURES/golf_Finding_the_fairway_under_pressure_golf_f_cm_np1_ri_med_0.pt,golf,15
/data/dev/projects/ai/Trackey/trackey/research/EXTRACTED_HMDB51_FEATURES/golf_Geoff_Ogilvy_golf_f_cm_np1_fr_goo_0.pt,golf,15
/data/dev/projects/ai/Trackey/trackey/research/EXTRACTED_HMDB51_FEATURES/golf_Golf_Swing_#6Iron_golf_f_cm_np1_fr_med_0.pt,golf,15
/data/dev/projects/ai/Trackey/trackey/research/EXTRACTED_HMDB51_FEATURES/golf_Golf_Swing_#6Iron_golf_f_cm_np1_fr_med_1.pt,golf,15
/data/dev/projects/ai/Trackey/trackey/research/EXTRACTED_HMDB51_FEATURES/golf_Golf_Swing_#6Iron_golf_f_cm_np1_fr_med_2.pt,golf,15
/data/dev/projects/ai/Trackey/trackey/research/EXTRACTED_HMDB51_FEATURES/golf_Golf_Swing_#6Iron_golf_f_cm_np1_ri_med_3.pt,golf,15
/data/dev/projects/ai/Trackey/trackey/research/EXTRACTED_HMDB51_FEATURES/golf_Golf_Swing_#6Iron_golf_f_cm_np1_ri_med_4.pt,golf,15
/data/dev/projects/ai/Trackey/trackey/research/EXTRACTED_HMDB51_FEATURES/golf_Golf_Swing_#6Iron_golf_f_cm_np1_ri_med_5.pt,golf,15
/data/dev/projects/ai/Trackey/trackey/research/EXTRACTED_HMDB51_FEATURES/golf_Golf_Tips_-_Hit_The_Driver_300+_Yards!!!_golf_f_nm_np1_fr_med_0.pt,golf,15
/data/dev/projects/ai/Trackey/trackey/research/EXTRACTED_HMDB51_FEATURES/golf_Golfswing_golf_f_cm_np1_fr_goo_0.pt,golf,15
/data/dev/projects/ai/Trackey/trackey/research/EXTRACTED_HMDB51_FEATURES/golf_Golfswing_golf_f_cm_np1_ri_goo_1.pt,golf,15
/data/dev/projects/ai/Trackey/trackey/research/EXTRACTED_HMDB51_FEATURES/golf_Huge_Drive!_Please_Rate_It_golf_f_cm_np1_ri_goo_0.pt,golf,15
/data/dev/projects/ai/Trackey/trackey/research/EXTRACTED_HMDB51_FEATURES/golf_Iain_Powell_Driving_at_Ingon_Manor_GC_golf_f_cm_np1_ri_med_0.pt,golf,15
/data/dev/projects/ai/Trackey/trackey/research/EXTRACTED_HMDB51_FEATURES/golf_Ian_Poulter_golf_f_cm_np1_le_goo_0.pt,golf,15
/data/dev/projects/ai/Trackey/trackey/research/EXTRACTED_HMDB51_FEATURES/golf_Jeff_Ritter_-_More_Distance_golf_f_nm_np1_ri_med_0.pt,golf,15
/data/dev/projects/ai/Trackey/trackey/research/EXTRACTED_HMDB51_FEATURES/golf_Jeff_Ritter_-_Power_Drill_golf_f_nm_np1_ri_med_0.pt,golf,15
/data/dev/projects/ai/Trackey/trackey/research/EXTRACTED_HMDB51_FEATURES/golf_Jeff_Ritter_-_The_Transition_golf_f_nm_np1_ri_med_0.pt,golf,15
/data/dev/projects/ai/Trackey/trackey/research/EXTRACTED_HMDB51_FEATURES/golf_Jim_Furyk_1_golf_f_cm_np1_fr_med_0.pt,golf,15
/data/dev/projects/ai/Trackey/trackey/research/EXTRACTED_HMDB51_FEATURES/golf_Jim_Furyk_Impression_golf_f_cm_np1_ri_med_0.pt,golf,15
/data/dev/projects/ai/Trackey/trackey/research/EXTRACTED_HMDB51_FEATURES/golf_Jordan_Malinoff_and__Anthony_Kim_Practice_golf_f_cm_np1_ba_med_4.pt,golf,15
/data/dev/projects/ai/Trackey/trackey/research/EXTRACTED_HMDB51_FEATURES/golf_Jordan_Malinoff_and__Anthony_Kim_Practice_golf_f_cm_np1_fr_med_0.pt,golf,15
/data/dev/projects/ai/Trackey/trackey/research/EXTRACTED_HMDB51_FEATURES/golf_Jordan_Malinoff_and__Anthony_Kim_Practice_golf_f_cm_np1_fr_med_2.pt,golf,15
/data/dev/projects/ai/Trackey/trackey/research/EXTRACTED_HMDB51_FEATURES/golf_Jordan_Malinoff_and__Anthony_Kim_Practice_golf_f_cm_np1_ri_med_1.pt,golf,15
/data/dev/projects/ai/Trackey/trackey/research/EXTRACTED_HMDB51_FEATURES/golf_Jordan_Malinoff_and__Anthony_Kim_Practice_golf_f_cm_np1_ri_med_3.pt,golf,15
/data/dev/projects/ai/Trackey/trackey/research/EXTRACTED_HMDB51_FEATURES/golf_Jordan_Malinoff_and__Anthony_Kim_Practice_golf_f_cm_np1_ri_med_5.pt,golf,15
/data/dev/projects/ai/Trackey/trackey/research/EXTRACTED_HMDB51_FEATURES/golf_Jordan_Malinoff_and__Anthony_Kim_Practice_golf_f_cm_np1_ri_med_6.pt,golf,15
/data/dev/projects/ai/Trackey/trackey/research/EXTRACTED_HMDB51_FEATURES/golf_Jordan_Malinoff_and__Anthony_Kim_Practice_golf_f_cm_np1_ri_med_7.pt,golf,15
/data/dev/projects/ai/Trackey/trackey/research/EXTRACTED_HMDB51_FEATURES/golf_Kevin_Na_s_Swing_golf_f_cm_np1_ri_goo_0.pt,golf,15
/data/dev/projects/ai/Trackey/trackey/research/EXTRACTED_HMDB51_FEATURES/golf_Lorena_Ochoa_en_Acapulco_skins_golf_f_cm_np1_fr_med_0.pt,golf,15
/data/dev/projects/ai/Trackey/trackey/research/EXTRACTED_HMDB51_FEATURES/golf_Lorena_Ochoa_et_Paula_Creamer_golf_f_cm_np1_le_med_0.pt,golf,15
/data/dev/projects/ai/Trackey/trackey/research/EXTRACTED_HMDB51_FEATURES/golf_Lorena_Ochoa_et_Paula_Creamer_golf_f_cm_np1_le_med_1.pt,golf,15
/data/dev/projects/ai/Trackey/trackey/research/EXTRACTED_HMDB51_FEATURES/golf_Lorena_Ochoa_golf_f_cm_np1_ri_med_0.pt,golf,15
/data/dev/projects/ai/Trackey/trackey/research/EXTRACTED_HMDB51_FEATURES/golf_Mac_O_grady_Iron__08_golf_f_cm_np1_fr_med_0.pt,golf,15
/data/dev/projects/ai/Trackey/trackey/research/EXTRACTED_HMDB51_FEATURES/golf_Mac_O_grady_driver_face__06_golf_f_cm_np1_fr_med_0.pt,golf,15
/data/dev/projects/ai/Trackey/trackey/research/EXTRACTED_HMDB51_FEATURES/golf_Meena_Lee_golf_f_cm_np1_ba_med_0.pt,golf,15
/data/dev/projects/ai/Trackey/trackey/research/EXTRACTED_HMDB51_FEATURES/golf_Meena_Lee_golf_f_cm_np1_ba_med_1.pt,golf,15
/data/dev/projects/ai/Trackey/trackey/research/EXTRACTED_HMDB51_FEATURES/golf_Meena_Lee_golf_f_cm_np1_ba_med_2.pt,golf,15
/data/dev/projects/ai/Trackey/trackey/research/EXTRACTED_HMDB51_FEATURES/golf_Michael_Campbell_rub_of_the_green_golf_f_cm_np1_fr_med_0.pt,golf,15
/data/dev/projects/ai/Trackey/trackey/research/EXTRACTED_HMDB51_FEATURES/golf_Michelle_Wie_Powerful_Set-Up_and_Swing_golf_f_cm_np1_ri_med_0.pt,golf,15
/data/dev/projects/ai/Trackey/trackey/research/EXTRACTED_HMDB51_FEATURES/golf_Michelle_Wie__Golf_Swing_golf_f_cm_np1_fr_med_0.pt,golf,15
/data/dev/projects/ai/Trackey/trackey/research/EXTRACTED_HMDB51_FEATURES/golf_Michelle_Wie_bombs_a_drive_golf_f_cm_np1_ba_med_0.pt,golf,15
/data/dev/projects/ai/Trackey/trackey/research/EXTRACTED_HMDB51_FEATURES/golf_Michelle_Wie_golf_f_cm_np1_ri_med_0.pt,golf,15
/data/dev/projects/ai/Trackey/trackey/research/EXTRACTED_HMDB51_FEATURES/golf_Mike_Weir_at_the_2007_Masters_golf_f_cm_np1_le_med_0.pt,golf,15
/data/dev/projects/ai/Trackey/trackey/research/EXTRACTED_HMDB51_FEATURES/golf_Mike_Weir_golf_f_cm_np1_fr_med_1.pt,golf,15
/data/dev/projects/ai/Trackey/trackey/research/EXTRACTED_HMDB51_FEATURES/golf_Mike_Weir_golf_f_cm_np1_le_med_0.pt,golf,15
/data/dev/projects/ai/Trackey/trackey/research/EXTRACTED_HMDB51_FEATURES/golf_Miyazato_Ai_golf_f_cm_np1_fr_med_0.pt,golf,15
/data/dev/projects/ai/Trackey/trackey/research/EXTRACTED_HMDB51_FEATURES/golf_Morgan_Pressel_golf_f_cm_np1_ri_goo_0.pt,golf,15
/data/dev/projects/ai/Trackey/trackey/research/EXTRACTED_HMDB51_FEATURES/golf_Na_Yeon_Choi_practice_1_golf_f_nm_np1_ri_goo_0.pt,golf,15
/data/dev/projects/ai/Trackey/trackey/research/EXTRACTED_HMDB51_FEATURES/golf_Na_Yeon_Choi_practice_1_golf_f_nm_np1_ri_goo_1.pt,golf,15
/data/dev/projects/ai/Trackey/trackey/research/EXTRACTED_HMDB51_FEATURES/golf_Na_Yeon_Choi_practice_1_golf_f_nm_np1_ri_goo_2.pt,golf,15
/data/dev/projects/ai/Trackey/trackey/research/EXTRACTED_HMDB51_FEATURES/golf_Natalie_Gulbis_1_golf_f_cm_np1_le_med_0.pt,golf,15
/data/dev/projects/ai/Trackey/trackey/research/EXTRACTED_HMDB51_FEATURES/golf_Natalie_Gulbis_1_golf_f_cm_np1_le_med_1.pt,golf,15
/data/dev/projects/ai/Trackey/trackey/research/EXTRACTED_HMDB51_FEATURES/golf_Natalie_Gulbis_golf_f_cm_np1_ba_med_0.pt,golf,15
/data/dev/projects/ai/Trackey/trackey/research/EXTRACTED_HMDB51_FEATURES/golf_Nick_Faldo_golf_swing_explanation_golf_f_cm_np1_fr_bad_0.pt,golf,15
/data/dev/projects/ai/Trackey/trackey/research/EXTRACTED_HMDB51_FEATURES/golf_Paula_Creamer_-_Sybase_Classic_2009_golf_f_cm_np1_fr_med_0.pt,golf,15
/data/dev/projects/ai/Trackey/trackey/research/EXTRACTED_HMDB51_FEATURES/golf_Paula_Creamer_1_golf_f_cm_np1_ri_med_0.pt,golf,15
/data/dev/projects/ai/Trackey/trackey/research/EXTRACTED_HMDB51_FEATURES/golf_Paula_Creamer_golf_f_cm_np1_ri_med_0.pt,golf,15
/data/dev/projects/ai/Trackey/trackey/research/EXTRACTED_HMDB51_FEATURES/golf_Powergolf_Golf_Superdrive_mit_dem_Driver_340_Meter_golf_f_cm_np1_fr_med_0.pt,golf,15
/data/dev/projects/ai/Trackey/trackey/research/EXTRACTED_HMDB51_FEATURES/golf_Probably_the_best_golf_shot_in_the_world_ever!!!_golf_f_cm_np1_ba_med_0.pt,golf,15
/data/dev/projects/ai/Trackey/trackey/research/EXTRACTED_HMDB51_FEATURES/golf_Rate_my_golf_swing__driver_and_9_iron_golf_f_cm_np1_le_med_2.pt,golf,15
/data/dev/projects/ai/Trackey/trackey/research/EXTRACTED_HMDB51_FEATURES/golf_Rate_my_golf_swing__driver_and_9_iron_golf_f_cm_np1_ri_med_0.pt,golf,15
/data/dev/projects/ai/Trackey/trackey/research/EXTRACTED_HMDB51_FEATURES/golf_Rate_my_golf_swing__driver_and_9_iron_golf_f_cm_np1_ri_med_1.pt,golf,15
/data/dev/projects/ai/Trackey/trackey/research/EXTRACTED_HMDB51_FEATURES/golf_Sergio_Garcia_-_Southern_Hills_#15_IRON_golf_f_cm_np1_ri_med_0.pt,golf,15
/data/dev/projects/ai/Trackey/trackey/research/EXTRACTED_HMDB51_FEATURES/golf_Sergio_Garcia_at_Palacio_Estril_Golf_School_-_Portugal_golf_f_cm_np1_fr_bad_0.pt,golf,15
/data/dev/projects/ai/Trackey/trackey/research/EXTRACTED_HMDB51_FEATURES/golf_Sergio_Garcia_golf_f_cm_np1_ri_med_0.pt,golf,15
/data/dev/projects/ai/Trackey/trackey/research/EXTRACTED_HMDB51_FEATURES/golf_Sergio_Garcia_golf_f_cm_np1_ri_med_1.pt,golf,15
/data/dev/projects/ai/Trackey/trackey/research/EXTRACTED_HMDB51_FEATURES/golf_Steve_Elkington_1995_PGA_golf_f_cm_np1_ri_med_0.pt,golf,15
/data/dev/projects/ai/Trackey/trackey/research/EXTRACTED_HMDB51_FEATURES/golf_Steve_Elkington_golf_f_cm_np1_ri_med_0.pt,golf,15
/data/dev/projects/ai/Trackey/trackey/research/EXTRACTED_HMDB51_FEATURES/golf_Tiger_Woods_AMAZING_Shots_golf_f_cm_np1_ri_med_0.pt,golf,15
/data/dev/projects/ai/Trackey/trackey/research/EXTRACTED_HMDB51_FEATURES/golf_Tiger_Woods_Super_Drive_golf_f_nm_np1_ri_goo_0.pt,golf,15
/data/dev/projects/ai/Trackey/trackey/research/EXTRACTED_HMDB51_FEATURES/golf_Tiger_Woods_smokes_a_drive_golf_f_cm_np1_ri_med_0.pt,golf,15
/data/dev/projects/ai/Trackey/trackey/research/EXTRACTED_HMDB51_FEATURES/golf_bri_vega_golf_f_cm_np1_fr_med_0.pt,golf,15
/data/dev/projects/ai/Trackey/trackey/research/EXTRACTED_HMDB51_FEATURES/golf_golf_golf_f_nm_np1_ri_goo_0.pt,golf,15
/data/dev/projects/ai/Trackey/trackey/research/EXTRACTED_HMDB51_FEATURES/golf_golf_golf_f_nm_np1_ri_goo_1.pt,golf,15
/data/dev/projects/ai/Trackey/trackey/research/EXTRACTED_HMDB51_FEATURES/golf_golf_golf_f_nm_np1_ri_goo_2.pt,golf,15
/data/dev/projects/ai/Trackey/trackey/research/EXTRACTED_HMDB51_FEATURES/golf_miyazato_ai_9_iron_golf_f_cm_np1_ri_med_0.pt,golf,15
/data/dev/projects/ai/Trackey/trackey/research/EXTRACTED_HMDB51_FEATURES/golf_rory_hie_high_school__now_USC_golf_f_nm_np1_ri_goo_0.pt,golf,15
/data/dev/projects/ai/Trackey/trackey/research/EXTRACTED_HMDB51_FEATURES/handstand_100_Second_Handstand_handstand_f_nm_np1_ba_bad_0.pt,handstand,16
/data/dev/projects/ai/Trackey/trackey/research/EXTRACTED_HMDB51_FEATURES/handstand_3-er_handstand_aua_handstand_u_cm_np3_ba_med_0.pt,handstand,16
/data/dev/projects/ai/Trackey/trackey/research/EXTRACTED_HMDB51_FEATURES/handstand_Alisa_-__Handstand_contest_handstand_f_cm_np2_le_med_0.pt,handstand,16
/data/dev/projects/ai/Trackey/trackey/research/EXTRACTED_HMDB51_FEATURES/handstand_Boden_bung_Spoho_Eignungspr_fung_handstand_f_cm_np1_ri_med_1.pt,handstand,16
/data/dev/projects/ai/Trackey/trackey/research/EXTRACTED_HMDB51_FEATURES/handstand_Bodenturnen_f_r_Anf_nger_handstand_f_cm_np1_ri_med_0.pt,handstand,16
/data/dev/projects/ai/Trackey/trackey/research/EXTRACTED_HMDB51_FEATURES/handstand_Bodenturnen_f_r_Anf_nger_handstand_f_cm_np1_ri_med_1.pt,handstand,16
/data/dev/projects/ai/Trackey/trackey/research/EXTRACTED_HMDB51_FEATURES/handstand_Bodenturnen_handstand_f_cm_np1_ri_med_0.pt,handstand,16
/data/dev/projects/ai/Trackey/trackey/research/EXTRACTED_HMDB51_FEATURES/handstand_Bodenturnen_im_sportunterricht_handstand_f_cm_np1_le_med_1.pt,handstand,16
/data/dev/projects/ai/Trackey/trackey/research/EXTRACTED_HMDB51_FEATURES/handstand_Carolina_Kluft__-_Handstand_Distance_Walk_Challenge_handstand_f_cm_np1_le_med_0.pt,handstand,16
/data/dev/projects/ai/Trackey/trackey/research/EXTRACTED_HMDB51_FEATURES/handstand_Cidney_doing_her_Gymnastics!!_handstand_f_cm_np1_ri_goo_0.pt,handstand,16
/data/dev/projects/ai/Trackey/trackey/research/EXTRACTED_HMDB51_FEATURES/handstand_DSHS_Pflicht_Bodenturnen_BAS_1_Bachelor_Spoho_handstand_f_cm_np1_le_med_1.pt,handstand,16
/data/dev/projects/ai/Trackey/trackey/research/EXTRACTED_HMDB51_FEATURES/handstand_Good_Handstand_handstand_f_nm_np1_ri_med_0.pt,handstand,16
/data/dev/projects/ai/Trackey/trackey/research/EXTRACTED_HMDB51_FEATURES/handstand_Gymnastic_handstand_handstand_f_nm_np1_le_med_1.pt,handstand,16
/data/dev/projects/ai/Trackey/trackey/research/EXTRACTED_HMDB51_FEATURES/handstand_Gymnastic_handstand_handstand_f_nm_np1_le_med_2.pt,handstand,16
/data/dev/projects/ai/Trackey/trackey/research/EXTRACTED_HMDB51_FEATURES/handstand_Gymnastic_handstand_handstand_f_nm_np1_ri_med_0.pt,handstand,16
/data/dev/projects/ai/Trackey/trackey/research/EXTRACTED_HMDB51_FEATURES/handstand_Gymnastics__-_How_to_Learn_a_Handstand_or_Handspring_handstand_f_cm_np1_ri_med_0.pt,handstand,16
/data/dev/projects/ai/Trackey/trackey/research/EXTRACTED_HMDB51_FEATURES/handstand_Gymnastics_handstand_f_cm_np1_le_goo_0.pt,handstand,16
/data/dev/projects/ai/Trackey/trackey/research/EXTRACTED_HMDB51_FEATURES/handstand_Gymnastics_handstand_f_cm_np1_le_goo_1.pt,handstand,16
/data/dev/projects/ai/Trackey/trackey/research/EXTRACTED_HMDB51_FEATURES/handstand_HAND_STAND_CONTEST_!_handstand_f_cm_np1_fr_med_1.pt,handstand,16
/data/dev/projects/ai/Trackey/trackey/research/EXTRACTED_HMDB51_FEATURES/handstand_HAND_STAND_CONTEST_!_handstand_f_cm_np3_fr_med_0.pt,handstand,16
/data/dev/projects/ai/Trackey/trackey/research/EXTRACTED_HMDB51_FEATURES/handstand_Hand_Stand_Push_Ups_handstand_f_nm_np1_ba_med_0.pt,handstand,16
/data/dev/projects/ai/Trackey/trackey/research/EXTRACTED_HMDB51_FEATURES/handstand_Handstand_Competition_-_YSA_Convention_2008_handstand_f_cm_np3_fr_med_0.pt,handstand,16
/data/dev/projects/ai/Trackey/trackey/research/EXTRACTED_HMDB51_FEATURES/handstand_Handstand_Competition_1_handstand_f_cm_np2_ba_med_0.pt,handstand,16
/data/dev/projects/ai/Trackey/trackey/research/EXTRACTED_HMDB51_FEATURES/handstand_Handstand_Competition_1_handstand_f_cm_np2_ba_med_1.pt,handstand,16
/data/dev/projects/ai/Trackey/trackey/research/EXTRACTED_HMDB51_FEATURES/handstand_Handstand_Competition_3_handstand_f_cm_np1_fr_med_0.pt,handstand,16
/data/dev/projects/ai/Trackey/trackey/research/EXTRACTED_HMDB51_FEATURES/handstand_Handstand_Competition_3_handstand_f_cm_np1_fr_med_1.pt,handstand,16
/data/dev/projects/ai/Trackey/trackey/research/EXTRACTED_HMDB51_FEATURES/handstand_Handstand_Competition_3_handstand_f_cm_np1_fr_med_2.pt,handstand,16
/data/dev/projects/ai/Trackey/trackey/research/EXTRACTED_HMDB51_FEATURES/handstand_Handstand_Competition_3_handstand_f_cm_np1_fr_med_4.pt,handstand,16
/data/dev/projects/ai/Trackey/trackey/research/EXTRACTED_HMDB51_FEATURES/handstand_Handstand_Competition_3_handstand_f_cm_np1_fr_med_5.pt,handstand,16
/data/dev/projects/ai/Trackey/trackey/research/EXTRACTED_HMDB51_FEATURES/handstand_Handstand_Competition_3_handstand_f_cm_np1_fr_med_7.pt,handstand,16
/data/dev/projects/ai/Trackey/trackey/research/EXTRACTED_HMDB51_FEATURES/handstand_Handstand_Competition_3_handstand_f_cm_np1_fr_med_8.pt,handstand,16
/data/dev/projects/ai/Trackey/trackey/research/EXTRACTED_HMDB51_FEATURES/handstand_Handstand_Competition_3_handstand_f_cm_np1_le_med_3.pt,handstand,16
/data/dev/projects/ai/Trackey/trackey/research/EXTRACTED_HMDB51_FEATURES/handstand_Handstand_Competition_3_handstand_f_cm_np1_le_med_6.pt,handstand,16
/data/dev/projects/ai/Trackey/trackey/research/EXTRACTED_HMDB51_FEATURES/handstand_Handstand_Competition_handstand_f_cm_np1_le_med_0.pt,handstand,16
/data/dev/projects/ai/Trackey/trackey/research/EXTRACTED_HMDB51_FEATURES/handstand_Handstand_Competition_handstand_f_cm_np1_le_med_1.pt,handstand,16
/data/dev/projects/ai/Trackey/trackey/research/EXTRACTED_HMDB51_FEATURES/handstand_Handstand_Training_handstand_f_cm_np1_le_goo_0.pt,handstand,16
/data/dev/projects/ai/Trackey/trackey/research/EXTRACTED_HMDB51_FEATURES/handstand_Handstand_Training_handstand_f_cm_np1_le_goo_1.pt,handstand,16
/data/dev/projects/ai/Trackey/trackey/research/EXTRACTED_HMDB51_FEATURES/handstand_Handstand_Training_handstand_f_cm_np1_le_goo_2.pt,handstand,16
/data/dev/projects/ai/Trackey/trackey/research/EXTRACTED_HMDB51_FEATURES/handstand_Handstand_Tutorial_2_handstand_f_nm_np1_le_med_0.pt,handstand,16
/data/dev/projects/ai/Trackey/trackey/research/EXTRACTED_HMDB51_FEATURES/handstand_Handstand_Tutorial_2_handstand_f_nm_np1_le_med_1.pt,handstand,16
/data/dev/projects/ai/Trackey/trackey/research/EXTRACTED_HMDB51_FEATURES/handstand_Handstand_Tutorial_2_handstand_f_nm_np1_le_med_2.pt,handstand,16
/data/dev/projects/ai/Trackey/trackey/research/EXTRACTED_HMDB51_FEATURES/handstand_Handstand_competition_aha!_handstand_f_cm_np2_fr_bad_0.pt,handstand,16
/data/dev/projects/ai/Trackey/trackey/research/EXTRACTED_HMDB51_FEATURES/handstand_Handstand_contest!_handstand_f_cm_np1_le_med_1.pt,handstand,16
/data/dev/projects/ai/Trackey/trackey/research/EXTRACTED_HMDB51_FEATURES/handstand_Handstand_contest!_handstand_f_nm_np1_fr_med_0.pt,handstand,16
/data/dev/projects/ai/Trackey/trackey/research/EXTRACTED_HMDB51_FEATURES/handstand_Handstand_tutorial_-_3RUN_handstand_f_cm_np1_ri_med_0.pt,handstand,16
/data/dev/projects/ai/Trackey/trackey/research/EXTRACTED_HMDB51_FEATURES/handstand_Handstand_tutorial_1_handstand_f_nm_np1_le_med_1.pt,handstand,16
/data/dev/projects/ai/Trackey/trackey/research/EXTRACTED_HMDB51_FEATURES/handstand_Handstand_tutorial_1_handstand_f_nm_np1_ri_med_0.pt,handstand,16
/data/dev/projects/ai/Trackey/trackey/research/EXTRACTED_HMDB51_FEATURES/handstand_Handstand_tutorial_3_handstand_f_nm_np1_le_med_0.pt,handstand,16
/data/dev/projects/ai/Trackey/trackey/research/EXTRACTED_HMDB51_FEATURES/handstand_Handstandk_nig_handstand_f_cm_np1_ri_med_3.pt,handstand,16
/data/dev/projects/ai/Trackey/trackey/research/EXTRACTED_HMDB51_FEATURES/handstand_Health_handstand_f_cm_np1_ri_med_0.pt,handstand,16
/data/dev/projects/ai/Trackey/trackey/research/EXTRACTED_HMDB51_FEATURES/handstand_How_to_do_a_Handstand_handstand_f_nm_np1_ri_bad_0.pt,handstand,16
/data/dev/projects/ai/Trackey/trackey/research/EXTRACTED_HMDB51_FEATURES/handstand_How_to_do_a_Handstand_handstand_f_nm_np1_ri_bad_1.pt,handstand,16
/data/dev/projects/ai/Trackey/trackey/research/EXTRACTED_HMDB51_FEATURES/handstand_K!_Tour_08-_NORWICH_Madina_handstand_competition_handstand_f_cm_np1_le_med_0.pt,handstand,16
/data/dev/projects/ai/Trackey/trackey/research/EXTRACTED_HMDB51_FEATURES/handstand_Learn_How_to_do_a_Handstand_handstand_f_nm_np1_ri_med_0.pt,handstand,16
/data/dev/projects/ai/Trackey/trackey/research/EXTRACTED_HMDB51_FEATURES/handstand_Learn_How_to_do_a_Handstand_handstand_f_nm_np1_ri_med_1.pt,handstand,16
/data/dev/projects/ai/Trackey/trackey/research/EXTRACTED_HMDB51_FEATURES/handstand_Long_Handstand_-_Two_Minutes_handstand_f_nm_np1_ri_med_0.pt,handstand,16
/data/dev/projects/ai/Trackey/trackey/research/EXTRACTED_HMDB51_FEATURES/handstand_Mini-Kelly_einfach_so_xD_handstand_f_cm_np1_ri_med_0.pt,handstand,16
/data/dev/projects/ai/Trackey/trackey/research/EXTRACTED_HMDB51_FEATURES/handstand_Monikas_Staatsexamen__Turnen_handstand_f_cm_np1_ba_med_0.pt,handstand,16
/data/dev/projects/ai/Trackey/trackey/research/EXTRACTED_HMDB51_FEATURES/handstand_Monikas_Staatsexamen__Turnen_handstand_f_cm_np1_ba_med_2.pt,handstand,16
/data/dev/projects/ai/Trackey/trackey/research/EXTRACTED_HMDB51_FEATURES/handstand_Outdoor-Turnen_handstand_f_cm_np1_ba_med_1.pt,handstand,16
/data/dev/projects/ai/Trackey/trackey/research/EXTRACTED_HMDB51_FEATURES/handstand_Outdoor-Turnen_handstand_f_cm_np1_fr_med_0.pt,handstand,16
/data/dev/projects/ai/Trackey/trackey/research/EXTRACTED_HMDB51_FEATURES/handstand_Parada_de_mao___wall_spin_handstand_f_cm_np2_le_med_0.pt,handstand,16
/data/dev/projects/ai/Trackey/trackey/research/EXTRACTED_HMDB51_FEATURES/handstand_Parada_de_mao_handstand_f_cm_np1_ba_med_4.pt,handstand,16
/data/dev/projects/ai/Trackey/trackey/research/EXTRACTED_HMDB51_FEATURES/handstand_Parada_de_mao_handstand_f_cm_np1_fr_med_0.pt,handstand,16
/data/dev/projects/ai/Trackey/trackey/research/EXTRACTED_HMDB51_FEATURES/handstand_Parada_de_mao_monstra_handstand_f_cm_np1_fr_med_0.pt,handstand,16
/data/dev/projects/ai/Trackey/trackey/research/EXTRACTED_HMDB51_FEATURES/handstand_Philli_beim_Bodenturnen_handstand_f_cm_np1_ri_bad_1.pt,handstand,16
/data/dev/projects/ai/Trackey/trackey/research/EXTRACTED_HMDB51_FEATURES/handstand_Philli_beim_Bodenturnen_handstand_f_cm_np1_ri_bad_2.pt,handstand,16
/data/dev/projects/ai/Trackey/trackey/research/EXTRACTED_HMDB51_FEATURES/handstand_Philli_beim_Bodenturnen_handstand_f_cm_np1_ri_bad_4.pt,handstand,16
/data/dev/projects/ai/Trackey/trackey/research/EXTRACTED_HMDB51_FEATURES/handstand_Projekt_SPOHO_2008_-_27_02_08_-_Training-_Bodenk_r_3_handstand_f_cm_np1_le_med_2.pt,handstand,16
/data/dev/projects/ai/Trackey/trackey/research/EXTRACTED_HMDB51_FEATURES/handstand_Projekt_SPOHO_2008_-_27_02_08_-_Training-_Bodenk_r_3_handstand_f_cm_np1_ri_med_1.pt,handstand,16
/data/dev/projects/ai/Trackey/trackey/research/EXTRACTED_HMDB51_FEATURES/handstand_Projekt_SPOHO_2008_-_27_02_08_-_Training-_Bodenk_r_4_handstand_f_cm_np1_le_med_1.pt,handstand,16
/data/dev/projects/ai/Trackey/trackey/research/EXTRACTED_HMDB51_FEATURES/handstand_Rush_Hour_4_Turnk_r_handstand_f_cm_np2_le_med_2.pt,handstand,16
/data/dev/projects/ai/Trackey/trackey/research/EXTRACTED_HMDB51_FEATURES/handstand_SAFE_NO-WALL_HANDSTAND_ESCAPE_PLAN_handstand_f_nm_np1_ri_med_0.pt,handstand,16
/data/dev/projects/ai/Trackey/trackey/research/EXTRACTED_HMDB51_FEATURES/handstand_SAFE_NO-WALL_HANDSTAND_ESCAPE_PLAN_handstand_f_nm_np1_ri_med_1.pt,handstand,16
/data/dev/projects/ai/Trackey/trackey/research/EXTRACTED_HMDB51_FEATURES/handstand_Scorpion_handstand_handstand_f_nm_np1_ri_med_0.pt,handstand,16
/data/dev/projects/ai/Trackey/trackey/research/EXTRACTED_HMDB51_FEATURES/handstand_So_turnt_man_richtig!!!_handstand_f_nm_np1_fr_med_2.pt,handstand,16
/data/dev/projects/ai/Trackey/trackey/research/EXTRACTED_HMDB51_FEATURES/handstand_So_turnt_man_richtig!!!_handstand_f_nm_np1_fr_med_3.pt,handstand,16
/data/dev/projects/ai/Trackey/trackey/research/EXTRACTED_HMDB51_FEATURES/handstand_So_turnt_man_richtig!!!_handstand_f_nm_np1_fr_med_4.pt,handstand,16
/data/dev/projects/ai/Trackey/trackey/research/EXTRACTED_HMDB51_FEATURES/handstand_Taiwan_Adventures_4_1_-_Handstand_on_the_Streets_Challenge_at_101_handstand_f_cm_np1_fr_med_0.pt,handstand,16
/data/dev/projects/ai/Trackey/trackey/research/EXTRACTED_HMDB51_FEATURES/handstand_Tiago_andando_com_as_maos_no_TG_handstand_f_cm_np1_fr_bad_0.pt,handstand,16
/data/dev/projects/ai/Trackey/trackey/research/EXTRACTED_HMDB51_FEATURES/handstand_Turn_pr_fung_glaser_schule_handstand_f_cm_np1_le_med_2.pt,handstand,16
/data/dev/projects/ai/Trackey/trackey/research/EXTRACTED_HMDB51_FEATURES/handstand_Turnk_r_Pippi_Michel_handstand_f_cm_np2_le_med_5.pt,handstand,16
/data/dev/projects/ai/Trackey/trackey/research/EXTRACTED_HMDB51_FEATURES/handstand_Turnk_r_handstand_f_cm_np4_ba_med_2.pt,handstand,16
/data/dev/projects/ai/Trackey/trackey/research/EXTRACTED_HMDB51_FEATURES/handstand_Turnk_r_handstand_f_cm_np4_ba_med_3.pt,handstand,16
/data/dev/projects/ai/Trackey/trackey/research/EXTRACTED_HMDB51_FEATURES/handstand_Uni-Koblenz_Normfreies_Turnen__WS_05_06__Pr_fung_handstand_f_cm_np1_le_bad_3.pt,handstand,16
/data/dev/projects/ai/Trackey/trackey/research/EXTRACTED_HMDB51_FEATURES/handstand_Uni-Koblenz_Normfreies_Turnen__WS_05_06__Pr_fung_handstand_f_cm_np1_ri_bad_2.pt,handstand,16
/data/dev/projects/ai/Trackey/trackey/research/EXTRACTED_HMDB51_FEATURES/handstand_Yoga_teachers_practice_handstand_and_backbend_variations_handstand_f_nm_np1_ba_med_5.pt,handstand,16
/data/dev/projects/ai/Trackey/trackey/research/EXTRACTED_HMDB51_FEATURES/handstand_Yoga_teachers_practice_handstand_and_backbend_variations_handstand_f_nm_np1_fr_med_3.pt,handstand,16
/data/dev/projects/ai/Trackey/trackey/research/EXTRACTED_HMDB51_FEATURES/handstand_Yoga_teachers_practice_handstand_and_backbend_variations_handstand_f_nm_np1_ri_med_0.pt,handstand,16
/data/dev/projects/ai/Trackey/trackey/research/EXTRACTED_HMDB51_FEATURES/handstand_Yoga_teachers_practice_handstand_and_backbend_variations_handstand_f_nm_np1_ri_med_1.pt,handstand,16
/data/dev/projects/ai/Trackey/trackey/research/EXTRACTED_HMDB51_FEATURES/handstand_Yoga_teachers_practice_handstand_and_backbend_variations_handstand_f_nm_np1_ri_med_2.pt,handstand,16
/data/dev/projects/ai/Trackey/trackey/research/EXTRACTED_HMDB51_FEATURES/handstand_Yoga_teachers_practice_handstand_and_backbend_variations_handstand_f_nm_np1_ri_med_4.pt,handstand,16
/data/dev/projects/ai/Trackey/trackey/research/EXTRACTED_HMDB51_FEATURES/handstand_Yusuf_en_Aytac_handstand_in_-7_handstand_f_cm_np2_fr_med_0.pt,handstand,16
/data/dev/projects/ai/Trackey/trackey/research/EXTRACTED_HMDB51_FEATURES/handstand_Zwei_hoffnungslose_Pflegef_lle_beim_Turnen(Part1)_handstand_f_cm_np1_ri_bad_0.pt,handstand,16
/data/dev/projects/ai/Trackey/trackey/research/EXTRACTED_HMDB51_FEATURES/handstand_Zwei_hoffnungslose_Pflegef_lle_beim_Turnen(Part3)_handstand_f_cm_np1_ri_bad_0.pt,handstand,16
/data/dev/projects/ai/Trackey/trackey/research/EXTRACTED_HMDB51_FEATURES/handstand_doppel_handstand_handstand_f_cm_np2_ba_med_0.pt,handstand,16
/data/dev/projects/ai/Trackey/trackey/research/EXTRACTED_HMDB51_FEATURES/handstand_gimnasia_handstand_f_cm_np1_le_med_0.pt,handstand,16
/data/dev/projects/ai/Trackey/trackey/research/EXTRACTED_HMDB51_FEATURES/handstand_gimnasia_handstand_f_cm_np1_le_med_1.pt,handstand,16
/data/dev/projects/ai/Trackey/trackey/research/EXTRACTED_HMDB51_FEATURES/handstand_hand_stand_handstand_f_cm_np1_ba_med_0.pt,handstand,16
/data/dev/projects/ai/Trackey/trackey/research/EXTRACTED_HMDB51_FEATURES/handstand_hand_stand_handstand_f_cm_np1_ba_med_1.pt,handstand,16
/data/dev/projects/ai/Trackey/trackey/research/EXTRACTED_HMDB51_FEATURES/handstand_hand_stand_handstand_f_cm_np1_ba_med_2.pt,handstand,16
/data/dev/projects/ai/Trackey/trackey/research/EXTRACTED_HMDB51_FEATURES/handstand_hand_stand_handstand_f_cm_np1_ba_med_3.pt,handstand,16
/data/dev/projects/ai/Trackey/trackey/research/EXTRACTED_HMDB51_FEATURES/handstand_hand_stands_handstand_f_cm_np1_fr_med_0.pt,handstand,16
/data/dev/projects/ai/Trackey/trackey/research/EXTRACTED_HMDB51_FEATURES/handstand_handstand_sandy_handstand_f_cm_np1_fr_med_1.pt,handstand,16
/data/dev/projects/ai/Trackey/trackey/research/EXTRACTED_HMDB51_FEATURES/handstand_handstand_sandy_handstand_f_cm_np1_le_med_0.pt,handstand,16
/data/dev/projects/ai/Trackey/trackey/research/EXTRACTED_HMDB51_FEATURES/handstand_handstand_tutorial___how_to_do_a_handstand_basic_breakdance_handstand_f_nm_np1_ri_med_0.pt,handstand,16
/data/dev/projects/ai/Trackey/trackey/research/EXTRACTED_HMDB51_FEATURES/handstand_handstand_tutorial___how_to_do_a_handstand_basic_breakdance_handstand_f_nm_np1_ri_med_1.pt,handstand,16
/data/dev/projects/ai/Trackey/trackey/research/EXTRACTED_HMDB51_FEATURES/handstand_handstand_tutorial___how_to_do_a_handstand_basic_breakdance_handstand_f_nm_np1_ri_med_2.pt,handstand,16
/data/dev/projects/ai/Trackey/trackey/research/EXTRACTED_HMDB51_FEATURES/handstand_handstands_1_handstand_f_cm_np1_fr_med_0.pt,handstand,16
/data/dev/projects/ai/Trackey/trackey/research/EXTRACTED_HMDB51_FEATURES/handstand_handstands_1_handstand_f_cm_np1_fr_med_1.pt,handstand,16
/data/dev/projects/ai/Trackey/trackey/research/EXTRACTED_HMDB51_FEATURES/handstand_handstands_1_handstand_f_cm_np1_fr_med_2.pt,handstand,16
/data/dev/projects/ai/Trackey/trackey/research/EXTRACTED_HMDB51_FEATURES/handstand_handstands_1_handstand_f_cm_np1_le_med_3.pt,handstand,16
/data/dev/projects/ai/Trackey/trackey/research/EXTRACTED_HMDB51_FEATURES/handstand_parada_de_mao_tai_ton_lon_dominio_do_corpo_handstand_f_cm_np1_fr_med_0.pt,handstand,16
/data/dev/projects/ai/Trackey/trackey/research/EXTRACTED_HMDB51_FEATURES/hit_24_Baseball_hits_in_31_seconds_hit_f_cm_np1_fr_bad_1.pt,hit,17
/data/dev/projects/ai/Trackey/trackey/research/EXTRACTED_HMDB51_FEATURES/hit_24_Baseball_hits_in_31_seconds_hit_u_cm_np1_ba_bad_0.pt,hit,17
/data/dev/projects/ai/Trackey/trackey/research/EXTRACTED_HMDB51_FEATURES/hit_50_FIRST_DATES_hit_f_cm_np1_fr_med_18.pt,hit,17
/data/dev/projects/ai/Trackey/trackey/research/EXTRACTED_HMDB51_FEATURES/hit_50_FIRST_DATES_hit_f_cm_np1_ri_bad_17.pt,hit,17
/data/dev/projects/ai/Trackey/trackey/research/EXTRACTED_HMDB51_FEATURES/hit_A_compilation_of_slaps_hit_f_cm_np1_ba_bad_0.pt,hit,17
/data/dev/projects/ai/Trackey/trackey/research/EXTRACTED_HMDB51_FEATURES/hit_AmericanGangster_hit_h_cm_np1_le_bad_60.pt,hit,17
/data/dev/projects/ai/Trackey/trackey/research/EXTRACTED_HMDB51_FEATURES/hit_AmericanGangster_hit_h_cm_np1_ri_bad_63.pt,hit,17
/data/dev/projects/ai/Trackey/trackey/research/EXTRACTED_HMDB51_FEATURES/hit_AmericanGangster_hit_u_nm_np1_le_med_64.pt,hit,17
/data/dev/projects/ai/Trackey/trackey/research/EXTRACTED_HMDB51_FEATURES/hit_Atlantis-__Hit_Me_With_Your_Rhythm_Stick__hit_f_cm_np1_fr_bad_0.pt,hit,17
/data/dev/projects/ai/Trackey/trackey/research/EXTRACTED_HMDB51_FEATURES/hit_Atlantis-__Hit_Me_With_Your_Rhythm_Stick__hit_u_cm_np1_ba_bad_1.pt,hit,17
/data/dev/projects/ai/Trackey/trackey/research/EXTRACTED_HMDB51_FEATURES/hit_Atlantis-__Hit_Me_With_Your_Rhythm_Stick__hit_u_cm_np1_ba_bad_3.pt,hit,17
/data/dev/projects/ai/Trackey/trackey/research/EXTRACTED_HMDB51_FEATURES/hit_Atlantis-__Hit_Me_With_Your_Rhythm_Stick__hit_u_cm_np1_fr_bad_2.pt,hit,17
/data/dev/projects/ai/Trackey/trackey/research/EXTRACTED_HMDB51_FEATURES/hit_BATMAN_BEGINS_hit_u_cm_np1_fr_bad_6.pt,hit,17
/data/dev/projects/ai/Trackey/trackey/research/EXTRACTED_HMDB51_FEATURES/hit_Baseball_Bat_V_S__Computer_Monitor_hit_f_cm_np1_fr_bad_3.pt,hit,17
/data/dev/projects/ai/Trackey/trackey/research/EXTRACTED_HMDB51_FEATURES/hit_Baseball_Bat_V_S__Computer_Monitor_hit_f_cm_np1_fr_bad_4.pt,hit,17
/data/dev/projects/ai/Trackey/trackey/research/EXTRACTED_HMDB51_FEATURES/hit_Baseball_Bat_V_S__Computer_Monitor_hit_f_cm_np1_ri_bad_0.pt,hit,17
/data/dev/projects/ai/Trackey/trackey/research/EXTRACTED_HMDB51_FEATURES/hit_Baseball_Bat_V_S__Computer_Monitor_hit_f_cm_np1_ri_bad_1.pt,hit,17
/data/dev/projects/ai/Trackey/trackey/research/EXTRACTED_HMDB51_FEATURES/hit_Baseball_Bat_V_S__Computer_Monitor_hit_f_cm_np1_ri_bad_2.pt,hit,17
/data/dev/projects/ai/Trackey/trackey/research/EXTRACTED_HMDB51_FEATURES/hit_Bela_B__am_Schlagzeug_bei__zu_sp_t__am_23_08_08_Uelzen_hit_u_cm_np1_fr_bad_0.pt,hit,17
/data/dev/projects/ai/Trackey/trackey/research/EXTRACTED_HMDB51_FEATURES/hit_Blues_Shuffle_Drum_Beats_-_Blues_Drum_Beats-_Crash_on__Four_And__hit_u_cm_np1_le_bad_0.pt,hit,17
/data/dev/projects/ai/Trackey/trackey/research/EXTRACTED_HMDB51_FEATURES/hit_Blues_Shuffle_Drum_Beats_-_Blues_Drum_Beats-_Crash_on__Four_And__hit_u_nm_np1_le_bad_1.pt,hit,17
/data/dev/projects/ai/Trackey/trackey/research/EXTRACTED_HMDB51_FEATURES/hit_Collins_getting_hit_with_a_stick_on_the_head_hit_f_cm_np1_le_bad_0.pt,hit,17
/data/dev/projects/ai/Trackey/trackey/research/EXTRACTED_HMDB51_FEATURES/hit_Collins_getting_hit_with_a_stick_on_the_head_hit_f_cm_np1_le_bad_2.pt,hit,17
/data/dev/projects/ai/Trackey/trackey/research/EXTRACTED_HMDB51_FEATURES/hit_Collins_getting_hit_with_a_stick_on_the_head_hit_f_cm_np1_le_bad_3.pt,hit,17
/data/dev/projects/ai/Trackey/trackey/research/EXTRACTED_HMDB51_FEATURES/hit_Collins_getting_hit_with_a_stick_on_the_head_hit_f_cm_np1_le_bad_4.pt,hit,17
/data/dev/projects/ai/Trackey/trackey/research/EXTRACTED_HMDB51_FEATURES/hit_Collins_getting_hit_with_a_stick_on_the_head_hit_u_cm_np1_fr_bad_1.pt,hit,17
/data/dev/projects/ai/Trackey/trackey/research/EXTRACTED_HMDB51_FEATURES/hit_Destruction_of_a_TV_hit_f_cm_np1_ba_bad_1.pt,hit,17
/data/dev/projects/ai/Trackey/trackey/research/EXTRACTED_HMDB51_FEATURES/hit_Destruction_of_a_TV_hit_f_cm_np1_le_bad_4.pt,hit,17
/data/dev/projects/ai/Trackey/trackey/research/EXTRACTED_HMDB51_FEATURES/hit_Destruction_of_a_TV_hit_f_cm_np1_ri_bad_0.pt,hit,17
/data/dev/projects/ai/Trackey/trackey/research/EXTRACTED_HMDB51_FEATURES/hit_Destruction_of_a_TV_hit_f_cm_np1_ri_bad_2.pt,hit,17
/data/dev/projects/ai/Trackey/trackey/research/EXTRACTED_HMDB51_FEATURES/hit_Destruction_of_a_TV_hit_f_cm_np1_ri_bad_3.pt,hit,17
/data/dev/projects/ai/Trackey/trackey/research/EXTRACTED_HMDB51_FEATURES/hit_Drum_Beats_-_Drum_Beats-_Slow_Blues_hit_u_cm_np1_le_bad_0.pt,hit,17
/data/dev/projects/ai/Trackey/trackey/research/EXTRACTED_HMDB51_FEATURES/hit_Drum_Beats_-_Drum_Beats-_Slow_Blues_hit_u_cm_np1_le_bad_1.pt,hit,17
/data/dev/projects/ai/Trackey/trackey/research/EXTRACTED_HMDB51_FEATURES/hit_Drum_Beats_-_Drum_Beats-_Slow_Blues_hit_u_cm_np1_le_bad_2.pt,hit,17
/data/dev/projects/ai/Trackey/trackey/research/EXTRACTED_HMDB51_FEATURES/hit_EVOLUTION_hit_u_cm_np1_fr_bad_20.pt,hit,17
/data/dev/projects/ai/Trackey/trackey/research/EXTRACTED_HMDB51_FEATURES/hit_Einde_van_Opel_Kadett_hit_f_cm_np1_le_bad_2.pt,hit,17
/data/dev/projects/ai/Trackey/trackey/research/EXTRACTED_HMDB51_FEATURES/hit_Einde_van_Opel_Kadett_hit_f_cm_np1_le_bad_3.pt,hit,17
/data/dev/projects/ai/Trackey/trackey/research/EXTRACTED_HMDB51_FEATURES/hit_Einde_van_Opel_Kadett_hit_f_cm_np1_ri_bad_10.pt,hit,17
/data/dev/projects/ai/Trackey/trackey/research/EXTRACTED_HMDB51_FEATURES/hit_Einde_van_Opel_Kadett_hit_f_cm_np1_ri_bad_4.pt,hit,17
/data/dev/projects/ai/Trackey/trackey/research/EXTRACTED_HMDB51_FEATURES/hit_Einde_van_Opel_Kadett_hit_f_cm_np1_ri_bad_5.pt,hit,17
/data/dev/projects/ai/Trackey/trackey/research/EXTRACTED_HMDB51_FEATURES/hit_Einde_van_Opel_Kadett_hit_f_cm_np1_ri_bad_9.pt,hit,17
/data/dev/projects/ai/Trackey/trackey/research/EXTRACTED_HMDB51_FEATURES/hit_Einde_van_Opel_Kadett_hit_u_cm_np1_fr_bad_0.pt,hit,17
/data/dev/projects/ai/Trackey/trackey/research/EXTRACTED_HMDB51_FEATURES/hit_Einde_van_Opel_Kadett_hit_u_cm_np1_fr_bad_1.pt,hit,17
/data/dev/projects/ai/Trackey/trackey/research/EXTRACTED_HMDB51_FEATURES/hit_Einde_van_Opel_Kadett_hit_u_cm_np2_fr_bad_6.pt,hit,17
/data/dev/projects/ai/Trackey/trackey/research/EXTRACTED_HMDB51_FEATURES/hit_Einde_van_Opel_Kadett_hit_u_cm_np2_fr_bad_7.pt,hit,17
/data/dev/projects/ai/Trackey/trackey/research/EXTRACTED_HMDB51_FEATURES/hit_Einde_van_Opel_Kadett_hit_u_cm_np2_fr_bad_8.pt,hit,17
/data/dev/projects/ai/Trackey/trackey/research/EXTRACTED_HMDB51_FEATURES/hit_Failure_of_Printers_(printer_destruction_video)_hit_f_cm_np1_ri_bad_0.pt,hit,17
/data/dev/projects/ai/Trackey/trackey/research/EXTRACTED_HMDB51_FEATURES/hit_Failure_of_Printers_(printer_destruction_video)_hit_f_cm_np1_ri_bad_1.pt,hit,17
/data/dev/projects/ai/Trackey/trackey/research/EXTRACTED_HMDB51_FEATURES/hit_Glory_hit_u_cm_np1_ba_bad_44.pt,hit,17
/data/dev/projects/ai/Trackey/trackey/research/EXTRACTED_HMDB51_FEATURES/hit_Glory_hit_u_nm_np1_ba_med_38.pt,hit,17
/data/dev/projects/ai/Trackey/trackey/research/EXTRACTED_HMDB51_FEATURES/hit_HARD_FACE_SLAP_COMPILATION_-_THE_FUNNIEST_FACE_SLAPS_EVER!!_-_Old_school_Vids_hit_u_cm_np1_ba_bad_1.pt,hit,17
/data/dev/projects/ai/Trackey/trackey/research/EXTRACTED_HMDB51_FEATURES/hit_HARD_FACE_SLAP_COMPILATION_-_THE_FUNNIEST_FACE_SLAPS_EVER!!_-_Old_school_Vids_hit_u_cm_np1_ri_bad_2.pt,hit,17
/data/dev/projects/ai/Trackey/trackey/research/EXTRACTED_HMDB51_FEATURES/hit_HARD_FACE_SLAP_COMPILATION_hit_f_cm_np1_fr_bad_0.pt,hit,17
/data/dev/projects/ai/Trackey/trackey/research/EXTRACTED_HMDB51_FEATURES/hit_HARD_FACE_SLAP_COMPILATION_hit_u_cm_np1_ba_bad_1.pt,hit,17
/data/dev/projects/ai/Trackey/trackey/research/EXTRACTED_HMDB51_FEATURES/hit_IamLegend_hit_u_cm_np1_fr_bad_14.pt,hit,17
/data/dev/projects/ai/Trackey/trackey/research/EXTRACTED_HMDB51_FEATURES/hit_Jaten_getting_hit_with_stick_hit_f_cm_np1_ba_bad_0.pt,hit,17
/data/dev/projects/ai/Trackey/trackey/research/EXTRACTED_HMDB51_FEATURES/hit_Joey_Jordison_drum_solo_hit_u_cm_np1_ba_bad_0.pt,hit,17
/data/dev/projects/ai/Trackey/trackey/research/EXTRACTED_HMDB51_FEATURES/hit_Joey_Jordison_drum_solo_hit_u_cm_np1_ba_bad_2.pt,hit,17
/data/dev/projects/ai/Trackey/trackey/research/EXTRACTED_HMDB51_FEATURES/hit_Joey_Jordison_drum_solo_hit_u_cm_np1_le_bad_1.pt,hit,17
/data/dev/projects/ai/Trackey/trackey/research/EXTRACTED_HMDB51_FEATURES/hit_KUNG_FU_HUSTLE_hit_f_cm_np1_fr_bad_18.pt,hit,17
/data/dev/projects/ai/Trackey/trackey/research/EXTRACTED_HMDB51_FEATURES/hit_KUNG_FU_HUSTLE_hit_u_nm_np1_fr_bad_17.pt,hit,17
/data/dev/projects/ai/Trackey/trackey/research/EXTRACTED_HMDB51_FEATURES/hit_KUNG_FU_HUSTLE_hit_u_nm_np1_fr_bad_52.pt,hit,17
/data/dev/projects/ai/Trackey/trackey/research/EXTRACTED_HMDB51_FEATURES/hit_Mac_Smashing_hit_f_cm_np1_le_bad_2.pt,hit,17
/data/dev/projects/ai/Trackey/trackey/research/EXTRACTED_HMDB51_FEATURES/hit_Mac_Smashing_hit_f_cm_np1_le_bad_3.pt,hit,17
/data/dev/projects/ai/Trackey/trackey/research/EXTRACTED_HMDB51_FEATURES/hit_Mac_Smashing_hit_f_cm_np1_ri_bad_0.pt,hit,17
/data/dev/projects/ai/Trackey/trackey/research/EXTRACTED_HMDB51_FEATURES/hit_Mac_Smashing_hit_f_cm_np1_ri_bad_1.pt,hit,17
/data/dev/projects/ai/Trackey/trackey/research/EXTRACTED_HMDB51_FEATURES/hit_Opel_vs_Vorschlaghammer_hit_f_cm_np1_ba_bad_2.pt,hit,17
/data/dev/projects/ai/Trackey/trackey/research/EXTRACTED_HMDB51_FEATURES/hit_Opel_vs_Vorschlaghammer_hit_f_cm_np1_le_bad_3.pt,hit,17
/data/dev/projects/ai/Trackey/trackey/research/EXTRACTED_HMDB51_FEATURES/hit_Opel_vs_Vorschlaghammer_hit_f_cm_np1_le_bad_6.pt,hit,17
/data/dev/projects/ai/Trackey/trackey/research/EXTRACTED_HMDB51_FEATURES/hit_Opel_vs_Vorschlaghammer_hit_u_cm_np1_ba_bad_4.pt,hit,17
/data/dev/projects/ai/Trackey/trackey/research/EXTRACTED_HMDB51_FEATURES/hit_Opel_vs_Vorschlaghammer_hit_u_cm_np1_le_bad_0.pt,hit,17
/data/dev/projects/ai/Trackey/trackey/research/EXTRACTED_HMDB51_FEATURES/hit_Opel_vs_Vorschlaghammer_hit_u_cm_np1_le_bad_1.pt,hit,17
/data/dev/projects/ai/Trackey/trackey/research/EXTRACTED_HMDB51_FEATURES/hit_Opel_vs_Vorschlaghammer_hit_u_cm_np1_le_bad_5.pt,hit,17
/data/dev/projects/ai/Trackey/trackey/research/EXTRACTED_HMDB51_FEATURES/hit_RETURN_OF_THE_KING_hit_h_cm_np1_ri_bad_26.pt,hit,17
/data/dev/projects/ai/Trackey/trackey/research/EXTRACTED_HMDB51_FEATURES/hit_RomeEpisode1_hit_u_nm_np1_fr_bad_2.pt,hit,17
/data/dev/projects/ai/Trackey/trackey/research/EXTRACTED_HMDB51_FEATURES/hit_Schnaaper_Crew__Eisbaden_(2007)_hit_f_cm_np1_ba_bad_4.pt,hit,17
/data/dev/projects/ai/Trackey/trackey/research/EXTRACTED_HMDB51_FEATURES/hit_Schnaaper_Crew__Eisbaden_(2007)_hit_f_cm_np1_fr_bad_5.pt,hit,17
/data/dev/projects/ai/Trackey/trackey/research/EXTRACTED_HMDB51_FEATURES/hit_Schnaaper_Crew__Eisbaden_(2007)_hit_f_cm_np1_fr_bad_6.pt,hit,17
/data/dev/projects/ai/Trackey/trackey/research/EXTRACTED_HMDB51_FEATURES/hit_Schnaaper_Crew__Eisbaden_(2007)_hit_f_cm_np1_le_bad_0.pt,hit,17
/data/dev/projects/ai/Trackey/trackey/research/EXTRACTED_HMDB51_FEATURES/hit_Schnaaper_Crew__Eisbaden_(2007)_hit_f_cm_np1_le_bad_1.pt,hit,17
/data/dev/projects/ai/Trackey/trackey/research/EXTRACTED_HMDB51_FEATURES/hit_Schnaaper_Crew__Eisbaden_(2007)_hit_f_cm_np1_le_bad_2.pt,hit,17
/data/dev/projects/ai/Trackey/trackey/research/EXTRACTED_HMDB51_FEATURES/hit_Schnaaper_Crew__Eisbaden_(2007)_hit_f_cm_np1_le_bad_3.pt,hit,17
/data/dev/projects/ai/Trackey/trackey/research/EXTRACTED_HMDB51_FEATURES/hit_SweeneyTodd_hit_u_nm_np1_fr_bad_2.pt,hit,17
/data/dev/projects/ai/Trackey/trackey/research/EXTRACTED_HMDB51_FEATURES/hit_THE_PROTECTOR_hit_f_cm_np1_ba_bad_39.pt,hit,17
/data/dev/projects/ai/Trackey/trackey/research/EXTRACTED_HMDB51_FEATURES/hit_THE_PROTECTOR_hit_u_cm_np1_ri_bad_97.pt,hit,17
/data/dev/projects/ai/Trackey/trackey/research/EXTRACTED_HMDB51_FEATURES/hit_TV_Recycling_hit_f_cm_np1_fr_bad_4.pt,hit,17
/data/dev/projects/ai/Trackey/trackey/research/EXTRACTED_HMDB51_FEATURES/hit_TV_Recycling_hit_f_cm_np1_fr_bad_5.pt,hit,17
/data/dev/projects/ai/Trackey/trackey/research/EXTRACTED_HMDB51_FEATURES/hit_TV_Recycling_hit_f_cm_np1_le_bad_0.pt,hit,17
/data/dev/projects/ai/Trackey/trackey/research/EXTRACTED_HMDB51_FEATURES/hit_TV_Recycling_hit_f_cm_np1_le_bad_1.pt,hit,17
/data/dev/projects/ai/Trackey/trackey/research/EXTRACTED_HMDB51_FEATURES/hit_TV_Recycling_hit_f_cm_np1_le_bad_2.pt,hit,17
/data/dev/projects/ai/Trackey/trackey/research/EXTRACTED_HMDB51_FEATURES/hit_TV_Recycling_hit_f_cm_np1_le_bad_3.pt,hit,17
/data/dev/projects/ai/Trackey/trackey/research/EXTRACTED_HMDB51_FEATURES/hit_T_r_zerhacken_hit_f_cm_np1_le_bad_0.pt,hit,17
/data/dev/projects/ai/Trackey/trackey/research/EXTRACTED_HMDB51_FEATURES/hit_TheBoondockSaints_hit_u_nm_np1_le_bad_104.pt,hit,17
/data/dev/projects/ai/Trackey/trackey/research/EXTRACTED_HMDB51_FEATURES/hit_The_Fugitive_6_hit_u_cm_np1_ba_bad_13.pt,hit,17
/data/dev/projects/ai/Trackey/trackey/research/EXTRACTED_HMDB51_FEATURES/hit_TrumanShow_hit_u_cm_np1_ba_bad_31.pt,hit,17
/data/dev/projects/ai/Trackey/trackey/research/EXTRACTED_HMDB51_FEATURES/hit_TrumanShow_hit_u_cm_np1_ba_bad_32.pt,hit,17
/data/dev/projects/ai/Trackey/trackey/research/EXTRACTED_HMDB51_FEATURES/hit_TrumanShow_hit_u_cm_np1_ba_bad_33.pt,hit,17
/data/dev/projects/ai/Trackey/trackey/research/EXTRACTED_HMDB51_FEATURES/hit_TrumanShow_hit_u_cm_np1_ba_bad_34.pt,hit,17
/data/dev/projects/ai/Trackey/trackey/research/EXTRACTED_HMDB51_FEATURES/hit_TrumanShow_hit_u_cm_np1_ba_bad_35.pt,hit,17
/data/dev/projects/ai/Trackey/trackey/research/EXTRACTED_HMDB51_FEATURES/hit_Vorschlaghammer__die_Erste_hit_f_cm_np1_ba_bad_2.pt,hit,17
/data/dev/projects/ai/Trackey/trackey/research/EXTRACTED_HMDB51_FEATURES/hit_Vorschlaghammer__die_Erste_hit_f_cm_np1_ri_bad_0.pt,hit,17
/data/dev/projects/ai/Trackey/trackey/research/EXTRACTED_HMDB51_FEATURES/hit_Vorschlaghammer__die_Erste_hit_f_cm_np1_ri_bad_1.pt,hit,17
/data/dev/projects/ai/Trackey/trackey/research/EXTRACTED_HMDB51_FEATURES/hit_Vorschlaghammer_gegen_Kudugal_hit_f_cm_np1_ba_bad_0.pt,hit,17
/data/dev/projects/ai/Trackey/trackey/research/EXTRACTED_HMDB51_FEATURES/hit_Vorschlaghammer_gegen_Kudugal_hit_f_cm_np1_ba_bad_1.pt,hit,17
/data/dev/projects/ai/Trackey/trackey/research/EXTRACTED_HMDB51_FEATURES/hit_Vorschlaghammer_gegen_Kudugal_hit_f_cm_np1_ba_bad_2.pt,hit,17
/data/dev/projects/ai/Trackey/trackey/research/EXTRACTED_HMDB51_FEATURES/hit_Vorschlaghammer_gegen_Kudugal_hit_f_cm_np1_ba_bad_3.pt,hit,17
/data/dev/projects/ai/Trackey/trackey/research/EXTRACTED_HMDB51_FEATURES/hit_Vorschlaghammer_hit_f_cm_np1_fr_bad_0.pt,hit,17
/data/dev/projects/ai/Trackey/trackey/research/EXTRACTED_HMDB51_FEATURES/hit_Vorschlaghammer_hit_f_cm_np1_fr_bad_1.pt,hit,17
/data/dev/projects/ai/Trackey/trackey/research/EXTRACTED_HMDB51_FEATURES/hit_Vorschlaghammer_hit_f_cm_np1_fr_bad_2.pt,hit,17
/data/dev/projects/ai/Trackey/trackey/research/EXTRACTED_HMDB51_FEATURES/hit_Wayne_Rooney_At_Home_Funny_Must_See_hit_u_nm_np1_fr_goo_0.pt,hit,17
/data/dev/projects/ai/Trackey/trackey/research/EXTRACTED_HMDB51_FEATURES/hit_When_It_s_Nice_Out_hit_f_cm_np1_fr_bad_2.pt,hit,17
/data/dev/projects/ai/Trackey/trackey/research/EXTRACTED_HMDB51_FEATURES/hit_When_It_s_Nice_Out_hit_f_cm_np1_fr_bad_3.pt,hit,17
/data/dev/projects/ai/Trackey/trackey/research/EXTRACTED_HMDB51_FEATURES/hit_When_It_s_Nice_Out_hit_f_cm_np1_fr_bad_4.pt,hit,17
/data/dev/projects/ai/Trackey/trackey/research/EXTRACTED_HMDB51_FEATURES/hit_When_It_s_Nice_Out_hit_f_cm_np1_le_bad_0.pt,hit,17
/data/dev/projects/ai/Trackey/trackey/research/EXTRACTED_HMDB51_FEATURES/hit_When_It_s_Nice_Out_hit_f_cm_np1_le_bad_1.pt,hit,17
/data/dev/projects/ai/Trackey/trackey/research/EXTRACTED_HMDB51_FEATURES/hit_chris_troy_getting_hit_in_the_back_with_a_stick_hit_f_cm_np1_ri_bad_0.pt,hit,17
/data/dev/projects/ai/Trackey/trackey/research/EXTRACTED_HMDB51_FEATURES/hit_schrank_kaput_geschlagen_hit_u_cm_np1_ba_bad_0.pt,hit,17
/data/dev/projects/ai/Trackey/trackey/research/EXTRACTED_HMDB51_FEATURES/hit_schrank_kaput_geschlagen_hit_u_cm_np1_ba_bad_1.pt,hit,17
/data/dev/projects/ai/Trackey/trackey/research/EXTRACTED_HMDB51_FEATURES/hit_schrank_kaput_geschlagen_hit_u_cm_np1_ba_bad_2.pt,hit,17
/data/dev/projects/ai/Trackey/trackey/research/EXTRACTED_HMDB51_FEATURES/hit_schrank_kaput_geschlagen_hit_u_cm_np1_ba_bad_3.pt,hit,17
/data/dev/projects/ai/Trackey/trackey/research/EXTRACTED_HMDB51_FEATURES/hit_wut_ablassen__ganz_legal_hit_f_cm_np1_le_bad_1.pt,hit,17
/data/dev/projects/ai/Trackey/trackey/research/EXTRACTED_HMDB51_FEATURES/hit_wut_ablassen__ganz_legal_hit_u_cm_np1_le_bad_0.pt,hit,17
/data/dev/projects/ai/Trackey/trackey/research/EXTRACTED_HMDB51_FEATURES/hit_xbox_360_massive_destruction_hit_f_cm_np1_fr_bad_3.pt,hit,17
/data/dev/projects/ai/Trackey/trackey/research/EXTRACTED_HMDB51_FEATURES/hit_xbox_360_massive_destruction_hit_f_cm_np1_fr_bad_4.pt,hit,17
/data/dev/projects/ai/Trackey/trackey/research/EXTRACTED_HMDB51_FEATURES/hit_xbox_360_massive_destruction_hit_f_cm_np1_ri_bad_0.pt,hit,17
/data/dev/projects/ai/Trackey/trackey/research/EXTRACTED_HMDB51_FEATURES/hit_xbox_360_massive_destruction_hit_f_cm_np1_ri_bad_1.pt,hit,17
/data/dev/projects/ai/Trackey/trackey/research/EXTRACTED_HMDB51_FEATURES/hit_xbox_360_massive_destruction_hit_f_cm_np1_ri_bad_2.pt,hit,17
/data/dev/projects/ai/Trackey/trackey/research/EXTRACTED_HMDB51_FEATURES/hug_-_FREE_HUGS_-_Abrazos_Gratis_www_abrazosgratis_org_hug_u_cm_np2_ba_goo_10.pt,hug,18
/data/dev/projects/ai/Trackey/trackey/research/EXTRACTED_HMDB51_FEATURES/hug_-_FREE_HUGS_-_Abrazos_Gratis_www_abrazosgratis_org_hug_u_cm_np2_ba_goo_2.pt,hug,18
/data/dev/projects/ai/Trackey/trackey/research/EXTRACTED_HMDB51_FEATURES/hug_-_FREE_HUGS_-_Abrazos_Gratis_www_abrazosgratis_org_hug_u_cm_np2_ba_goo_6.pt,hug,18
/data/dev/projects/ai/Trackey/trackey/research/EXTRACTED_HMDB51_FEATURES/hug_-_FREE_HUGS_-_Abrazos_Gratis_www_abrazosgratis_org_hug_u_cm_np2_ba_goo_7.pt,hug,18
/data/dev/projects/ai/Trackey/trackey/research/EXTRACTED_HMDB51_FEATURES/hug_-_FREE_HUGS_-_Abrazos_Gratis_www_abrazosgratis_org_hug_u_cm_np2_ba_goo_8.pt,hug,18
/data/dev/projects/ai/Trackey/trackey/research/EXTRACTED_HMDB51_FEATURES/hug_-_FREE_HUGS_-_Abrazos_Gratis_www_abrazosgratis_org_hug_u_cm_np2_le_goo_0.pt,hug,18
/data/dev/projects/ai/Trackey/trackey/research/EXTRACTED_HMDB51_FEATURES/hug_-_FREE_HUGS_-_Abrazos_Gratis_www_abrazosgratis_org_hug_u_cm_np2_le_goo_1.pt,hug,18
/data/dev/projects/ai/Trackey/trackey/research/EXTRACTED_HMDB51_FEATURES/hug_-_FREE_HUGS_-_Abrazos_Gratis_www_abrazosgratis_org_hug_u_cm_np2_le_goo_11.pt,hug,18
/data/dev/projects/ai/Trackey/trackey/research/EXTRACTED_HMDB51_FEATURES/hug_-_FREE_HUGS_-_Abrazos_Gratis_www_abrazosgratis_org_hug_u_cm_np2_le_goo_12.pt,hug,18
/data/dev/projects/ai/Trackey/trackey/research/EXTRACTED_HMDB51_FEATURES/hug_-_FREE_HUGS_-_Abrazos_Gratis_www_abrazosgratis_org_hug_u_cm_np2_le_goo_3.pt,hug,18
/data/dev/projects/ai/Trackey/trackey/research/EXTRACTED_HMDB51_FEATURES/hug_-_FREE_HUGS_-_Abrazos_Gratis_www_abrazosgratis_org_hug_u_cm_np2_le_goo_4.pt,hug,18
/data/dev/projects/ai/Trackey/trackey/research/EXTRACTED_HMDB51_FEATURES/hug_-_FREE_HUGS_-_Abrazos_Gratis_www_abrazosgratis_org_hug_u_cm_np2_le_goo_9.pt,hug,18
/data/dev/projects/ai/Trackey/trackey/research/EXTRACTED_HMDB51_FEATURES/hug_-_FREE_HUGS_-_Abrazos_Gratis_www_abrazosgratis_org_hug_u_cm_np4_le_goo_5.pt,hug,18
/data/dev/projects/ai/Trackey/trackey/research/EXTRACTED_HMDB51_FEATURES/hug_2007-05-26__Anni_hug_u_cm_np2_le_med_0.pt,hug,18
/data/dev/projects/ai/Trackey/trackey/research/EXTRACTED_HMDB51_FEATURES/hug_A_Beautiful_Mind_3_hug_u_cm_np2_ba_med_2.pt,hug,18
/data/dev/projects/ai/Trackey/trackey/research/EXTRACTED_HMDB51_FEATURES/hug_A_Beautiful_Mind_4_hug_u_cm_np2_ba_goo_14.pt,hug,18
/data/dev/projects/ai/Trackey/trackey/research/EXTRACTED_HMDB51_FEATURES/hug_A_Beautiful_Mind_4_hug_u_cm_np3_ba_goo_6.pt,hug,18
/data/dev/projects/ai/Trackey/trackey/research/EXTRACTED_HMDB51_FEATURES/hug_American_History_X_hug_f_nm_np2_le_med_35.pt,hug,18
/data/dev/projects/ai/Trackey/trackey/research/EXTRACTED_HMDB51_FEATURES/hug_American_History_X_hug_u_cm_np2_le_med_19.pt,hug,18
/data/dev/projects/ai/Trackey/trackey/research/EXTRACTED_HMDB51_FEATURES/hug_American_History_X_hug_u_nm_np2_ba_med_25.pt,hug,18
/data/dev/projects/ai/Trackey/trackey/research/EXTRACTED_HMDB51_FEATURES/hug_American_Idol_Awards_Given_to_7_Winners_at_Walt_Disney_World_hug_u_cm_np2_ba_med_0.pt,hug,18
/data/dev/projects/ai/Trackey/trackey/research/EXTRACTED_HMDB51_FEATURES/hug_American_Idol_Awards_Given_to_7_Winners_at_Walt_Disney_World_hug_u_cm_np2_ba_med_1.pt,hug,18
/data/dev/projects/ai/Trackey/trackey/research/EXTRACTED_HMDB51_FEATURES/hug_American_Idol_Awards_Given_to_7_Winners_at_Walt_Disney_World_hug_u_cm_np2_ba_med_2.pt,hug,18
/data/dev/projects/ai/Trackey/trackey/research/EXTRACTED_HMDB51_FEATURES/hug_American_Idol_Awards_Given_to_7_Winners_at_Walt_Disney_World_hug_u_cm_np2_ba_med_3.pt,hug,18
/data/dev/projects/ai/Trackey/trackey/research/EXTRACTED_HMDB51_FEATURES/hug_American_Idol_Awards_Given_to_7_Winners_at_Walt_Disney_World_hug_u_cm_np2_le_med_4.pt,hug,18
/data/dev/projects/ai/Trackey/trackey/research/EXTRACTED_HMDB51_FEATURES/hug_Awards_Ceremony_hug_u_cm_np2_le_med_0.pt,hug,18
/data/dev/projects/ai/Trackey/trackey/research/EXTRACTED_HMDB51_FEATURES/hug_CSU_Cesar_Chavez_Day_Celebration_and_Award_Ceremony_2009_Part_7_hug_u_cm_np2_le_med_8.pt,hug,18
/data/dev/projects/ai/Trackey/trackey/research/EXTRACTED_HMDB51_FEATURES/hug_Calins_gratuits_a_Paris_-_Free_Hugs_France_-_version_longue_hug_f_cm_np2_ba_med_0.pt,hug,18
/data/dev/projects/ai/Trackey/trackey/research/EXTRACTED_HMDB51_FEATURES/hug_Calins_gratuits_a_Paris_-_Free_Hugs_France_-_version_longue_hug_f_cm_np2_ba_med_2.pt,hug,18
/data/dev/projects/ai/Trackey/trackey/research/EXTRACTED_HMDB51_FEATURES/hug_Calins_gratuits_a_Paris_-_Free_Hugs_France_-_version_longue_hug_f_cm_np2_ba_med_4.pt,hug,18
/data/dev/projects/ai/Trackey/trackey/research/EXTRACTED_HMDB51_FEATURES/hug_Calins_gratuits_a_Paris_-_Free_Hugs_France_-_version_longue_hug_f_cm_np2_le_med_1.pt,hug,18
/data/dev/projects/ai/Trackey/trackey/research/EXTRACTED_HMDB51_FEATURES/hug_Calins_gratuits_a_Paris_-_Free_Hugs_France_-_version_longue_hug_f_cm_np2_le_med_15.pt,hug,18
/data/dev/projects/ai/Trackey/trackey/research/EXTRACTED_HMDB51_FEATURES/hug_Calins_gratuits_a_Paris_-_Free_Hugs_France_-_version_longue_hug_f_cm_np2_le_med_20.pt,hug,18
/data/dev/projects/ai/Trackey/trackey/research/EXTRACTED_HMDB51_FEATURES/hug_Calins_gratuits_a_Paris_-_Free_Hugs_France_-_version_longue_hug_f_cm_np2_le_med_7.pt,hug,18
/data/dev/projects/ai/Trackey/trackey/research/EXTRACTED_HMDB51_FEATURES/hug_Calins_gratuits_a_Paris_-_Free_Hugs_France_-_version_longue_hug_f_cm_np4_ba_med_6.pt,hug,18
/data/dev/projects/ai/Trackey/trackey/research/EXTRACTED_HMDB51_FEATURES/hug_Calins_gratuits_a_Paris_-_Free_Hugs_France_-_version_longue_hug_u_cm_np2_ba_med_13.pt,hug,18
/data/dev/projects/ai/Trackey/trackey/research/EXTRACTED_HMDB51_FEATURES/hug_Calins_gratuits_a_Paris_-_Free_Hugs_France_-_version_longue_hug_u_cm_np2_ba_med_18.pt,hug,18
/data/dev/projects/ai/Trackey/trackey/research/EXTRACTED_HMDB51_FEATURES/hug_Calins_gratuits_a_Paris_-_Free_Hugs_France_-_version_longue_hug_u_cm_np2_ba_med_19.pt,hug,18
/data/dev/projects/ai/Trackey/trackey/research/EXTRACTED_HMDB51_FEATURES/hug_Calins_gratuits_a_Paris_-_Free_Hugs_France_-_version_longue_hug_u_cm_np2_ba_med_21.pt,hug,18
/data/dev/projects/ai/Trackey/trackey/research/EXTRACTED_HMDB51_FEATURES/hug_Calins_gratuits_a_Paris_-_Free_Hugs_France_-_version_longue_hug_u_cm_np2_ba_med_22.pt,hug,18
/data/dev/projects/ai/Trackey/trackey/research/EXTRACTED_HMDB51_FEATURES/hug_Calins_gratuits_a_Paris_-_Free_Hugs_France_-_version_longue_hug_u_cm_np2_ba_med_24.pt,hug,18
/data/dev/projects/ai/Trackey/trackey/research/EXTRACTED_HMDB51_FEATURES/hug_Calins_gratuits_a_Paris_-_Free_Hugs_France_-_version_longue_hug_u_cm_np2_ba_med_3.pt,hug,18
/data/dev/projects/ai/Trackey/trackey/research/EXTRACTED_HMDB51_FEATURES/hug_Calins_gratuits_a_Paris_-_Free_Hugs_France_-_version_longue_hug_u_cm_np2_le_med_10.pt,hug,18
/data/dev/projects/ai/Trackey/trackey/research/EXTRACTED_HMDB51_FEATURES/hug_Calins_gratuits_a_Paris_-_Free_Hugs_France_-_version_longue_hug_u_cm_np2_le_med_11.pt,hug,18
/data/dev/projects/ai/Trackey/trackey/research/EXTRACTED_HMDB51_FEATURES/hug_Calins_gratuits_a_Paris_-_Free_Hugs_France_-_version_longue_hug_u_cm_np2_le_med_12.pt,hug,18
/data/dev/projects/ai/Trackey/trackey/research/EXTRACTED_HMDB51_FEATURES/hug_Calins_gratuits_a_Paris_-_Free_Hugs_France_-_version_longue_hug_u_cm_np2_le_med_14.pt,hug,18
/data/dev/projects/ai/Trackey/trackey/research/EXTRACTED_HMDB51_FEATURES/hug_Calins_gratuits_a_Paris_-_Free_Hugs_France_-_version_longue_hug_u_cm_np2_le_med_16.pt,hug,18
/data/dev/projects/ai/Trackey/trackey/research/EXTRACTED_HMDB51_FEATURES/hug_Calins_gratuits_a_Paris_-_Free_Hugs_France_-_version_longue_hug_u_cm_np2_le_med_17.pt,hug,18
/data/dev/projects/ai/Trackey/trackey/research/EXTRACTED_HMDB51_FEATURES/hug_Calins_gratuits_a_Paris_-_Free_Hugs_France_-_version_longue_hug_u_cm_np2_le_med_23.pt,hug,18
/data/dev/projects/ai/Trackey/trackey/research/EXTRACTED_HMDB51_FEATURES/hug_Calins_gratuits_a_Paris_-_Free_Hugs_France_-_version_longue_hug_u_cm_np2_le_med_25.pt,hug,18
/data/dev/projects/ai/Trackey/trackey/research/EXTRACTED_HMDB51_FEATURES/hug_Calins_gratuits_a_Paris_-_Free_Hugs_France_-_version_longue_hug_u_cm_np2_le_med_26.pt,hug,18
/data/dev/projects/ai/Trackey/trackey/research/EXTRACTED_HMDB51_FEATURES/hug_Calins_gratuits_a_Paris_-_Free_Hugs_France_-_version_longue_hug_u_cm_np2_le_med_27.pt,hug,18
/data/dev/projects/ai/Trackey/trackey/research/EXTRACTED_HMDB51_FEATURES/hug_Calins_gratuits_a_Paris_-_Free_Hugs_France_-_version_longue_hug_u_cm_np2_le_med_5.pt,hug,18
/data/dev/projects/ai/Trackey/trackey/research/EXTRACTED_HMDB51_FEATURES/hug_Calins_gratuits_a_Paris_-_Free_Hugs_France_-_version_longue_hug_u_cm_np2_le_med_8.pt,hug,18
/data/dev/projects/ai/Trackey/trackey/research/EXTRACTED_HMDB51_FEATURES/hug_Calins_gratuits_a_Paris_-_Free_Hugs_France_-_version_longue_hug_u_cm_np2_le_med_9.pt,hug,18
/data/dev/projects/ai/Trackey/trackey/research/EXTRACTED_HMDB51_FEATURES/hug_Calins_gratuits_a_Paris_-_Free_Hugs_France_-_version_longue_hug_u_cm_np3_le_med_28.pt,hug,18
/data/dev/projects/ai/Trackey/trackey/research/EXTRACTED_HMDB51_FEATURES/hug_Cleaning_The_Beach_Jeton_Bardhi__Dimitar_Chaprazov_hug_u_cm_np2_le_med_0.pt,hug,18
/data/dev/projects/ai/Trackey/trackey/research/EXTRACTED_HMDB51_FEATURES/hug_Cox_umarmt_JD!_hug_u_cm_np2_ba_med_0.pt,hug,18
/data/dev/projects/ai/Trackey/trackey/research/EXTRACTED_HMDB51_FEATURES/hug_Crazy_Fan!_Michael_Jackson_in_M_nchen_hug_f_cm_np2_ba_bad_0.pt,hug,18
/data/dev/projects/ai/Trackey/trackey/research/EXTRACTED_HMDB51_FEATURES/hug_Crazy_Fan!_Michael_Jackson_in_M_nchen_hug_f_cm_np2_ba_bad_2.pt,hug,18
/data/dev/projects/ai/Trackey/trackey/research/EXTRACTED_HMDB51_FEATURES/hug_Crazy_Fan!_Michael_Jackson_in_M_nchen_hug_u_cm_np2_le_med_1.pt,hug,18
/data/dev/projects/ai/Trackey/trackey/research/EXTRACTED_HMDB51_FEATURES/hug_Emma_2008_Eurofinals_-_prize_giving_ceremony_Team_Pioneer_members_divx_hug_f_cm_np2_ba_med_11.pt,hug,18
/data/dev/projects/ai/Trackey/trackey/research/EXTRACTED_HMDB51_FEATURES/hug_Free_Hugs_-_Gratis_umarmung_hug_f_cm_np2_le_bad_9.pt,hug,18
/data/dev/projects/ai/Trackey/trackey/research/EXTRACTED_HMDB51_FEATURES/hug_Free_Hugs_-_Gratis_umarmung_hug_f_cm_np2_le_med_4.pt,hug,18
/data/dev/projects/ai/Trackey/trackey/research/EXTRACTED_HMDB51_FEATURES/hug_Free_Hugs_-_Gratis_umarmung_hug_f_cm_np2_le_med_6.pt,hug,18
/data/dev/projects/ai/Trackey/trackey/research/EXTRACTED_HMDB51_FEATURES/hug_Free_Hugs_-_Gratis_umarmung_hug_u_cm_np2_ba_med_17.pt,hug,18
/data/dev/projects/ai/Trackey/trackey/research/EXTRACTED_HMDB51_FEATURES/hug_Free_Hugs_-_Gratis_umarmung_hug_u_cm_np2_ba_med_3.pt,hug,18
/data/dev/projects/ai/Trackey/trackey/research/EXTRACTED_HMDB51_FEATURES/hug_Free_Hugs_-_Gratis_umarmung_hug_u_cm_np2_ba_med_7.pt,hug,18
/data/dev/projects/ai/Trackey/trackey/research/EXTRACTED_HMDB51_FEATURES/hug_Free_Hugs_-_Gratis_umarmung_hug_u_cm_np2_le_med_0.pt,hug,18
/data/dev/projects/ai/Trackey/trackey/research/EXTRACTED_HMDB51_FEATURES/hug_Free_Hugs_-_Gratis_umarmung_hug_u_cm_np2_le_med_1.pt,hug,18
/data/dev/projects/ai/Trackey/trackey/research/EXTRACTED_HMDB51_FEATURES/hug_Free_Hugs_-_Gratis_umarmung_hug_u_cm_np2_le_med_10.pt,hug,18
/data/dev/projects/ai/Trackey/trackey/research/EXTRACTED_HMDB51_FEATURES/hug_Free_Hugs_-_Gratis_umarmung_hug_u_cm_np2_le_med_11.pt,hug,18
/data/dev/projects/ai/Trackey/trackey/research/EXTRACTED_HMDB51_FEATURES/hug_Free_Hugs_-_Gratis_umarmung_hug_u_cm_np2_le_med_12.pt,hug,18
/data/dev/projects/ai/Trackey/trackey/research/EXTRACTED_HMDB51_FEATURES/hug_Free_Hugs_-_Gratis_umarmung_hug_u_cm_np2_le_med_14.pt,hug,18
/data/dev/projects/ai/Trackey/trackey/research/EXTRACTED_HMDB51_FEATURES/hug_Free_Hugs_-_Gratis_umarmung_hug_u_cm_np2_le_med_15.pt,hug,18
/data/dev/projects/ai/Trackey/trackey/research/EXTRACTED_HMDB51_FEATURES/hug_Free_Hugs_-_Gratis_umarmung_hug_u_cm_np2_le_med_16.pt,hug,18
/data/dev/projects/ai/Trackey/trackey/research/EXTRACTED_HMDB51_FEATURES/hug_Free_Hugs_-_Gratis_umarmung_hug_u_cm_np2_le_med_18.pt,hug,18
/data/dev/projects/ai/Trackey/trackey/research/EXTRACTED_HMDB51_FEATURES/hug_Free_Hugs_-_Gratis_umarmung_hug_u_cm_np2_le_med_19.pt,hug,18
/data/dev/projects/ai/Trackey/trackey/research/EXTRACTED_HMDB51_FEATURES/hug_Free_Hugs_-_Gratis_umarmung_hug_u_cm_np2_le_med_2.pt,hug,18
/data/dev/projects/ai/Trackey/trackey/research/EXTRACTED_HMDB51_FEATURES/hug_Free_Hugs_-_Gratis_umarmung_hug_u_cm_np2_le_med_20.pt,hug,18
/data/dev/projects/ai/Trackey/trackey/research/EXTRACTED_HMDB51_FEATURES/hug_Free_Hugs_-_Gratis_umarmung_hug_u_cm_np2_le_med_5.pt,hug,18
/data/dev/projects/ai/Trackey/trackey/research/EXTRACTED_HMDB51_FEATURES/hug_Free_Hugs_-_Gratis_umarmung_hug_u_cm_np2_le_med_8.pt,hug,18
/data/dev/projects/ai/Trackey/trackey/research/EXTRACTED_HMDB51_FEATURES/hug_Free_Hugs_-_Gratis_umarmung_hug_u_cm_np4_le_med_13.pt,hug,18
/data/dev/projects/ai/Trackey/trackey/research/EXTRACTED_HMDB51_FEATURES/hug_Free_Hugs_-_Medellin_hug_f_cm_np2_ba_med_6.pt,hug,18
/data/dev/projects/ai/Trackey/trackey/research/EXTRACTED_HMDB51_FEATURES/hug_Free_Hugs_-_Medellin_hug_f_cm_np2_ba_med_7.pt,hug,18
/data/dev/projects/ai/Trackey/trackey/research/EXTRACTED_HMDB51_FEATURES/hug_Free_Hugs_-_Medellin_hug_f_cm_np2_ba_med_8.pt,hug,18
/data/dev/projects/ai/Trackey/trackey/research/EXTRACTED_HMDB51_FEATURES/hug_Free_Hugs_-_Medellin_hug_f_cm_np2_le_med_0.pt,hug,18
/data/dev/projects/ai/Trackey/trackey/research/EXTRACTED_HMDB51_FEATURES/hug_Free_Hugs_-_Medellin_hug_f_cm_np2_le_med_1.pt,hug,18
/data/dev/projects/ai/Trackey/trackey/research/EXTRACTED_HMDB51_FEATURES/hug_Free_Hugs_-_Medellin_hug_f_cm_np2_le_med_11.pt,hug,18
/data/dev/projects/ai/Trackey/trackey/research/EXTRACTED_HMDB51_FEATURES/hug_Free_Hugs_-_Medellin_hug_f_cm_np2_le_med_2.pt,hug,18
/data/dev/projects/ai/Trackey/trackey/research/EXTRACTED_HMDB51_FEATURES/hug_Free_Hugs_-_Medellin_hug_f_cm_np2_le_med_3.pt,hug,18
/data/dev/projects/ai/Trackey/trackey/research/EXTRACTED_HMDB51_FEATURES/hug_Free_Hugs_-_Medellin_hug_f_cm_np2_le_med_4.pt,hug,18
/data/dev/projects/ai/Trackey/trackey/research/EXTRACTED_HMDB51_FEATURES/hug_Free_Hugs_-_Medellin_hug_f_cm_np2_le_med_9.pt,hug,18
/data/dev/projects/ai/Trackey/trackey/research/EXTRACTED_HMDB51_FEATURES/hug_Free_Hugs_-_Medellin_hug_f_cm_np4_le_med_10.pt,hug,18
/data/dev/projects/ai/Trackey/trackey/research/EXTRACTED_HMDB51_FEATURES/hug_Free_Hugs_-_Medellin_hug_f_cm_np4_le_med_5.pt,hug,18
/data/dev/projects/ai/Trackey/trackey/research/EXTRACTED_HMDB51_FEATURES/hug_Free_Hugs_-_Paris_www_calins-gratuits_com_hug_f_cm_np2_ba_med_0.pt,hug,18
/data/dev/projects/ai/Trackey/trackey/research/EXTRACTED_HMDB51_FEATURES/hug_Free_Hugs_-_Paris_www_calins-gratuits_com_hug_f_cm_np2_ba_med_4.pt,hug,18
/data/dev/projects/ai/Trackey/trackey/research/EXTRACTED_HMDB51_FEATURES/hug_Free_Hugs_-_Paris_www_calins-gratuits_com_hug_f_cm_np2_ba_med_8.pt,hug,18
/data/dev/projects/ai/Trackey/trackey/research/EXTRACTED_HMDB51_FEATURES/hug_Free_Hugs_-_Paris_www_calins-gratuits_com_hug_f_cm_np2_le_med_1.pt,hug,18
/data/dev/projects/ai/Trackey/trackey/research/EXTRACTED_HMDB51_FEATURES/hug_Free_Hugs_-_Paris_www_calins-gratuits_com_hug_f_cm_np2_le_med_5.pt,hug,18
/data/dev/projects/ai/Trackey/trackey/research/EXTRACTED_HMDB51_FEATURES/hug_Free_Hugs_-_Paris_www_calins-gratuits_com_hug_f_cm_np4_ba_med_2.pt,hug,18
/data/dev/projects/ai/Trackey/trackey/research/EXTRACTED_HMDB51_FEATURES/hug_Free_Hugs_-_Paris_www_calins-gratuits_com_hug_u_cm_np2_ba_med_6.pt,hug,18
/data/dev/projects/ai/Trackey/trackey/research/EXTRACTED_HMDB51_FEATURES/hug_Free_Hugs_-_Paris_www_calins-gratuits_com_hug_u_cm_np2_ba_med_9.pt,hug,18
/data/dev/projects/ai/Trackey/trackey/research/EXTRACTED_HMDB51_FEATURES/hug_Free_Hugs_-_Paris_www_calins-gratuits_com_hug_u_cm_np2_le_med_10.pt,hug,18
/data/dev/projects/ai/Trackey/trackey/research/EXTRACTED_HMDB51_FEATURES/hug_Free_Hugs_-_Paris_www_calins-gratuits_com_hug_u_cm_np2_le_med_11.pt,hug,18
/data/dev/projects/ai/Trackey/trackey/research/EXTRACTED_HMDB51_FEATURES/hug_Free_Hugs_-_Paris_www_calins-gratuits_com_hug_u_cm_np2_le_med_12.pt,hug,18
/data/dev/projects/ai/Trackey/trackey/research/EXTRACTED_HMDB51_FEATURES/hug_Free_Hugs_-_Paris_www_calins-gratuits_com_hug_u_cm_np2_le_med_13.pt,hug,18
/data/dev/projects/ai/Trackey/trackey/research/EXTRACTED_HMDB51_FEATURES/hug_Free_Hugs_-_Paris_www_calins-gratuits_com_hug_u_cm_np2_le_med_14.pt,hug,18
/data/dev/projects/ai/Trackey/trackey/research/EXTRACTED_HMDB51_FEATURES/hug_Free_Hugs_-_Paris_www_calins-gratuits_com_hug_u_cm_np2_le_med_15.pt,hug,18
/data/dev/projects/ai/Trackey/trackey/research/EXTRACTED_HMDB51_FEATURES/hug_Free_Hugs_-_Paris_www_calins-gratuits_com_hug_u_cm_np2_le_med_3.pt,hug,18
/data/dev/projects/ai/Trackey/trackey/research/EXTRACTED_HMDB51_FEATURES/hug_Free_Hugs_-_Paris_www_calins-gratuits_com_hug_u_cm_np2_le_med_7.pt,hug,18
/data/dev/projects/ai/Trackey/trackey/research/EXTRACTED_HMDB51_FEATURES/hug_Galena_Prehvalena_-_Slavi_Show_-_mnogo_smqh_hug_u_cm_np2_ba_med_0.pt,hug,18
/data/dev/projects/ai/Trackey/trackey/research/EXTRACTED_HMDB51_FEATURES/hug_Jay_Leno_-_17_years_of_Mel_Gibson_on_the_Tonight_Show_hug_u_cm_np2_le_med_1.pt,hug,18
/data/dev/projects/ai/Trackey/trackey/research/EXTRACTED_HMDB51_FEATURES/hug_Price_giving_ceremony_hug_f_cm_np2_le_med_0.pt,hug,18
/data/dev/projects/ai/Trackey/trackey/research/EXTRACTED_HMDB51_FEATURES/hug_d173_graveyard_call_price_giving_ceremony_hug_f_cm_np2_ba_med_1.pt,hug,18
/data/dev/projects/ai/Trackey/trackey/research/EXTRACTED_HMDB51_FEATURES/hug_d173_graveyard_call_price_giving_ceremony_hug_u_cm_np2_le_bad_3.pt,hug,18
/data/dev/projects/ai/Trackey/trackey/research/EXTRACTED_HMDB51_FEATURES/hug_different_kinds_of_hugs_XD_hug_u_cm_np2_le_med_0.pt,hug,18
/data/dev/projects/ai/Trackey/trackey/research/EXTRACTED_HMDB51_FEATURES/hug_veoh_harold_and_kumar_hug_f_cm_np2_le_med_7.pt,hug,18
/data/dev/projects/ai/Trackey/trackey/research/EXTRACTED_HMDB51_FEATURES/jump_50_FIRST_DATES_jump_f_nm_np1_fr_bad_3.pt,jump,19
/data/dev/projects/ai/Trackey/trackey/research/EXTRACTED_HMDB51_FEATURES/jump_A_Beautiful_Mind_1_jump_f_cm_np1_ba_bad_3.pt,jump,19
/data/dev/projects/ai/Trackey/trackey/research/EXTRACTED_HMDB51_FEATURES/jump_Arrasando_no_Le_Parkour_jump_f_cm_np1_le_bad_0.pt,jump,19
/data/dev/projects/ai/Trackey/trackey/research/EXTRACTED_HMDB51_FEATURES/jump_Arrasando_no_Le_Parkour_jump_f_cm_np1_ri_bad_1.pt,jump,19
/data/dev/projects/ai/Trackey/trackey/research/EXTRACTED_HMDB51_FEATURES/jump_Arrasando_no_Le_Parkour_jump_f_nm_np1_le_med_2.pt,jump,19
/data/dev/projects/ai/Trackey/trackey/research/EXTRACTED_HMDB51_FEATURES/jump_Arrasando_no_Le_Parkour_jump_f_nm_np1_ri_med_3.pt,jump,19
/data/dev/projects/ai/Trackey/trackey/research/EXTRACTED_HMDB51_FEATURES/jump_BATMAN_BEGINS_jump_f_cm_np1_ri_med_18.pt,jump,19
/data/dev/projects/ai/Trackey/trackey/research/EXTRACTED_HMDB51_FEATURES/jump_BLACK_HAWK_DOWN_jump_f_cm_np1_ri_bad_8.pt,jump,19
/data/dev/projects/ai/Trackey/trackey/research/EXTRACTED_HMDB51_FEATURES/jump_BLACK_HAWK_DOWN_jump_f_cm_np1_ri_bad_9.pt,jump,19
/data/dev/projects/ai/Trackey/trackey/research/EXTRACTED_HMDB51_FEATURES/jump_CharlieAndTheChocolateFactory_jump_f_nm_np1_fr_bad_5.pt,jump,19
/data/dev/projects/ai/Trackey/trackey/research/EXTRACTED_HMDB51_FEATURES/jump_DONNIE_DARKO_jump_f_nm_np1_fr_med_7.pt,jump,19
/data/dev/projects/ai/Trackey/trackey/research/EXTRACTED_HMDB51_FEATURES/jump_DONNIE_DARKO_jump_f_nm_np1_ri_bad_6.pt,jump,19
/data/dev/projects/ai/Trackey/trackey/research/EXTRACTED_HMDB51_FEATURES/jump_Documentario_Le_Parkour_Londrina_jump_f_cm_np1_ba_bad_12.pt,jump,19
/data/dev/projects/ai/Trackey/trackey/research/EXTRACTED_HMDB51_FEATURES/jump_Documentario_Le_Parkour_Londrina_jump_f_cm_np1_fr_bad_10.pt,jump,19
/data/dev/projects/ai/Trackey/trackey/research/EXTRACTED_HMDB51_FEATURES/jump_Documentario_Le_Parkour_Londrina_jump_f_cm_np1_fr_bad_9.pt,jump,19
/data/dev/projects/ai/Trackey/trackey/research/EXTRACTED_HMDB51_FEATURES/jump_Documentario_Le_Parkour_Londrina_jump_f_cm_np1_le_bad_11.pt,jump,19
/data/dev/projects/ai/Trackey/trackey/research/EXTRACTED_HMDB51_FEATURES/jump_Documentario_Le_Parkour_Londrina_jump_f_cm_np1_ri_bad_5.pt,jump,19
/data/dev/projects/ai/Trackey/trackey/research/EXTRACTED_HMDB51_FEATURES/jump_Documentario_Le_Parkour_Londrina_jump_f_cm_np1_ri_bad_6.pt,jump,19
/data/dev/projects/ai/Trackey/trackey/research/EXTRACTED_HMDB51_FEATURES/jump_Documentario_Le_Parkour_Londrina_jump_f_nm_np1_ba_bad_0.pt,jump,19
/data/dev/projects/ai/Trackey/trackey/research/EXTRACTED_HMDB51_FEATURES/jump_Documentario_Le_Parkour_Londrina_jump_f_nm_np1_ba_bad_1.pt,jump,19
/data/dev/projects/ai/Trackey/trackey/research/EXTRACTED_HMDB51_FEATURES/jump_Documentario_Le_Parkour_Londrina_jump_f_nm_np1_le_bad_8.pt,jump,19
/data/dev/projects/ai/Trackey/trackey/research/EXTRACTED_HMDB51_FEATURES/jump_Documentario_Le_Parkour_Londrina_jump_f_nm_np1_ri_bad_2.pt,jump,19
/data/dev/projects/ai/Trackey/trackey/research/EXTRACTED_HMDB51_FEATURES/jump_Documentario_Le_Parkour_Londrina_jump_f_nm_np1_ri_bad_3.pt,jump,19
/data/dev/projects/ai/Trackey/trackey/research/EXTRACTED_HMDB51_FEATURES/jump_Documentario_Le_Parkour_Londrina_jump_f_nm_np1_ri_bad_4.pt,jump,19
/data/dev/projects/ai/Trackey/trackey/research/EXTRACTED_HMDB51_FEATURES/jump_Documentario_Le_Parkour_Londrina_jump_f_nm_np1_ri_bad_7.pt,jump,19
/data/dev/projects/ai/Trackey/trackey/research/EXTRACTED_HMDB51_FEATURES/jump_Faith_Rewarded_jump_f_cm_np1_ba_bad_15.pt,jump,19
/data/dev/projects/ai/Trackey/trackey/research/EXTRACTED_HMDB51_FEATURES/jump_Faith_Rewarded_jump_f_cm_np1_ri_bad_24.pt,jump,19
/data/dev/projects/ai/Trackey/trackey/research/EXTRACTED_HMDB51_FEATURES/jump_Faith_Rewarded_jump_f_nm_np1_ri_bad_86.pt,jump,19
/data/dev/projects/ai/Trackey/trackey/research/EXTRACTED_HMDB51_FEATURES/jump_Faith_Rewarded_jump_f_nm_np1_ri_med_89.pt,jump,19
/data/dev/projects/ai/Trackey/trackey/research/EXTRACTED_HMDB51_FEATURES/jump_Fellowship_2_jump_f_nm_np1_ba_bad_7.pt,jump,19
/data/dev/projects/ai/Trackey/trackey/research/EXTRACTED_HMDB51_FEATURES/jump_Fellowship_2_jump_f_nm_np1_ri_bad_8.pt,jump,19
/data/dev/projects/ai/Trackey/trackey/research/EXTRACTED_HMDB51_FEATURES/jump_Fellowship_5_jump_f_nm_np1_ba_bad_12.pt,jump,19
/data/dev/projects/ai/Trackey/trackey/research/EXTRACTED_HMDB51_FEATURES/jump_Fellowship_5_jump_f_nm_np1_fr_bad_10.pt,jump,19
/data/dev/projects/ai/Trackey/trackey/research/EXTRACTED_HMDB51_FEATURES/jump_Fellowship_5_jump_f_nm_np1_ri_bad_11.pt,jump,19
/data/dev/projects/ai/Trackey/trackey/research/EXTRACTED_HMDB51_FEATURES/jump_Fellowship_7_jump_f_cm_np1_fr_bad_1.pt,jump,19
/data/dev/projects/ai/Trackey/trackey/research/EXTRACTED_HMDB51_FEATURES/jump_Goalkeeper_Felix_Schwake_jump_f_cm_np1_le_bad_5.pt,jump,19
/data/dev/projects/ai/Trackey/trackey/research/EXTRACTED_HMDB51_FEATURES/jump_Goalkeeper_Felix_Schwake_jump_f_cm_np1_le_bad_6.pt,jump,19
/data/dev/projects/ai/Trackey/trackey/research/EXTRACTED_HMDB51_FEATURES/jump_Goalkeeper_Felix_Schwake_jump_f_cm_np1_le_bad_8.pt,jump,19
/data/dev/projects/ai/Trackey/trackey/research/EXTRACTED_HMDB51_FEATURES/jump_Goalkeeper_Felix_Schwake_jump_f_cm_np1_ri_bad_0.pt,jump,19
/data/dev/projects/ai/Trackey/trackey/research/EXTRACTED_HMDB51_FEATURES/jump_Goalkeeper_Felix_Schwake_jump_f_cm_np1_ri_bad_1.pt,jump,19
/data/dev/projects/ai/Trackey/trackey/research/EXTRACTED_HMDB51_FEATURES/jump_Goalkeeper_Felix_Schwake_jump_f_cm_np1_ri_bad_2.pt,jump,19
/data/dev/projects/ai/Trackey/trackey/research/EXTRACTED_HMDB51_FEATURES/jump_Goalkeeper_Felix_Schwake_jump_f_nm_np1_le_bad_7.pt,jump,19
/data/dev/projects/ai/Trackey/trackey/research/EXTRACTED_HMDB51_FEATURES/jump_Goalkeeper_Felix_Schwake_jump_f_nm_np1_ri_bad_3.pt,jump,19
/data/dev/projects/ai/Trackey/trackey/research/EXTRACTED_HMDB51_FEATURES/jump_Goalkeeper_Felix_Schwake_jump_f_nm_np1_ri_bad_4.pt,jump,19
/data/dev/projects/ai/Trackey/trackey/research/EXTRACTED_HMDB51_FEATURES/jump_Gregoire_Airman_showreel_2008_jump_f_cm_np1_ba_bad_1.pt,jump,19
/data/dev/projects/ai/Trackey/trackey/research/EXTRACTED_HMDB51_FEATURES/jump_Gregoire_Airman_showreel_2008_jump_f_cm_np1_le_bad_0.pt,jump,19
/data/dev/projects/ai/Trackey/trackey/research/EXTRACTED_HMDB51_FEATURES/jump_Gregoire_Airman_showreel_2008_jump_f_cm_np1_le_bad_2.pt,jump,19
/data/dev/projects/ai/Trackey/trackey/research/EXTRACTED_HMDB51_FEATURES/jump_Gregoire_Airman_showreel_2008_jump_f_cm_np1_le_bad_4.pt,jump,19
/data/dev/projects/ai/Trackey/trackey/research/EXTRACTED_HMDB51_FEATURES/jump_Gregoire_Airman_showreel_2008_jump_f_cm_np1_ri_bad_3.pt,jump,19
/data/dev/projects/ai/Trackey/trackey/research/EXTRACTED_HMDB51_FEATURES/jump_Gregoire_Airman_showreel_2008_jump_f_cm_np1_ri_bad_5.pt,jump,19
/data/dev/projects/ai/Trackey/trackey/research/EXTRACTED_HMDB51_FEATURES/jump_Gregoire_Airman_showreel_2008_jump_f_cm_np1_ri_bad_6.pt,jump,19
/data/dev/projects/ai/Trackey/trackey/research/EXTRACTED_HMDB51_FEATURES/jump_HeavyHouse_jump_h_cm_np1_fr_bad_0.pt,jump,19
/data/dev/projects/ai/Trackey/trackey/research/EXTRACTED_HMDB51_FEATURES/jump_Huge_Dive-Roll_jump_f_cm_np1_ri_bad_0.pt,jump,19
/data/dev/projects/ai/Trackey/trackey/research/EXTRACTED_HMDB51_FEATURES/jump_IamLegend_jump_f_cm_np1_ba_bad_12.pt,jump,19
/data/dev/projects/ai/Trackey/trackey/research/EXTRACTED_HMDB51_FEATURES/jump_KUNG_FU_HUSTLE_jump_f_cm_np1_fr_bad_16.pt,jump,19
/data/dev/projects/ai/Trackey/trackey/research/EXTRACTED_HMDB51_FEATURES/jump_KUNG_FU_HUSTLE_jump_f_cm_np1_fr_bad_55.pt,jump,19
/data/dev/projects/ai/Trackey/trackey/research/EXTRACTED_HMDB51_FEATURES/jump_KUNG_FU_HUSTLE_jump_f_cm_np1_le_bad_56.pt,jump,19
/data/dev/projects/ai/Trackey/trackey/research/EXTRACTED_HMDB51_FEATURES/jump_KUNG_FU_HUSTLE_jump_f_cm_np1_le_bad_57.pt,jump,19
/data/dev/projects/ai/Trackey/trackey/research/EXTRACTED_HMDB51_FEATURES/jump_KUNG_FU_HUSTLE_jump_f_nm_np1_fr_bad_38.pt,jump,19
/data/dev/projects/ai/Trackey/trackey/research/EXTRACTED_HMDB51_FEATURES/jump_KUNG_FU_HUSTLE_jump_f_nm_np1_fr_bad_46.pt,jump,19
/data/dev/projects/ai/Trackey/trackey/research/EXTRACTED_HMDB51_FEATURES/jump_LE_PARKOUR_BRASIL_DIOGO_GRANATO_(HD)_jump_u_cm_np1_le_bad_0.pt,jump,19
/data/dev/projects/ai/Trackey/trackey/research/EXTRACTED_HMDB51_FEATURES/jump_LONGESTYARD_jump_f_cm_np1_le_bad_14.pt,jump,19
/data/dev/projects/ai/Trackey/trackey/research/EXTRACTED_HMDB51_FEATURES/jump_LONGESTYARD_jump_f_cm_np1_ri_bad_21.pt,jump,19
/data/dev/projects/ai/Trackey/trackey/research/EXTRACTED_HMDB51_FEATURES/jump_LONGESTYARD_jump_f_cm_np1_ri_bad_22.pt,jump,19
/data/dev/projects/ai/Trackey/trackey/research/EXTRACTED_HMDB51_FEATURES/jump_Le_Parkour_TVCA_esporte_jump_f_cm_np1_fr_bad_1.pt,jump,19
/data/dev/projects/ai/Trackey/trackey/research/EXTRACTED_HMDB51_FEATURES/jump_Le_Parkour_TVCA_esporte_jump_f_cm_np1_le_bad_2.pt,jump,19
/data/dev/projects/ai/Trackey/trackey/research/EXTRACTED_HMDB51_FEATURES/jump_Learn_Freerunning_and_Parkour_-_Diving_Roll_jump_f_cm_np1_le_bad_4.pt,jump,19
/data/dev/projects/ai/Trackey/trackey/research/EXTRACTED_HMDB51_FEATURES/jump_Learn_Freerunning_and_Parkour__-_Diving_Kong_jump_f_cm_np1_ba_bad_1.pt,jump,19
/data/dev/projects/ai/Trackey/trackey/research/EXTRACTED_HMDB51_FEATURES/jump_Learn_Freerunning_and_Parkour__-_Diving_Kong_jump_f_cm_np1_fr_bad_4.pt,jump,19
/data/dev/projects/ai/Trackey/trackey/research/EXTRACTED_HMDB51_FEATURES/jump_Learn_Freerunning_and_Parkour__-_Diving_Kong_jump_f_cm_np1_le_bad_0.pt,jump,19
/data/dev/projects/ai/Trackey/trackey/research/EXTRACTED_HMDB51_FEATURES/jump_Learn_Freerunning_and_Parkour__-_Diving_Kong_jump_f_cm_np1_le_bad_2.pt,jump,19
/data/dev/projects/ai/Trackey/trackey/research/EXTRACTED_HMDB51_FEATURES/jump_Learn_Freerunning_and_Parkour__-_Diving_Kong_jump_f_cm_np1_le_bad_3.pt,jump,19
/data/dev/projects/ai/Trackey/trackey/research/EXTRACTED_HMDB51_FEATURES/jump_Learn_Freerunning_and_Parkour__-_Diving_Kong_jump_f_cm_np1_le_bad_5.pt,jump,19
/data/dev/projects/ai/Trackey/trackey/research/EXTRACTED_HMDB51_FEATURES/jump_NOVA_ELEGANTUNIVERSE1_jump_f_nm_np1_le_bad_4.pt,jump,19
/data/dev/projects/ai/Trackey/trackey/research/EXTRACTED_HMDB51_FEATURES/jump_New_polish_best_goalkeeper_-_FC_Barcelona_jump_f_cm_np1_le_bad_0.pt,jump,19
/data/dev/projects/ai/Trackey/trackey/research/EXTRACTED_HMDB51_FEATURES/jump_OldSchool_jump_f_nm_np1_fr_bad_26.pt,jump,19
/data/dev/projects/ai/Trackey/trackey/research/EXTRACTED_HMDB51_FEATURES/jump_Parkour-_Diving_Kong_jump_u_cm_np1_fr_bad_1.pt,jump,19
/data/dev/projects/ai/Trackey/trackey/research/EXTRACTED_HMDB51_FEATURES/jump_Parkour-_Diving_Kong_jump_u_cm_np1_ri_bad_0.pt,jump,19
/data/dev/projects/ai/Trackey/trackey/research/EXTRACTED_HMDB51_FEATURES/jump_RATRACE_jump_f_cm_np1_ba_bad_3.pt,jump,19
/data/dev/projects/ai/Trackey/trackey/research/EXTRACTED_HMDB51_FEATURES/jump_RATRACE_jump_f_cm_np1_fr_bad_38.pt,jump,19
/data/dev/projects/ai/Trackey/trackey/research/EXTRACTED_HMDB51_FEATURES/jump_RATRACE_jump_f_cm_np1_fr_bad_39.pt,jump,19
/data/dev/projects/ai/Trackey/trackey/research/EXTRACTED_HMDB51_FEATURES/jump_RATRACE_jump_f_cm_np1_fr_bad_40.pt,jump,19
/data/dev/projects/ai/Trackey/trackey/research/EXTRACTED_HMDB51_FEATURES/jump_RATRACE_jump_f_nm_np1_ba_bad_29.pt,jump,19
/data/dev/projects/ai/Trackey/trackey/research/EXTRACTED_HMDB51_FEATURES/jump_RATRACE_jump_f_nm_np1_ba_bad_30.pt,jump,19
/data/dev/projects/ai/Trackey/trackey/research/EXTRACTED_HMDB51_FEATURES/jump_RETURN_OF_THE_KING_jump_f_cm_np1_fr_bad_29.pt,jump,19
/data/dev/projects/ai/Trackey/trackey/research/EXTRACTED_HMDB51_FEATURES/jump_RETURN_OF_THE_KING_jump_f_nm_np1_fr_bad_40.pt,jump,19
/data/dev/projects/ai/Trackey/trackey/research/EXTRACTED_HMDB51_FEATURES/jump_Return_of_the_King_12_jump_f_nm_np2_fr_bad_2.pt,jump,19
/data/dev/projects/ai/Trackey/trackey/research/EXTRACTED_HMDB51_FEATURES/jump_Return_of_the_King_7_jump_f_cm_np1_ri_bad_0.pt,jump,19
/data/dev/projects/ai/Trackey/trackey/research/EXTRACTED_HMDB51_FEATURES/jump_RushHour2_jump_h_nm_np1_ba_bad_8.pt,jump,19
/data/dev/projects/ai/Trackey/trackey/research/EXTRACTED_HMDB51_FEATURES/jump_Sam_Cooksey_Goalkeeper_Training_jump_f_cm_np1_le_bad_10.pt,jump,19
/data/dev/projects/ai/Trackey/trackey/research/EXTRACTED_HMDB51_FEATURES/jump_Sam_Cooksey_Goalkeeper_Training_jump_f_cm_np1_le_bad_11.pt,jump,19
/data/dev/projects/ai/Trackey/trackey/research/EXTRACTED_HMDB51_FEATURES/jump_Sam_Cooksey_Goalkeeper_Training_jump_f_cm_np1_le_bad_2.pt,jump,19
/data/dev/projects/ai/Trackey/trackey/research/EXTRACTED_HMDB51_FEATURES/jump_Sam_Cooksey_Goalkeeper_Training_jump_f_cm_np1_le_bad_3.pt,jump,19
/data/dev/projects/ai/Trackey/trackey/research/EXTRACTED_HMDB51_FEATURES/jump_Sam_Cooksey_Goalkeeper_Training_jump_f_cm_np1_le_bad_4.pt,jump,19
/data/dev/projects/ai/Trackey/trackey/research/EXTRACTED_HMDB51_FEATURES/jump_Sam_Cooksey_Goalkeeper_Training_jump_f_cm_np1_le_bad_8.pt,jump,19
/data/dev/projects/ai/Trackey/trackey/research/EXTRACTED_HMDB51_FEATURES/jump_Sam_Cooksey_Goalkeeper_Training_jump_f_cm_np1_le_bad_9.pt,jump,19
/data/dev/projects/ai/Trackey/trackey/research/EXTRACTED_HMDB51_FEATURES/jump_Sam_Cooksey_Goalkeeper_Training_jump_f_cm_np1_ri_bad_0.pt,jump,19
/data/dev/projects/ai/Trackey/trackey/research/EXTRACTED_HMDB51_FEATURES/jump_Sam_Cooksey_Goalkeeper_Training_jump_f_cm_np1_ri_bad_1.pt,jump,19
/data/dev/projects/ai/Trackey/trackey/research/EXTRACTED_HMDB51_FEATURES/jump_Sam_Cooksey_Goalkeeper_Training_jump_f_cm_np1_ri_bad_5.pt,jump,19
/data/dev/projects/ai/Trackey/trackey/research/EXTRACTED_HMDB51_FEATURES/jump_Sam_Cooksey_Goalkeeper_Training_jump_f_cm_np1_ri_bad_6.pt,jump,19
/data/dev/projects/ai/Trackey/trackey/research/EXTRACTED_HMDB51_FEATURES/jump_Sam_Cooksey_Goalkeeper_Training_jump_f_cm_np1_ri_bad_7.pt,jump,19
/data/dev/projects/ai/Trackey/trackey/research/EXTRACTED_HMDB51_FEATURES/jump_Sommerland_Syd_sprung_in_den_tod_jump_f_cm_np1_fr_bad_0.pt,jump,19
/data/dev/projects/ai/Trackey/trackey/research/EXTRACTED_HMDB51_FEATURES/jump_St__Louis_Goalkeeping__Academy_elite_training_jump_f_cm_np1_le_bad_6.pt,jump,19
/data/dev/projects/ai/Trackey/trackey/research/EXTRACTED_HMDB51_FEATURES/jump_St__Louis_Goalkeeping__Academy_elite_training_jump_f_nm_np1_le_bad_13.pt,jump,19
/data/dev/projects/ai/Trackey/trackey/research/EXTRACTED_HMDB51_FEATURES/jump_St__Louis_Goalkeeping__Academy_elite_training_jump_f_nm_np1_le_bad_15.pt,jump,19
/data/dev/projects/ai/Trackey/trackey/research/EXTRACTED_HMDB51_FEATURES/jump_St__Louis_Goalkeeping__Academy_elite_training_jump_f_nm_np1_le_bad_3.pt,jump,19
/data/dev/projects/ai/Trackey/trackey/research/EXTRACTED_HMDB51_FEATURES/jump_St__Louis_Goalkeeping__Academy_elite_training_jump_f_nm_np1_le_bad_4.pt,jump,19
/data/dev/projects/ai/Trackey/trackey/research/EXTRACTED_HMDB51_FEATURES/jump_St__Louis_Goalkeeping__Academy_elite_training_jump_f_nm_np1_le_bad_5.pt,jump,19
/data/dev/projects/ai/Trackey/trackey/research/EXTRACTED_HMDB51_FEATURES/jump_St__Louis_Goalkeeping__Academy_elite_training_jump_f_nm_np1_le_bad_7.pt,jump,19
/data/dev/projects/ai/Trackey/trackey/research/EXTRACTED_HMDB51_FEATURES/jump_St__Louis_Goalkeeping__Academy_elite_training_jump_f_nm_np1_le_bad_8.pt,jump,19
/data/dev/projects/ai/Trackey/trackey/research/EXTRACTED_HMDB51_FEATURES/jump_St__Louis_Goalkeeping__Academy_elite_training_jump_f_nm_np1_ri_bad_0.pt,jump,19
/data/dev/projects/ai/Trackey/trackey/research/EXTRACTED_HMDB51_FEATURES/jump_St__Louis_Goalkeeping__Academy_elite_training_jump_f_nm_np1_ri_bad_1.pt,jump,19
/data/dev/projects/ai/Trackey/trackey/research/EXTRACTED_HMDB51_FEATURES/jump_St__Louis_Goalkeeping__Academy_elite_training_jump_f_nm_np1_ri_bad_10.pt,jump,19
/data/dev/projects/ai/Trackey/trackey/research/EXTRACTED_HMDB51_FEATURES/jump_St__Louis_Goalkeeping__Academy_elite_training_jump_f_nm_np1_ri_bad_11.pt,jump,19
/data/dev/projects/ai/Trackey/trackey/research/EXTRACTED_HMDB51_FEATURES/jump_St__Louis_Goalkeeping__Academy_elite_training_jump_f_nm_np1_ri_bad_12.pt,jump,19
/data/dev/projects/ai/Trackey/trackey/research/EXTRACTED_HMDB51_FEATURES/jump_St__Louis_Goalkeeping__Academy_elite_training_jump_f_nm_np1_ri_bad_14.pt,jump,19
/data/dev/projects/ai/Trackey/trackey/research/EXTRACTED_HMDB51_FEATURES/jump_St__Louis_Goalkeeping__Academy_elite_training_jump_f_nm_np1_ri_bad_16.pt,jump,19
/data/dev/projects/ai/Trackey/trackey/research/EXTRACTED_HMDB51_FEATURES/jump_St__Louis_Goalkeeping__Academy_elite_training_jump_f_nm_np1_ri_bad_2.pt,jump,19
/data/dev/projects/ai/Trackey/trackey/research/EXTRACTED_HMDB51_FEATURES/jump_St__Louis_Goalkeeping__Academy_elite_training_jump_f_nm_np1_ri_bad_9.pt,jump,19
/data/dev/projects/ai/Trackey/trackey/research/EXTRACTED_HMDB51_FEATURES/jump_Stadium_Plyometric_Workout_jump_f_cm_np1_ba_bad_5.pt,jump,19
/data/dev/projects/ai/Trackey/trackey/research/EXTRACTED_HMDB51_FEATURES/jump_Stadium_Plyometric_Workout_jump_f_cm_np1_ba_bad_6.pt,jump,19
/data/dev/projects/ai/Trackey/trackey/research/EXTRACTED_HMDB51_FEATURES/jump_Stadium_Plyometric_Workout_jump_f_cm_np1_ba_bad_7.pt,jump,19
/data/dev/projects/ai/Trackey/trackey/research/EXTRACTED_HMDB51_FEATURES/jump_Stadium_Plyometric_Workout_jump_f_cm_np1_ba_med_8.pt,jump,19
/data/dev/projects/ai/Trackey/trackey/research/EXTRACTED_HMDB51_FEATURES/jump_THE_PROTECTOR_jump_f_cm_np1_ba_bad_14.pt,jump,19
/data/dev/projects/ai/Trackey/trackey/research/EXTRACTED_HMDB51_FEATURES/jump_THE_PROTECTOR_jump_f_cm_np1_ba_bad_30.pt,jump,19
/data/dev/projects/ai/Trackey/trackey/research/EXTRACTED_HMDB51_FEATURES/jump_THE_PROTECTOR_jump_f_cm_np1_fr_bad_29.pt,jump,19
/data/dev/projects/ai/Trackey/trackey/research/EXTRACTED_HMDB51_FEATURES/jump_THE_PROTECTOR_jump_f_nm_np1_ba_bad_11.pt,jump,19
/data/dev/projects/ai/Trackey/trackey/research/EXTRACTED_HMDB51_FEATURES/jump_THE_PROTECTOR_jump_f_nm_np1_ba_bad_64.pt,jump,19
/data/dev/projects/ai/Trackey/trackey/research/EXTRACTED_HMDB51_FEATURES/jump_THE_PROTECTOR_jump_f_nm_np1_ba_bad_90.pt,jump,19
/data/dev/projects/ai/Trackey/trackey/research/EXTRACTED_HMDB51_FEATURES/jump_THE_PROTECTOR_jump_f_nm_np1_fr_bad_95.pt,jump,19
/data/dev/projects/ai/Trackey/trackey/research/EXTRACTED_HMDB51_FEATURES/jump_THE_PROTECTOR_jump_f_nm_np1_fr_bad_96.pt,jump,19
/data/dev/projects/ai/Trackey/trackey/research/EXTRACTED_HMDB51_FEATURES/jump_TheBoondockSaints_jump_f_cm_np1_ba_bad_67.pt,jump,19
/data/dev/projects/ai/Trackey/trackey/research/EXTRACTED_HMDB51_FEATURES/jump_TheBoondockSaints_jump_u_cm_np1_fr_bad_83.pt,jump,19
/data/dev/projects/ai/Trackey/trackey/research/EXTRACTED_HMDB51_FEATURES/jump_TheBoondockSaints_jump_u_cm_np1_ri_bad_103.pt,jump,19
/data/dev/projects/ai/Trackey/trackey/research/EXTRACTED_HMDB51_FEATURES/jump_TheBoondockSaints_jump_u_cm_np1_ri_bad_127.pt,jump,19
/data/dev/projects/ai/Trackey/trackey/research/EXTRACTED_HMDB51_FEATURES/jump_TheBoondockSaints_jump_u_nm_np1_fr_bad_73.pt,jump,19
/data/dev/projects/ai/Trackey/trackey/research/EXTRACTED_HMDB51_FEATURES/jump_ThePerfectScore_jump_u_cm_np1_fr_bad_4.pt,jump,19
/data/dev/projects/ai/Trackey/trackey/research/EXTRACTED_HMDB51_FEATURES/jump_Two_Towers_6_jump_f_nm_np1_le_bad_8.pt,jump,19
/data/dev/projects/ai/Trackey/trackey/research/EXTRACTED_HMDB51_FEATURES/jump_Two_Towers_6_jump_f_nm_np1_le_bad_9.pt,jump,19
/data/dev/projects/ai/Trackey/trackey/research/EXTRACTED_HMDB51_FEATURES/jump_Veoh_Alpha_Dog_1_jump_f_cm_np1_ri_bad_28.pt,jump,19
/data/dev/projects/ai/Trackey/trackey/research/EXTRACTED_HMDB51_FEATURES/jump_happy_go_lovely_jump_f_cm_np1_fr_bad_20.pt,jump,19
/data/dev/projects/ai/Trackey/trackey/research/EXTRACTED_HMDB51_FEATURES/jump_happy_go_lovely_jump_h_cm_np1_fr_bad_0.pt,jump,19
/data/dev/projects/ai/Trackey/trackey/research/EXTRACTED_HMDB51_FEATURES/jump_le_parkour_kl_jump_f_nm_np1_le_bad_3.pt,jump,19
/data/dev/projects/ai/Trackey/trackey/research/EXTRACTED_HMDB51_FEATURES/jump_le_parkour_kl_jump_l_nm_np1_le_bad_1.pt,jump,19
/data/dev/projects/ai/Trackey/trackey/research/EXTRACTED_HMDB51_FEATURES/jump_le_parkour_kl_jump_l_nm_np1_ri_bad_0.pt,jump,19
/data/dev/projects/ai/Trackey/trackey/research/EXTRACTED_HMDB51_FEATURES/jump_le_parkour_kl_jump_l_nm_np1_ri_bad_2.pt,jump,19
/data/dev/projects/ai/Trackey/trackey/research/EXTRACTED_HMDB51_FEATURES/jump_likebeckam_jump_l_cm_np1_ri_bad_17.pt,jump,19
/data/dev/projects/ai/Trackey/trackey/research/EXTRACTED_HMDB51_FEATURES/jump_prelinger_ControlY1950_jump_f_nm_np1_fr_bad_13.pt,jump,19
/data/dev/projects/ai/Trackey/trackey/research/EXTRACTED_HMDB51_FEATURES/jump_prelinger_ControlY1950_jump_f_nm_np1_fr_bad_6.pt,jump,19
/data/dev/projects/ai/Trackey/trackey/research/EXTRACTED_HMDB51_FEATURES/jump_prelinger_ControlY1950_jump_f_nm_np1_fr_bad_7.pt,jump,19
/data/dev/projects/ai/Trackey/trackey/research/EXTRACTED_HMDB51_FEATURES/jump_prelinger_ControlY1950_jump_f_nm_np1_fr_med_12.pt,jump,19
/data/dev/projects/ai/Trackey/trackey/research/EXTRACTED_HMDB51_FEATURES/kick_50_FIRST_DATES_kick_f_cm_np1_ba_med_19.pt,kick,20
/data/dev/projects/ai/Trackey/trackey/research/EXTRACTED_HMDB51_FEATURES/kick_American_History_X_kick_f_nm_np1_le_bad_37.pt,kick,20
/data/dev/projects/ai/Trackey/trackey/research/EXTRACTED_HMDB51_FEATURES/kick_American_History_X_kick_l_cm_np1_le_med_33.pt,kick,20
/data/dev/projects/ai/Trackey/trackey/research/EXTRACTED_HMDB51_FEATURES/kick_Best_fight_scene_in_history_of_movie_kick_f_cm_np2_ba_bad_2.pt,kick,20
/data/dev/projects/ai/Trackey/trackey/research/EXTRACTED_HMDB51_FEATURES/kick_Best_fight_scene_in_history_of_movie_kick_f_cm_np2_ri_bad_0.pt,kick,20
/data/dev/projects/ai/Trackey/trackey/research/EXTRACTED_HMDB51_FEATURES/kick_CharlieAndTheChocolateFactory_kick_f_nm_np1_ri_med_19.pt,kick,20
/data/dev/projects/ai/Trackey/trackey/research/EXTRACTED_HMDB51_FEATURES/kick_FOOT_2009_(REMI_GAILLARD)_kick_f_cm_np1_ba_med_5.pt,kick,20
/data/dev/projects/ai/Trackey/trackey/research/EXTRACTED_HMDB51_FEATURES/kick_KUNG_FU_HUSTLE_kick_f_cm_np1_fr_bad_9.pt,kick,20
/data/dev/projects/ai/Trackey/trackey/research/EXTRACTED_HMDB51_FEATURES/kick_KUNG_FU_HUSTLE_kick_f_cm_np1_fr_med_15.pt,kick,20
/data/dev/projects/ai/Trackey/trackey/research/EXTRACTED_HMDB51_FEATURES/kick_KUNG_FU_HUSTLE_kick_f_cm_np1_fr_med_44.pt,kick,20
/data/dev/projects/ai/Trackey/trackey/research/EXTRACTED_HMDB51_FEATURES/kick_KUNG_FU_HUSTLE_kick_f_cm_np1_fr_med_45.pt,kick,20
/data/dev/projects/ai/Trackey/trackey/research/EXTRACTED_HMDB51_FEATURES/kick_KUNG_FU_HUSTLE_kick_f_cm_np1_fr_med_58.pt,kick,20
/data/dev/projects/ai/Trackey/trackey/research/EXTRACTED_HMDB51_FEATURES/kick_KUNG_FU_HUSTLE_kick_f_cm_np1_le_med_10.pt,kick,20
/data/dev/projects/ai/Trackey/trackey/research/EXTRACTED_HMDB51_FEATURES/kick_KUNG_FU_HUSTLE_kick_f_nm_np1_fr_bad_37.pt,kick,20
/data/dev/projects/ai/Trackey/trackey/research/EXTRACTED_HMDB51_FEATURES/kick_KUNG_FU_HUSTLE_kick_u_cm_np1_fr_med_11.pt,kick,20
/data/dev/projects/ai/Trackey/trackey/research/EXTRACTED_HMDB51_FEATURES/kick_KUNG_FU_HUSTLE_kick_u_cm_np1_le_med_12.pt,kick,20
/data/dev/projects/ai/Trackey/trackey/research/EXTRACTED_HMDB51_FEATURES/kick_LONGESTYARD_kick_f_cm_np1_ri_med_16.pt,kick,20
/data/dev/projects/ai/Trackey/trackey/research/EXTRACTED_HMDB51_FEATURES/kick_Pirates_6_kick_f_nm_np1_fr_bad_7.pt,kick,20
/data/dev/projects/ai/Trackey/trackey/research/EXTRACTED_HMDB51_FEATURES/kick_Prelinger_ActYourA1949_kick_f_nm_np1_ri_bad_10.pt,kick,20
/data/dev/projects/ai/Trackey/trackey/research/EXTRACTED_HMDB51_FEATURES/kick_RushHour2_kick_l_cm_np1_le_med_2.pt,kick,20
/data/dev/projects/ai/Trackey/trackey/research/EXTRACTED_HMDB51_FEATURES/kick_THE_PROTECTOR_kick_f_cm_np1_ba_bad_37.pt,kick,20
/data/dev/projects/ai/Trackey/trackey/research/EXTRACTED_HMDB51_FEATURES/kick_THE_PROTECTOR_kick_f_cm_np1_ba_med_63.pt,kick,20
/data/dev/projects/ai/Trackey/trackey/research/EXTRACTED_HMDB51_FEATURES/kick_THE_PROTECTOR_kick_f_cm_np1_ba_med_69.pt,kick,20
/data/dev/projects/ai/Trackey/trackey/research/EXTRACTED_HMDB51_FEATURES/kick_THE_PROTECTOR_kick_f_cm_np1_ba_med_72.pt,kick,20
/data/dev/projects/ai/Trackey/trackey/research/EXTRACTED_HMDB51_FEATURES/kick_THE_PROTECTOR_kick_f_cm_np1_fr_bad_53.pt,kick,20
/data/dev/projects/ai/Trackey/trackey/research/EXTRACTED_HMDB51_FEATURES/kick_THE_PROTECTOR_kick_f_cm_np1_fr_med_4.pt,kick,20
/data/dev/projects/ai/Trackey/trackey/research/EXTRACTED_HMDB51_FEATURES/kick_THE_PROTECTOR_kick_f_cm_np1_fr_med_48.pt,kick,20
/data/dev/projects/ai/Trackey/trackey/research/EXTRACTED_HMDB51_FEATURES/kick_THE_PROTECTOR_kick_f_cm_np1_fr_med_52.pt,kick,20
/data/dev/projects/ai/Trackey/trackey/research/EXTRACTED_HMDB51_FEATURES/kick_THE_PROTECTOR_kick_f_cm_np1_le_med_43.pt,kick,20
/data/dev/projects/ai/Trackey/trackey/research/EXTRACTED_HMDB51_FEATURES/kick_THE_PROTECTOR_kick_f_cm_np1_ri_bad_38.pt,kick,20
/data/dev/projects/ai/Trackey/trackey/research/EXTRACTED_HMDB51_FEATURES/kick_THE_PROTECTOR_kick_f_cm_np1_ri_med_40.pt,kick,20
/data/dev/projects/ai/Trackey/trackey/research/EXTRACTED_HMDB51_FEATURES/kick_THE_PROTECTOR_kick_f_cm_np1_ri_med_45.pt,kick,20
/data/dev/projects/ai/Trackey/trackey/research/EXTRACTED_HMDB51_FEATURES/kick_THE_PROTECTOR_kick_f_cm_np1_ri_med_46.pt,kick,20
/data/dev/projects/ai/Trackey/trackey/research/EXTRACTED_HMDB51_FEATURES/kick_THE_PROTECTOR_kick_f_cm_np1_ri_med_54.pt,kick,20
/data/dev/projects/ai/Trackey/trackey/research/EXTRACTED_HMDB51_FEATURES/kick_THE_PROTECTOR_kick_f_cm_np1_ri_med_66.pt,kick,20
/data/dev/projects/ai/Trackey/trackey/research/EXTRACTED_HMDB51_FEATURES/kick_THE_PROTECTOR_kick_f_cm_np2_ri_med_81.pt,kick,20
/data/dev/projects/ai/Trackey/trackey/research/EXTRACTED_HMDB51_FEATURES/kick_THE_PROTECTOR_kick_f_nm_np1_ba_bad_17.pt,kick,20
/data/dev/projects/ai/Trackey/trackey/research/EXTRACTED_HMDB51_FEATURES/kick_THE_PROTECTOR_kick_f_nm_np1_ba_bad_22.pt,kick,20
/data/dev/projects/ai/Trackey/trackey/research/EXTRACTED_HMDB51_FEATURES/kick_THE_PROTECTOR_kick_f_nm_np1_ba_med_19.pt,kick,20
/data/dev/projects/ai/Trackey/trackey/research/EXTRACTED_HMDB51_FEATURES/kick_THE_PROTECTOR_kick_f_nm_np1_ba_med_5.pt,kick,20
/data/dev/projects/ai/Trackey/trackey/research/EXTRACTED_HMDB51_FEATURES/kick_THE_PROTECTOR_kick_f_nm_np1_ba_med_77.pt,kick,20
/data/dev/projects/ai/Trackey/trackey/research/EXTRACTED_HMDB51_FEATURES/kick_THE_PROTECTOR_kick_f_nm_np1_ba_med_9.pt,kick,20
/data/dev/projects/ai/Trackey/trackey/research/EXTRACTED_HMDB51_FEATURES/kick_THE_PROTECTOR_kick_f_nm_np1_fr_med_3.pt,kick,20
/data/dev/projects/ai/Trackey/trackey/research/EXTRACTED_HMDB51_FEATURES/kick_THE_PROTECTOR_kick_f_nm_np1_fr_med_68.pt,kick,20
/data/dev/projects/ai/Trackey/trackey/research/EXTRACTED_HMDB51_FEATURES/kick_THE_PROTECTOR_kick_f_nm_np1_le_med_8.pt,kick,20
/data/dev/projects/ai/Trackey/trackey/research/EXTRACTED_HMDB51_FEATURES/kick_THE_PROTECTOR_kick_f_nm_np2_fr_bad_78.pt,kick,20
/data/dev/projects/ai/Trackey/trackey/research/EXTRACTED_HMDB51_FEATURES/kick_THE_PROTECTOR_kick_u_cm_np1_ba_bad_25.pt,kick,20
/data/dev/projects/ai/Trackey/trackey/research/EXTRACTED_HMDB51_FEATURES/kick_THE_PROTECTOR_kick_u_cm_np1_ri_med_47.pt,kick,20
/data/dev/projects/ai/Trackey/trackey/research/EXTRACTED_HMDB51_FEATURES/kick_TheBoondockSaints_kick_f_cm_np1_fr_med_123.pt,kick,20
/data/dev/projects/ai/Trackey/trackey/research/EXTRACTED_HMDB51_FEATURES/kick_TheBoondockSaints_kick_f_cm_np1_fr_med_88.pt,kick,20
/data/dev/projects/ai/Trackey/trackey/research/EXTRACTED_HMDB51_FEATURES/kick_TheBoondockSaints_kick_u_nm_np1_fr_bad_122.pt,kick,20
/data/dev/projects/ai/Trackey/trackey/research/EXTRACTED_HMDB51_FEATURES/kick_The_Matrix_2_kick_f_cm_np1_le_med_6.pt,kick,20
/data/dev/projects/ai/Trackey/trackey/research/EXTRACTED_HMDB51_FEATURES/kick_The_Matrix_2_kick_f_cm_np1_ri_med_5.pt,kick,20
/data/dev/projects/ai/Trackey/trackey/research/EXTRACTED_HMDB51_FEATURES/kick_The_Matrix_3_kick_f_cm_np1_fr_med_5.pt,kick,20
/data/dev/projects/ai/Trackey/trackey/research/EXTRACTED_HMDB51_FEATURES/kick_The_Matrix_3_kick_f_cm_np1_le_med_2.pt,kick,20
/data/dev/projects/ai/Trackey/trackey/research/EXTRACTED_HMDB51_FEATURES/kick_The_Matrix_3_kick_f_nm_np1_fr_med_0.pt,kick,20
/data/dev/projects/ai/Trackey/trackey/research/EXTRACTED_HMDB51_FEATURES/kick_The_Matrix_3_kick_f_nm_np1_le_med_1.pt,kick,20
/data/dev/projects/ai/Trackey/trackey/research/EXTRACTED_HMDB51_FEATURES/kick_The_Matrix_5_kick_f_cm_np1_fr_bad_16.pt,kick,20
/data/dev/projects/ai/Trackey/trackey/research/EXTRACTED_HMDB51_FEATURES/kick_The_Matrix_5_kick_f_cm_np1_fr_med_19.pt,kick,20
/data/dev/projects/ai/Trackey/trackey/research/EXTRACTED_HMDB51_FEATURES/kick_The_Matrix_5_kick_f_cm_np1_fr_med_6.pt,kick,20
/data/dev/projects/ai/Trackey/trackey/research/EXTRACTED_HMDB51_FEATURES/kick_The_Matrix_5_kick_f_cm_np1_le_med_13.pt,kick,20
/data/dev/projects/ai/Trackey/trackey/research/EXTRACTED_HMDB51_FEATURES/kick_The_Matrix_5_kick_u_nm_np1_fr_bad_14.pt,kick,20
/data/dev/projects/ai/Trackey/trackey/research/EXTRACTED_HMDB51_FEATURES/kick_The_Matrix_6_kick_f_nm_np1_fr_med_6.pt,kick,20
/data/dev/projects/ai/Trackey/trackey/research/EXTRACTED_HMDB51_FEATURES/kick_The_Matrix_Revolutions_2_kick_f_cm_np1_ba_bad_2.pt,kick,20
/data/dev/projects/ai/Trackey/trackey/research/EXTRACTED_HMDB51_FEATURES/kick_The_Matrix_Revolutions_6_kick_f_cm_np1_ba_med_7.pt,kick,20
/data/dev/projects/ai/Trackey/trackey/research/EXTRACTED_HMDB51_FEATURES/kick_The_Matrix_Revolutions_6_kick_f_cm_np1_ri_med_0.pt,kick,20
/data/dev/projects/ai/Trackey/trackey/research/EXTRACTED_HMDB51_FEATURES/kick_The_Matrix_Revolutions_6_kick_f_nm_np1_ri_med_4.pt,kick,20
/data/dev/projects/ai/Trackey/trackey/research/EXTRACTED_HMDB51_FEATURES/kick_The_Matrix_Revolutions_6_kick_u_nm_np1_fr_med_6.pt,kick,20
/data/dev/projects/ai/Trackey/trackey/research/EXTRACTED_HMDB51_FEATURES/kick_Two_Towers_3_kick_f_nm_np1_fr_bad_5.pt,kick,20
/data/dev/projects/ai/Trackey/trackey/research/EXTRACTED_HMDB51_FEATURES/kick_Two_Towers_6_kick_f_cm_np1_ba_bad_7.pt,kick,20
/data/dev/projects/ai/Trackey/trackey/research/EXTRACTED_HMDB51_FEATURES/kick_Veoh_Alpha_Dog_1_kick_f_nm_np1_ba_med_48.pt,kick,20
/data/dev/projects/ai/Trackey/trackey/research/EXTRACTED_HMDB51_FEATURES/kick_Veoh_Alpha_Dog_1_kick_f_nm_np1_ba_med_49.pt,kick,20
/data/dev/projects/ai/Trackey/trackey/research/EXTRACTED_HMDB51_FEATURES/kick_Veoh_Alpha_Dog_1_kick_f_nm_np1_ri_med_37.pt,kick,20
/data/dev/projects/ai/Trackey/trackey/research/EXTRACTED_HMDB51_FEATURES/kick_Veoh_Alpha_Dog_1_kick_f_nm_np1_ri_med_50.pt,kick,20
/data/dev/projects/ai/Trackey/trackey/research/EXTRACTED_HMDB51_FEATURES/kick_jonhs_netfreemovies_holygrail_kick_f_nm_np1_fr_med_4.pt,kick,20
/data/dev/projects/ai/Trackey/trackey/research/EXTRACTED_HMDB51_FEATURES/kick_jonhs_netfreemovies_holygrail_kick_f_nm_np1_ri_med_10.pt,kick,20
/data/dev/projects/ai/Trackey/trackey/research/EXTRACTED_HMDB51_FEATURES/kick_jonhs_netfreemovies_holygrail_kick_f_nm_np1_ri_med_11.pt,kick,20
/data/dev/projects/ai/Trackey/trackey/research/EXTRACTED_HMDB51_FEATURES/kick_kick__Baddest_Fight_Scenes_EVER!_-_Kickboxer_-_Part_1_of_2_kick_f_cm_np1_ba_med_4.pt,kick,20
/data/dev/projects/ai/Trackey/trackey/research/EXTRACTED_HMDB51_FEATURES/kick_kick__Baddest_Fight_Scenes_EVER!_-_Kickboxer_-_Part_1_of_2_kick_f_cm_np1_fr_med_0.pt,kick,20
/data/dev/projects/ai/Trackey/trackey/research/EXTRACTED_HMDB51_FEATURES/kick_kick__Baddest_Fight_Scenes_EVER!_-_Kickboxer_-_Part_1_of_2_kick_f_cm_np1_fr_med_11.pt,kick,20
/data/dev/projects/ai/Trackey/trackey/research/EXTRACTED_HMDB51_FEATURES/kick_kick__Baddest_Fight_Scenes_EVER!_-_Kickboxer_-_Part_1_of_2_kick_f_nm_np1_ba_med_7.pt,kick,20
/data/dev/projects/ai/Trackey/trackey/research/EXTRACTED_HMDB51_FEATURES/kick_kick__Baddest_Fight_Scenes_EVER!_-_Kickboxer_-_Part_1_of_2_kick_f_nm_np1_ri_bad_2.pt,kick,20
/data/dev/projects/ai/Trackey/trackey/research/EXTRACTED_HMDB51_FEATURES/kick_kick__Baddest_Fight_Scenes_EVER!_-_Kickboxer_-_Part_1_of_2_kick_u_cm_np1_ba_med_1.pt,kick,20
/data/dev/projects/ai/Trackey/trackey/research/EXTRACTED_HMDB51_FEATURES/kick_kick__Baddest_Fight_Scenes_EVER!_-_Kickboxer_-_Part_1_of_2_kick_u_cm_np1_ba_med_10.pt,kick,20
/data/dev/projects/ai/Trackey/trackey/research/EXTRACTED_HMDB51_FEATURES/kick_kick__Baddest_Fight_Scenes_EVER!_-_Kickboxer_-_Part_1_of_2_kick_u_cm_np1_ba_med_3.pt,kick,20
/data/dev/projects/ai/Trackey/trackey/research/EXTRACTED_HMDB51_FEATURES/kick_kick__Baddest_Fight_Scenes_EVER!_-_Kickboxer_-_Part_1_of_2_kick_u_cm_np1_ba_med_5.pt,kick,20
/data/dev/projects/ai/Trackey/trackey/research/EXTRACTED_HMDB51_FEATURES/kick_kick__Baddest_Fight_Scenes_EVER!_-_Kickboxer_-_Part_1_of_2_kick_u_cm_np1_ba_med_6.pt,kick,20
/data/dev/projects/ai/Trackey/trackey/research/EXTRACTED_HMDB51_FEATURES/kick_kick__Baddest_Fight_Scenes_EVER!_-_Kickboxer_-_Part_1_of_2_kick_u_cm_np1_ba_med_8.pt,kick,20
/data/dev/projects/ai/Trackey/trackey/research/EXTRACTED_HMDB51_FEATURES/kick_kick__Baddest_Fight_Scenes_EVER!_-_Kickboxer_-_Part_1_of_2_kick_u_cm_np1_ri_med_12.pt,kick,20
/data/dev/projects/ai/Trackey/trackey/research/EXTRACTED_HMDB51_FEATURES/kick_kick__Baddest_Fight_Scenes_EVER!_-_Kickboxer_-_Part_1_of_2_kick_u_cm_np1_ri_med_9.pt,kick,20
/data/dev/projects/ai/Trackey/trackey/research/EXTRACTED_HMDB51_FEATURES/kick_kick__Best_CHUCK_NORRIS_kick_to_the_nuts!_kick_f_cm_np1_ba_goo_0.pt,kick,20
/data/dev/projects/ai/Trackey/trackey/research/EXTRACTED_HMDB51_FEATURES/kick_kick__Best_CHUCK_NORRIS_kick_to_the_nuts!_kick_f_cm_np1_ba_med_2.pt,kick,20
/data/dev/projects/ai/Trackey/trackey/research/EXTRACTED_HMDB51_FEATURES/kick_kick__Best_CHUCK_NORRIS_kick_to_the_nuts!_kick_f_cm_np1_ba_med_3.pt,kick,20
/data/dev/projects/ai/Trackey/trackey/research/EXTRACTED_HMDB51_FEATURES/kick_kick__Best_CHUCK_NORRIS_kick_to_the_nuts!_kick_f_cm_np1_fr_med_1.pt,kick,20
/data/dev/projects/ai/Trackey/trackey/research/EXTRACTED_HMDB51_FEATURES/kick_kick__Best_fight_scene_of_all_time_kick_f_cm_np1_ba_bad_11.pt,kick,20
/data/dev/projects/ai/Trackey/trackey/research/EXTRACTED_HMDB51_FEATURES/kick_kick__Best_fight_scene_of_all_time_kick_f_cm_np1_ba_bad_7.pt,kick,20
/data/dev/projects/ai/Trackey/trackey/research/EXTRACTED_HMDB51_FEATURES/kick_kick__Best_fight_scene_of_all_time_kick_f_cm_np1_fr_bad_10.pt,kick,20
/data/dev/projects/ai/Trackey/trackey/research/EXTRACTED_HMDB51_FEATURES/kick_kick__Best_fight_scene_of_all_time_kick_f_cm_np1_fr_bad_14.pt,kick,20
/data/dev/projects/ai/Trackey/trackey/research/EXTRACTED_HMDB51_FEATURES/kick_kick__Best_fight_scene_of_all_time_kick_f_cm_np1_fr_bad_5.pt,kick,20
/data/dev/projects/ai/Trackey/trackey/research/EXTRACTED_HMDB51_FEATURES/kick_kick__Best_fight_scene_of_all_time_kick_f_cm_np1_le_bad_0.pt,kick,20
/data/dev/projects/ai/Trackey/trackey/research/EXTRACTED_HMDB51_FEATURES/kick_kick__Best_fight_scene_of_all_time_kick_f_cm_np1_le_bad_6.pt,kick,20
/data/dev/projects/ai/Trackey/trackey/research/EXTRACTED_HMDB51_FEATURES/kick_kick__Best_fight_scene_of_all_time_kick_f_cm_np1_le_bad_8.pt,kick,20
/data/dev/projects/ai/Trackey/trackey/research/EXTRACTED_HMDB51_FEATURES/kick_kick__Best_fight_scene_of_all_time_kick_f_cm_np1_le_bad_9.pt,kick,20
/data/dev/projects/ai/Trackey/trackey/research/EXTRACTED_HMDB51_FEATURES/kick_kick__Best_fight_scene_of_all_time_kick_f_cm_np1_ri_bad_1.pt,kick,20
/data/dev/projects/ai/Trackey/trackey/research/EXTRACTED_HMDB51_FEATURES/kick_kick__Best_fight_scene_of_all_time_kick_f_cm_np1_ri_bad_15.pt,kick,20
/data/dev/projects/ai/Trackey/trackey/research/EXTRACTED_HMDB51_FEATURES/kick_kick__Best_fight_scene_of_all_time_kick_f_cm_np1_ri_bad_2.pt,kick,20
/data/dev/projects/ai/Trackey/trackey/research/EXTRACTED_HMDB51_FEATURES/kick_kick__Best_fight_scene_of_all_time_kick_f_cm_np1_ri_bad_3.pt,kick,20
/data/dev/projects/ai/Trackey/trackey/research/EXTRACTED_HMDB51_FEATURES/kick_kick__Best_fight_scene_of_all_time_kick_f_cm_np1_ri_bad_4.pt,kick,20
/data/dev/projects/ai/Trackey/trackey/research/EXTRACTED_HMDB51_FEATURES/kick_kick__Best_fight_scene_of_all_time_kick_u_cm_np1_fr_bad_12.pt,kick,20
/data/dev/projects/ai/Trackey/trackey/research/EXTRACTED_HMDB51_FEATURES/kick_kick__Best_fight_scene_of_all_time_kick_u_cm_np1_fr_bad_13.pt,kick,20
/data/dev/projects/ai/Trackey/trackey/research/EXTRACTED_HMDB51_FEATURES/kick_kick__Bruce_Lee_Kick_kick_u_cm_np1_fr_med_0.pt,kick,20
/data/dev/projects/ai/Trackey/trackey/research/EXTRACTED_HMDB51_FEATURES/kick_kick__Bruce_Lee_sidekick_kick_f_cm_np1_ri_med_1.pt,kick,20
/data/dev/projects/ai/Trackey/trackey/research/EXTRACTED_HMDB51_FEATURES/kick_kick__Bruce_Lee_sidekick_kick_f_nm_np1_ri_med_0.pt,kick,20
/data/dev/projects/ai/Trackey/trackey/research/EXTRACTED_HMDB51_FEATURES/kick_kick__bruce_lee_v_s_japanese_kick_f_cm_np1_ba_bad_10.pt,kick,20
/data/dev/projects/ai/Trackey/trackey/research/EXTRACTED_HMDB51_FEATURES/kick_kick__bruce_lee_v_s_japanese_kick_f_cm_np1_ba_bad_14.pt,kick,20
/data/dev/projects/ai/Trackey/trackey/research/EXTRACTED_HMDB51_FEATURES/kick_kick__bruce_lee_v_s_japanese_kick_f_cm_np1_ba_bad_15.pt,kick,20
/data/dev/projects/ai/Trackey/trackey/research/EXTRACTED_HMDB51_FEATURES/kick_kick__bruce_lee_v_s_japanese_kick_f_cm_np1_le_bad_11.pt,kick,20
/data/dev/projects/ai/Trackey/trackey/research/EXTRACTED_HMDB51_FEATURES/kick_kick__bruce_lee_v_s_japanese_kick_f_cm_np1_le_bad_13.pt,kick,20
/data/dev/projects/ai/Trackey/trackey/research/EXTRACTED_HMDB51_FEATURES/kick_kick__bruce_lee_v_s_japanese_kick_f_cm_np1_le_bad_17.pt,kick,20
/data/dev/projects/ai/Trackey/trackey/research/EXTRACTED_HMDB51_FEATURES/kick_kick__bruce_lee_v_s_japanese_kick_f_cm_np1_le_bad_19.pt,kick,20
/data/dev/projects/ai/Trackey/trackey/research/EXTRACTED_HMDB51_FEATURES/kick_kick__bruce_lee_v_s_japanese_kick_f_cm_np1_ri_bad_12.pt,kick,20
/data/dev/projects/ai/Trackey/trackey/research/EXTRACTED_HMDB51_FEATURES/kick_kick__bruce_lee_v_s_japanese_kick_f_cm_np1_ri_bad_18.pt,kick,20
/data/dev/projects/ai/Trackey/trackey/research/EXTRACTED_HMDB51_FEATURES/kick_kick__bruce_lee_v_s_japanese_kick_f_cm_np1_ri_bad_6.pt,kick,20
/data/dev/projects/ai/Trackey/trackey/research/EXTRACTED_HMDB51_FEATURES/kick_kick__bruce_lee_v_s_japanese_kick_f_cm_np1_ri_bad_7.pt,kick,20
/data/dev/projects/ai/Trackey/trackey/research/EXTRACTED_HMDB51_FEATURES/kick_kick__bruce_lee_v_s_japanese_kick_u_cm_np1_fr_bad_5.pt,kick,20
/data/dev/projects/ai/Trackey/trackey/research/EXTRACTED_HMDB51_FEATURES/kick_kick__bruce_lee_v_s_japanese_kick_u_cm_np1_le_bad_16.pt,kick,20
/data/dev/projects/ai/Trackey/trackey/research/EXTRACTED_HMDB51_FEATURES/kick_kick__bruce_lee_v_s_japanese_kick_u_cm_np1_ri_bad_0.pt,kick,20
/data/dev/projects/ai/Trackey/trackey/research/EXTRACTED_HMDB51_FEATURES/kick_kick__bruce_lee_v_s_japanese_kick_u_cm_np1_ri_bad_1.pt,kick,20
/data/dev/projects/ai/Trackey/trackey/research/EXTRACTED_HMDB51_FEATURES/kick_kick__bruce_lee_v_s_japanese_kick_u_cm_np1_ri_bad_8.pt,kick,20
/data/dev/projects/ai/Trackey/trackey/research/EXTRACTED_HMDB51_FEATURES/kick_kick__bruce_lee_v_s_japanese_kick_u_cm_np1_ri_bad_9.pt,kick,20
/data/dev/projects/ai/Trackey/trackey/research/EXTRACTED_HMDB51_FEATURES/kick_ball_Amazing_Soccer_#2_kick_ball_f_cm_np1_ba_bad_5.pt,kick_ball,21
/data/dev/projects/ai/Trackey/trackey/research/EXTRACTED_HMDB51_FEATURES/kick_ball_Amazing_Soccer_#2_kick_ball_f_cm_np1_fr_bad_1.pt,kick_ball,21
/data/dev/projects/ai/Trackey/trackey/research/EXTRACTED_HMDB51_FEATURES/kick_ball_Amazing_Soccer_#2_kick_ball_f_cm_np1_fr_bad_3.pt,kick_ball,21
/data/dev/projects/ai/Trackey/trackey/research/EXTRACTED_HMDB51_FEATURES/kick_ball_Amazing_Soccer_#2_kick_ball_f_cm_np1_fr_bad_4.pt,kick_ball,21
/data/dev/projects/ai/Trackey/trackey/research/EXTRACTED_HMDB51_FEATURES/kick_ball_Amazing_Soccer_#2_kick_ball_f_cm_np1_fr_bad_6.pt,kick_ball,21
/data/dev/projects/ai/Trackey/trackey/research/EXTRACTED_HMDB51_FEATURES/kick_ball_Amazing_Soccer_#2_kick_ball_f_cm_np1_le_bad_2.pt,kick_ball,21
/data/dev/projects/ai/Trackey/trackey/research/EXTRACTED_HMDB51_FEATURES/kick_ball_Amazing_Soccer_#2_kick_ball_u_cm_np1_ba_bad_0.pt,kick_ball,21
/data/dev/projects/ai/Trackey/trackey/research/EXTRACTED_HMDB51_FEATURES/kick_ball_Awesome_Amazing_Great_Soccer_Free_Kicks_kick_ball_f_cm_np1_ba_bad_0.pt,kick_ball,21
/data/dev/projects/ai/Trackey/trackey/research/EXTRACTED_HMDB51_FEATURES/kick_ball_BRIAN_CLOUGH_-_ON_THE_TRAINING_GROUND_kick_ball_f_cm_np1_ri_med_0.pt,kick_ball,21
/data/dev/projects/ai/Trackey/trackey/research/EXTRACTED_HMDB51_FEATURES/kick_ball_Banned_Commercials_-_Nike_-_Soccer_vs_ninjas_kick_ball_f_cm_np1_le_med_6.pt,kick_ball,21
/data/dev/projects/ai/Trackey/trackey/research/EXTRACTED_HMDB51_FEATURES/kick_ball_Banned_Commercials_-_Nike_-_Soccer_vs_ninjas_kick_ball_f_cm_np1_ri_goo_5.pt,kick_ball,21
/data/dev/projects/ai/Trackey/trackey/research/EXTRACTED_HMDB51_FEATURES/kick_ball_Banned_Commercials_-_Nike_-_Soccer_vs_ninjas_kick_ball_f_cm_np1_ri_med_4.pt,kick_ball,21
/data/dev/projects/ai/Trackey/trackey/research/EXTRACTED_HMDB51_FEATURES/kick_ball_Banned_Commercials_-_Nike_-_Soccer_vs_ninjas_kick_ball_f_nm_np1_fr_bad_7.pt,kick_ball,21
/data/dev/projects/ai/Trackey/trackey/research/EXTRACTED_HMDB51_FEATURES/kick_ball_Banned_Commercials_-_Nike_-_Soccer_vs_ninjas_kick_ball_f_nm_np1_fr_goo_0.pt,kick_ball,21
/data/dev/projects/ai/Trackey/trackey/research/EXTRACTED_HMDB51_FEATURES/kick_ball_Banned_Commercials_-_Nike_-_Soccer_vs_ninjas_kick_ball_f_nm_np1_fr_goo_1.pt,kick_ball,21
/data/dev/projects/ai/Trackey/trackey/research/EXTRACTED_HMDB51_FEATURES/kick_ball_Banned_Commercials_-_Nike_-_Soccer_vs_ninjas_kick_ball_f_nm_np1_fr_goo_2.pt,kick_ball,21
/data/dev/projects/ai/Trackey/trackey/research/EXTRACTED_HMDB51_FEATURES/kick_ball_Banned_Commercials_-_Nike_-_Soccer_vs_ninjas_kick_ball_f_nm_np1_fr_goo_3.pt,kick_ball,21
/data/dev/projects/ai/Trackey/trackey/research/EXTRACTED_HMDB51_FEATURES/kick_ball_Banned_Commercials_-_Nike_-_Soccer_vs_ninjas_kick_ball_f_nm_np1_fr_med_8.pt,kick_ball,21
/data/dev/projects/ai/Trackey/trackey/research/EXTRACTED_HMDB51_FEATURES/kick_ball_Britney_Spears_-_Comercial_Pepsi_soccer_kick_ball_f_nm_np1_ba_med_0.pt,kick_ball,21
/data/dev/projects/ai/Trackey/trackey/research/EXTRACTED_HMDB51_FEATURES/kick_ball_Britney_Spears_-_Comercial_Pepsi_soccer_kick_ball_f_nm_np1_fr_med_1.pt,kick_ball,21
/data/dev/projects/ai/Trackey/trackey/research/EXTRACTED_HMDB51_FEATURES/kick_ball_Britney_Spears_-_Comercial_Pepsi_soccer_kick_ball_f_nm_np1_fr_med_2.pt,kick_ball,21
/data/dev/projects/ai/Trackey/trackey/research/EXTRACTED_HMDB51_FEATURES/kick_ball_Britney_Spears_-_Comercial_Pepsi_soccer_kick_ball_f_nm_np1_fr_med_3.pt,kick_ball,21
/data/dev/projects/ai/Trackey/trackey/research/EXTRACTED_HMDB51_FEATURES/kick_ball_Britney_Spears_-_Comercial_Pepsi_soccer_kick_ball_f_nm_np1_fr_med_4.pt,kick_ball,21
/data/dev/projects/ai/Trackey/trackey/research/EXTRACTED_HMDB51_FEATURES/kick_ball_Britney_Spears_-_Comercial_Pepsi_soccer_kick_ball_l_nm_np1_fr_med_5.pt,kick_ball,21
/data/dev/projects/ai/Trackey/trackey/research/EXTRACTED_HMDB51_FEATURES/kick_ball_DWK_1_-_Der_ganze_Film_(Part_8_9)_kick_ball_f_cm_np1_ba_goo_0.pt,kick_ball,21
/data/dev/projects/ai/Trackey/trackey/research/EXTRACTED_HMDB51_FEATURES/kick_ball_Das_Wunder_von_Bern_(Deutschland_2002_2003)_kick_ball_f_cm_np1_fr_goo_2.pt,kick_ball,21
/data/dev/projects/ai/Trackey/trackey/research/EXTRACTED_HMDB51_FEATURES/kick_ball_Das_Wunder_von_Bern_(Deutschland_2002_2003)_kick_ball_f_cm_np1_le_med_1.pt,kick_ball,21
/data/dev/projects/ai/Trackey/trackey/research/EXTRACTED_HMDB51_FEATURES/kick_ball_Das_Wunder_von_Bern_(Deutschland_2002_2003)_kick_ball_f_cm_np1_ri_goo_3.pt,kick_ball,21
/data/dev/projects/ai/Trackey/trackey/research/EXTRACTED_HMDB51_FEATURES/kick_ball_Das_Wunder_von_Bern_(Deutschland_2002_2003)_kick_ball_f_cm_np3_fr_med_0.pt,kick_ball,21
/data/dev/projects/ai/Trackey/trackey/research/EXTRACTED_HMDB51_FEATURES/kick_ball_Der_f_nfte_Spieltag_kick_ball_f_cm_np1_ri_goo_0.pt,kick_ball,21
/data/dev/projects/ai/Trackey/trackey/research/EXTRACTED_HMDB51_FEATURES/kick_ball_Der_f_nfte_Spieltag_kick_ball_f_cm_np1_ri_goo_2.pt,kick_ball,21
/data/dev/projects/ai/Trackey/trackey/research/EXTRACTED_HMDB51_FEATURES/kick_ball_Der_f_nfte_Spieltag_kick_ball_f_cm_np2_ba_med_3.pt,kick_ball,21
/data/dev/projects/ai/Trackey/trackey/research/EXTRACTED_HMDB51_FEATURES/kick_ball_Der_f_nfte_Spieltag_kick_ball_f_cm_np2_le_med_1.pt,kick_ball,21
/data/dev/projects/ai/Trackey/trackey/research/EXTRACTED_HMDB51_FEATURES/kick_ball_Dhan_Dhana_Dhan_Goal_(2007)_w__Eng_Sub_-_Watch_Online_-_3_16_kick_ball_f_cm_np1_fr_goo_0.pt,kick_ball,21
/data/dev/projects/ai/Trackey/trackey/research/EXTRACTED_HMDB51_FEATURES/kick_ball_Dhan_Dhana_Dhan_Goal_(2007)_w__Eng_Sub_-_Watch_Online_-_3_16_kick_ball_f_cm_np1_fr_med_1.pt,kick_ball,21
/data/dev/projects/ai/Trackey/trackey/research/EXTRACTED_HMDB51_FEATURES/kick_ball_Dhan_Dhana_Dhan_Goal_(2007)_w__Eng_Sub_-_Watch_Online_-_3_16_kick_ball_f_cm_np1_le_med_2.pt,kick_ball,21
/data/dev/projects/ai/Trackey/trackey/research/EXTRACTED_HMDB51_FEATURES/kick_ball_Dhan_Dhana_Dhan_Goal_(2007)_w__Eng_Sub_-_Watch_Online_-_4_16_kick_ball_f_cm_np1_fr_goo_3.pt,kick_ball,21
/data/dev/projects/ai/Trackey/trackey/research/EXTRACTED_HMDB51_FEATURES/kick_ball_Dhan_Dhana_Dhan_Goal_(2007)_w__Eng_Sub_-_Watch_Online_-_4_16_kick_ball_f_cm_np1_le_med_1.pt,kick_ball,21
/data/dev/projects/ai/Trackey/trackey/research/EXTRACTED_HMDB51_FEATURES/kick_ball_Dhan_Dhana_Dhan_Goal_(2007)_w__Eng_Sub_-_Watch_Online_-_4_16_kick_ball_f_cm_np1_ri_goo_0.pt,kick_ball,21
/data/dev/projects/ai/Trackey/trackey/research/EXTRACTED_HMDB51_FEATURES/kick_ball_Dhan_Dhana_Dhan_Goal_(2007)_w__Eng_Sub_-_Watch_Online_-_4_16_kick_ball_f_cm_np1_ri_goo_2.pt,kick_ball,21
/data/dev/projects/ai/Trackey/trackey/research/EXTRACTED_HMDB51_FEATURES/kick_ball_Dhan_Dhana_Dhan_Goal_(2007)_w__Eng_Sub_-_Watch_Online_-_8_16_kick_ball_f_cm_np1_fr_goo_0.pt,kick_ball,21
/data/dev/projects/ai/Trackey/trackey/research/EXTRACTED_HMDB51_FEATURES/kick_ball_Dhan_Dhana_Dhan_Goal_(2007)_w__Eng_Sub_-_Watch_Online_-_8_16_kick_ball_l_cm_np1_ri_med_1.pt,kick_ball,21
/data/dev/projects/ai/Trackey/trackey/research/EXTRACTED_HMDB51_FEATURES/kick_ball_Eine_andere_Liga_(10_10)_kick_ball_f_cm_np1_fr_med_1.pt,kick_ball,21
/data/dev/projects/ai/Trackey/trackey/research/EXTRACTED_HMDB51_FEATURES/kick_ball_Eine_andere_Liga_(10_10)_kick_ball_f_cm_np1_le_bad_0.pt,kick_ball,21
/data/dev/projects/ai/Trackey/trackey/research/EXTRACTED_HMDB51_FEATURES/kick_ball_FC_Venus_-_Ausschnitt_Teil_2_kick_ball_f_cm_np1_fr_med_0.pt,kick_ball,21
/data/dev/projects/ai/Trackey/trackey/research/EXTRACTED_HMDB51_FEATURES/kick_ball_FC_Venus_-_Ausschnitt_Teil_3_kick_ball_l_cm_np1_fr_med_0.pt,kick_ball,21
/data/dev/projects/ai/Trackey/trackey/research/EXTRACTED_HMDB51_FEATURES/kick_ball_FIFA_11_Gamescom-Trailer_kick_ball_f_cm_np1_ba_bad_1.pt,kick_ball,21
/data/dev/projects/ai/Trackey/trackey/research/EXTRACTED_HMDB51_FEATURES/kick_ball_FIFA_11_Gamescom-Trailer_kick_ball_f_cm_np1_ba_med_0.pt,kick_ball,21
/data/dev/projects/ai/Trackey/trackey/research/EXTRACTED_HMDB51_FEATURES/kick_ball_FIFA_11_Gamescom-Trailer_kick_ball_f_cm_np1_ba_med_2.pt,kick_ball,21
/data/dev/projects/ai/Trackey/trackey/research/EXTRACTED_HMDB51_FEATURES/kick_ball_FIFA_11_Gamescom-Trailer_kick_ball_f_cm_np1_ba_med_3.pt,kick_ball,21
/data/dev/projects/ai/Trackey/trackey/research/EXTRACTED_HMDB51_FEATURES/kick_ball_FIFA_11_Gamescom-Trailer_kick_ball_f_cm_np1_ba_med_4.pt,kick_ball,21
/data/dev/projects/ai/Trackey/trackey/research/EXTRACTED_HMDB51_FEATURES/kick_ball_FOOT_2009_(REMI_GAILLARD)_kick_ball_f_cm_np1_ba_bad_1.pt,kick_ball,21
/data/dev/projects/ai/Trackey/trackey/research/EXTRACTED_HMDB51_FEATURES/kick_ball_FOOT_2009_(REMI_GAILLARD)_kick_ball_f_cm_np1_ba_bad_2.pt,kick_ball,21
/data/dev/projects/ai/Trackey/trackey/research/EXTRACTED_HMDB51_FEATURES/kick_ball_FOOT_2009_(REMI_GAILLARD)_kick_ball_f_cm_np1_fr_bad_0.pt,kick_ball,21
/data/dev/projects/ai/Trackey/trackey/research/EXTRACTED_HMDB51_FEATURES/kick_ball_FOOT_2009_(REMI_GAILLARD)_kick_ball_f_cm_np1_fr_bad_3.pt,kick_ball,21
/data/dev/projects/ai/Trackey/trackey/research/EXTRACTED_HMDB51_FEATURES/kick_ball_FOOT_2009_(REMI_GAILLARD)_kick_ball_f_cm_np1_fr_bad_4.pt,kick_ball,21
/data/dev/projects/ai/Trackey/trackey/research/EXTRACTED_HMDB51_FEATURES/kick_ball_GOAL_2_living_the_dream_movie_part_2_kick_ball_f_cm_np1_fr_bad_2.pt,kick_ball,21
/data/dev/projects/ai/Trackey/trackey/research/EXTRACTED_HMDB51_FEATURES/kick_ball_GOAL_2_living_the_dream_movie_part_2_kick_ball_f_cm_np1_fr_med_3.pt,kick_ball,21
/data/dev/projects/ai/Trackey/trackey/research/EXTRACTED_HMDB51_FEATURES/kick_ball_GOAL_2_living_the_dream_movie_part_9_kick_ball_f_cm_np1_fr_med_0.pt,kick_ball,21
/data/dev/projects/ai/Trackey/trackey/research/EXTRACTED_HMDB51_FEATURES/kick_ball_Goal_1_&_2_kick_ball_f_cm_np1_fr_goo_2.pt,kick_ball,21
/data/dev/projects/ai/Trackey/trackey/research/EXTRACTED_HMDB51_FEATURES/kick_ball_Goal_1_&_2_kick_ball_f_cm_np3_ri_med_3.pt,kick_ball,21
/data/dev/projects/ai/Trackey/trackey/research/EXTRACTED_HMDB51_FEATURES/kick_ball_Goal_1_&_2_kick_ball_f_cm_np4_fr_med_0.pt,kick_ball,21
/data/dev/projects/ai/Trackey/trackey/research/EXTRACTED_HMDB51_FEATURES/kick_ball_Goal_1_&_2_kick_ball_l_cm_np2_le_bad_1.pt,kick_ball,21
/data/dev/projects/ai/Trackey/trackey/research/EXTRACTED_HMDB51_FEATURES/kick_ball_How_to_Shoot_Penalty_Kicks_kick_ball_f_cm_np1_ba_bad_0.pt,kick_ball,21
/data/dev/projects/ai/Trackey/trackey/research/EXTRACTED_HMDB51_FEATURES/kick_ball_How_to_Shoot_Penalty_Kicks_kick_ball_f_cm_np1_ba_bad_1.pt,kick_ball,21
/data/dev/projects/ai/Trackey/trackey/research/EXTRACTED_HMDB51_FEATURES/kick_ball_How_to_Shoot_Penalty_Kicks_kick_ball_f_cm_np1_ba_bad_2.pt,kick_ball,21
/data/dev/projects/ai/Trackey/trackey/research/EXTRACTED_HMDB51_FEATURES/kick_ball_How_to_Shoot_Penalty_Kicks_kick_ball_f_cm_np1_ba_bad_3.pt,kick_ball,21
/data/dev/projects/ai/Trackey/trackey/research/EXTRACTED_HMDB51_FEATURES/kick_ball_How_to_Shoot_Penalty_Kicks_kick_ball_f_cm_np1_ba_bad_4.pt,kick_ball,21
/data/dev/projects/ai/Trackey/trackey/research/EXTRACTED_HMDB51_FEATURES/kick_ball_How_to_Shoot_Penalty_Kicks_kick_ball_f_cm_np1_ba_bad_5.pt,kick_ball,21
/data/dev/projects/ai/Trackey/trackey/research/EXTRACTED_HMDB51_FEATURES/kick_ball_How_to_kick_a_soccer_ball_the_right_way_kick_ball_l_nm_np1_ba_bad_0.pt,kick_ball,21
/data/dev/projects/ai/Trackey/trackey/research/EXTRACTED_HMDB51_FEATURES/kick_ball_LONGESTYARD_kick_ball_f_cm_np1_fr_bad_30.pt,kick_ball,21
/data/dev/projects/ai/Trackey/trackey/research/EXTRACTED_HMDB51_FEATURES/kick_ball_LONGESTYARD_kick_ball_f_cm_np1_le_bad_9.pt,kick_ball,21
/data/dev/projects/ai/Trackey/trackey/research/EXTRACTED_HMDB51_FEATURES/kick_ball_Lattenknaller_-_M_nner_wie_wir_(Teil_11)_kick_ball_f_cm_np1_fr_goo_0.pt,kick_ball,21
/data/dev/projects/ai/Trackey/trackey/research/EXTRACTED_HMDB51_FEATURES/kick_ball_Lattenknaller_-_M_nner_wie_wir_(Teil_11)_kick_ball_f_cm_np1_ri_med_2.pt,kick_ball,21
/data/dev/projects/ai/Trackey/trackey/research/EXTRACTED_HMDB51_FEATURES/kick_ball_Lattenknaller_-_M_nner_wie_wir_(Teil_11)_kick_ball_f_cm_np5_le_med_1.pt,kick_ball,21
/data/dev/projects/ai/Trackey/trackey/research/EXTRACTED_HMDB51_FEATURES/kick_ball_Lattenknaller_-_M_nner_wie_wir_(Teil_11)_kick_ball_f_cm_np5_le_med_3.pt,kick_ball,21
/data/dev/projects/ai/Trackey/trackey/research/EXTRACTED_HMDB51_FEATURES/kick_ball_LittleChildren_kick_ball_l_cm_np1_ri_bad_4.pt,kick_ball,21
/data/dev/projects/ai/Trackey/trackey/research/EXTRACTED_HMDB51_FEATURES/kick_ball_Manchester_United_vs_Chelsea_Champion_League_final_2008_penalty_shootout_kick_ball_f_nm_np1_ba_bad_0.pt,kick_ball,21
/data/dev/projects/ai/Trackey/trackey/research/EXTRACTED_HMDB51_FEATURES/kick_ball_Manchester_United_vs_Chelsea_Champion_League_final_2008_penalty_shootout_kick_ball_f_nm_np1_ba_bad_1.pt,kick_ball,21
/data/dev/projects/ai/Trackey/trackey/research/EXTRACTED_HMDB51_FEATURES/kick_ball_Manchester_United_vs_Chelsea_Champion_League_final_2008_penalty_shootout_kick_ball_f_nm_np1_ba_bad_2.pt,kick_ball,21
/data/dev/projects/ai/Trackey/trackey/research/EXTRACTED_HMDB51_FEATURES/kick_ball_Mean_Machine_2001_(Part_10)_kick_ball_l_cm_np2_ri_med_0.pt,kick_ball,21
/data/dev/projects/ai/Trackey/trackey/research/EXTRACTED_HMDB51_FEATURES/kick_ball_Mean_Machine_2001_(Part_9)_kick_ball_f_cm_np3_le_bad_0.pt,kick_ball,21
/data/dev/projects/ai/Trackey/trackey/research/EXTRACTED_HMDB51_FEATURES/kick_ball_Mean_Machine_2001_(Part_9)_kick_ball_f_cm_np3_ri_med_1.pt,kick_ball,21
/data/dev/projects/ai/Trackey/trackey/research/EXTRACTED_HMDB51_FEATURES/kick_ball_Mean_Machine_2001_(Part_9)_kick_ball_l_cm_np2_fr_med_3.pt,kick_ball,21
/data/dev/projects/ai/Trackey/trackey/research/EXTRACTED_HMDB51_FEATURES/kick_ball_Mean_Machine_2001_(Part_9)_kick_ball_l_cm_np2_ri_goo_2.pt,kick_ball,21
/data/dev/projects/ai/Trackey/trackey/research/EXTRACTED_HMDB51_FEATURES/kick_ball_Nike_Soccer_Commercial_-_Good_vs__Evil_kick_ball_f_cm_np1_fr_med_0.pt,kick_ball,21
/data/dev/projects/ai/Trackey/trackey/research/EXTRACTED_HMDB51_FEATURES/kick_ball_Nike_Soccer_Commercial_-_Good_vs__Evil_kick_ball_f_cm_np1_fr_med_2.pt,kick_ball,21
/data/dev/projects/ai/Trackey/trackey/research/EXTRACTED_HMDB51_FEATURES/kick_ball_Nike_Soccer_Commercial_-_Good_vs__Evil_kick_ball_f_cm_np1_fr_med_3.pt,kick_ball,21
/data/dev/projects/ai/Trackey/trackey/research/EXTRACTED_HMDB51_FEATURES/kick_ball_Nike_Soccer_Commercial_-_Good_vs__Evil_kick_ball_f_cm_np1_le_med_1.pt,kick_ball,21
/data/dev/projects/ai/Trackey/trackey/research/EXTRACTED_HMDB51_FEATURES/kick_ball_Nike_Soccer_Freestyle_kick_ball_f_cm_np1_ba_med_1.pt,kick_ball,21
/data/dev/projects/ai/Trackey/trackey/research/EXTRACTED_HMDB51_FEATURES/kick_ball_Nike_Soccer_Freestyle_kick_ball_f_cm_np1_fr_med_0.pt,kick_ball,21
/data/dev/projects/ai/Trackey/trackey/research/EXTRACTED_HMDB51_FEATURES/kick_ball_Nike_Soccer_Freestyle_kick_ball_f_cm_np1_fr_med_3.pt,kick_ball,21
/data/dev/projects/ai/Trackey/trackey/research/EXTRACTED_HMDB51_FEATURES/kick_ball_Nike_Soccer_Freestyle_kick_ball_f_cm_np1_le_med_2.pt,kick_ball,21
/data/dev/projects/ai/Trackey/trackey/research/EXTRACTED_HMDB51_FEATURES/kick_ball_Nike_Soccer_Freestyle_kick_ball_f_cm_np1_ri_med_4.pt,kick_ball,21
/data/dev/projects/ai/Trackey/trackey/research/EXTRACTED_HMDB51_FEATURES/kick_ball_Ribery_Torwandschiessen_Sportstudio_kick_ball_f_cm_np1_fr_med_0.pt,kick_ball,21
/data/dev/projects/ai/Trackey/trackey/research/EXTRACTED_HMDB51_FEATURES/kick_ball_Ribery_Torwandschiessen_Sportstudio_kick_ball_f_nm_np1_ba_goo_1.pt,kick_ball,21
/data/dev/projects/ai/Trackey/trackey/research/EXTRACTED_HMDB51_FEATURES/kick_ball_Ribery_Torwandschiessen_Sportstudio_kick_ball_f_nm_np1_ba_goo_2.pt,kick_ball,21
/data/dev/projects/ai/Trackey/trackey/research/EXTRACTED_HMDB51_FEATURES/kick_ball_Ribery_Torwandschiessen_Sportstudio_kick_ball_f_nm_np1_ba_med_10.pt,kick_ball,21
/data/dev/projects/ai/Trackey/trackey/research/EXTRACTED_HMDB51_FEATURES/kick_ball_Ribery_Torwandschiessen_Sportstudio_kick_ball_f_nm_np1_ba_med_3.pt,kick_ball,21
/data/dev/projects/ai/Trackey/trackey/research/EXTRACTED_HMDB51_FEATURES/kick_ball_Ribery_Torwandschiessen_Sportstudio_kick_ball_f_nm_np1_ba_med_4.pt,kick_ball,21
/data/dev/projects/ai/Trackey/trackey/research/EXTRACTED_HMDB51_FEATURES/kick_ball_Ribery_Torwandschiessen_Sportstudio_kick_ball_f_nm_np1_ba_med_5.pt,kick_ball,21
/data/dev/projects/ai/Trackey/trackey/research/EXTRACTED_HMDB51_FEATURES/kick_ball_Ribery_Torwandschiessen_Sportstudio_kick_ball_f_nm_np1_ba_med_7.pt,kick_ball,21
/data/dev/projects/ai/Trackey/trackey/research/EXTRACTED_HMDB51_FEATURES/kick_ball_Ribery_Torwandschiessen_Sportstudio_kick_ball_f_nm_np1_ba_med_9.pt,kick_ball,21
/data/dev/projects/ai/Trackey/trackey/research/EXTRACTED_HMDB51_FEATURES/kick_ball_Ribery_Torwandschiessen_Sportstudio_kick_ball_l_nm_np1_ba_med_6.pt,kick_ball,21
/data/dev/projects/ai/Trackey/trackey/research/EXTRACTED_HMDB51_FEATURES/kick_ball_Ribery_Torwandschiessen_Sportstudio_kick_ball_l_nm_np1_ba_med_8.pt,kick_ball,21
/data/dev/projects/ai/Trackey/trackey/research/EXTRACTED_HMDB51_FEATURES/kick_ball_The_Damned_United___HQ___Clip_Two-_Be_The_Best_kick_ball_u_cm_np2_ri_goo_0.pt,kick_ball,21
/data/dev/projects/ai/Trackey/trackey/research/EXTRACTED_HMDB51_FEATURES/kick_ball_The_Monk_Best_Bits_2_kick_ball_f_cm_np2_ri_med_2.pt,kick_ball,21
/data/dev/projects/ai/Trackey/trackey/research/EXTRACTED_HMDB51_FEATURES/kick_ball_The_Monk_Best_Bits_2_kick_ball_f_cm_np3_fr_med_0.pt,kick_ball,21
/data/dev/projects/ai/Trackey/trackey/research/EXTRACTED_HMDB51_FEATURES/kick_ball_The_Monk_Best_Bits_2_kick_ball_f_cm_np5_le_goo_1.pt,kick_ball,21
/data/dev/projects/ai/Trackey/trackey/research/EXTRACTED_HMDB51_FEATURES/kick_ball_The_Monk_Best_Bits_2_kick_ball_l_cm_np1_le_bad_3.pt,kick_ball,21
/data/dev/projects/ai/Trackey/trackey/research/EXTRACTED_HMDB51_FEATURES/kick_ball_Wayne_Rooney_At_Home_Funny_Must_See_kick_ball_f_cm_np1_ba_med_6.pt,kick_ball,21
/data/dev/projects/ai/Trackey/trackey/research/EXTRACTED_HMDB51_FEATURES/kick_ball_Wayne_Rooney_At_Home_Funny_Must_See_kick_ball_f_cm_np1_le_bad_4.pt,kick_ball,21
/data/dev/projects/ai/Trackey/trackey/research/EXTRACTED_HMDB51_FEATURES/kick_ball_Wayne_Rooney_At_Home_Funny_Must_See_kick_ball_f_cm_np1_le_bad_5.pt,kick_ball,21
/data/dev/projects/ai/Trackey/trackey/research/EXTRACTED_HMDB51_FEATURES/kick_ball_funny_soccer_commercial_kick_ball_f_cm_np1_fr_med_0.pt,kick_ball,21
/data/dev/projects/ai/Trackey/trackey/research/EXTRACTED_HMDB51_FEATURES/kick_ball_funny_soccer_commercial_kick_ball_f_cm_np1_ri_med_1.pt,kick_ball,21
/data/dev/projects/ai/Trackey/trackey/research/EXTRACTED_HMDB51_FEATURES/kick_ball_goal_2_part_1_kick_ball_f_cm_np1_ba_bad_0.pt,kick_ball,21
/data/dev/projects/ai/Trackey/trackey/research/EXTRACTED_HMDB51_FEATURES/kick_ball_goal_2_part_1_kick_ball_f_cm_np1_fr_bad_1.pt,kick_ball,21
/data/dev/projects/ai/Trackey/trackey/research/EXTRACTED_HMDB51_FEATURES/kick_ball_likebeckam_kick_ball_f_nm_np1_ba_bad_39.pt,kick_ball,21
/data/dev/projects/ai/Trackey/trackey/research/EXTRACTED_HMDB51_FEATURES/kick_ball_likebeckam_kick_ball_f_nm_np1_fr_bad_13.pt,kick_ball,21
/data/dev/projects/ai/Trackey/trackey/research/EXTRACTED_HMDB51_FEATURES/kick_ball_likebeckam_kick_ball_f_nm_np1_fr_bad_18.pt,kick_ball,21
/data/dev/projects/ai/Trackey/trackey/research/EXTRACTED_HMDB51_FEATURES/kick_ball_likebeckam_kick_ball_f_nm_np1_fr_bad_19.pt,kick_ball,21
/data/dev/projects/ai/Trackey/trackey/research/EXTRACTED_HMDB51_FEATURES/kick_ball_metacafe_coolsoccer_kick_ball_f_cm_np1_ba_bad_10.pt,kick_ball,21
/data/dev/projects/ai/Trackey/trackey/research/EXTRACTED_HMDB51_FEATURES/kick_ball_metacafe_coolsoccer_kick_ball_f_cm_np1_ba_bad_4.pt,kick_ball,21
/data/dev/projects/ai/Trackey/trackey/research/EXTRACTED_HMDB51_FEATURES/kick_ball_metacafe_coolsoccer_kick_ball_f_cm_np1_ba_bad_7.pt,kick_ball,21
/data/dev/projects/ai/Trackey/trackey/research/EXTRACTED_HMDB51_FEATURES/kick_ball_metacafe_coolsoccer_kick_ball_f_nm_np1_ba_bad_5.pt,kick_ball,21
/data/dev/projects/ai/Trackey/trackey/research/EXTRACTED_HMDB51_FEATURES/kick_ball_metacafe_coolsoccer_kick_ball_u_cm_np1_ba_bad_9.pt,kick_ball,21
/data/dev/projects/ai/Trackey/trackey/research/EXTRACTED_HMDB51_FEATURES/kick_ball_pepsi_banned_soccer_commercial_kick_ball_f_cm_np1_fr_bad_0.pt,kick_ball,21
/data/dev/projects/ai/Trackey/trackey/research/EXTRACTED_HMDB51_FEATURES/kick_ball_pepsi_banned_soccer_commercial_kick_ball_f_nm_np1_le_bad_1.pt,kick_ball,21
/data/dev/projects/ai/Trackey/trackey/research/EXTRACTED_HMDB51_FEATURES/kiss_5GreatHollywoodKisses_kiss_h_cm_np2_ri_goo_1.pt,kiss,22
/data/dev/projects/ai/Trackey/trackey/research/EXTRACTED_HMDB51_FEATURES/kiss_5GreatHollywoodKisses_kiss_h_nm_np2_ri_goo_0.pt,kiss,22
/data/dev/projects/ai/Trackey/trackey/research/EXTRACTED_HMDB51_FEATURES/kiss_5GreatHollywoodKisses_kiss_u_nm_np2_ri_goo_2.pt,kiss,22
/data/dev/projects/ai/Trackey/trackey/research/EXTRACTED_HMDB51_FEATURES/kiss_A_Beautiful_Mind_3_kiss_h_cm_np2_le_goo_1.pt,kiss,22
/data/dev/projects/ai/Trackey/trackey/research/EXTRACTED_HMDB51_FEATURES/kiss_American_History_X_kiss_h_cm_np2_le_goo_40.pt,kiss,22
/data/dev/projects/ai/Trackey/trackey/research/EXTRACTED_HMDB51_FEATURES/kiss_BestKisses_kiss_h_cm_np2_fr_goo_7.pt,kiss,22
/data/dev/projects/ai/Trackey/trackey/research/EXTRACTED_HMDB51_FEATURES/kiss_BestKisses_kiss_h_cm_np2_fr_med_10.pt,kiss,22
/data/dev/projects/ai/Trackey/trackey/research/EXTRACTED_HMDB51_FEATURES/kiss_BestKisses_kiss_h_cm_np2_le_goo_19.pt,kiss,22
/data/dev/projects/ai/Trackey/trackey/research/EXTRACTED_HMDB51_FEATURES/kiss_BestKisses_kiss_h_cm_np2_le_goo_8.pt,kiss,22
/data/dev/projects/ai/Trackey/trackey/research/EXTRACTED_HMDB51_FEATURES/kiss_BestKisses_kiss_h_cm_np2_ri_goo_13.pt,kiss,22
/data/dev/projects/ai/Trackey/trackey/research/EXTRACTED_HMDB51_FEATURES/kiss_BestKisses_kiss_h_cm_np2_ri_goo_14.pt,kiss,22
/data/dev/projects/ai/Trackey/trackey/research/EXTRACTED_HMDB51_FEATURES/kiss_BestKisses_kiss_h_cm_np2_ri_goo_15.pt,kiss,22
/data/dev/projects/ai/Trackey/trackey/research/EXTRACTED_HMDB51_FEATURES/kiss_BestKisses_kiss_h_cm_np2_ri_goo_16.pt,kiss,22
/data/dev/projects/ai/Trackey/trackey/research/EXTRACTED_HMDB51_FEATURES/kiss_BestKisses_kiss_h_nm_np2_fr_goo_5.pt,kiss,22
/data/dev/projects/ai/Trackey/trackey/research/EXTRACTED_HMDB51_FEATURES/kiss_BestKisses_kiss_h_nm_np2_le_med_3.pt,kiss,22
/data/dev/projects/ai/Trackey/trackey/research/EXTRACTED_HMDB51_FEATURES/kiss_BestKisses_kiss_u_cm_np2_ba_med_1.pt,kiss,22
/data/dev/projects/ai/Trackey/trackey/research/EXTRACTED_HMDB51_FEATURES/kiss_BestKisses_kiss_u_cm_np2_fr_med_0.pt,kiss,22
/data/dev/projects/ai/Trackey/trackey/research/EXTRACTED_HMDB51_FEATURES/kiss_BestKisses_kiss_u_cm_np2_le_goo_18.pt,kiss,22
/data/dev/projects/ai/Trackey/trackey/research/EXTRACTED_HMDB51_FEATURES/kiss_BestKisses_kiss_u_cm_np2_le_med_11.pt,kiss,22
/data/dev/projects/ai/Trackey/trackey/research/EXTRACTED_HMDB51_FEATURES/kiss_BestKisses_kiss_u_cm_np2_le_med_17.pt,kiss,22
/data/dev/projects/ai/Trackey/trackey/research/EXTRACTED_HMDB51_FEATURES/kiss_BestKisses_kiss_u_cm_np2_ri_med_2.pt,kiss,22
/data/dev/projects/ai/Trackey/trackey/research/EXTRACTED_HMDB51_FEATURES/kiss_BestKisses_kiss_u_cm_np2_ri_med_6.pt,kiss,22
/data/dev/projects/ai/Trackey/trackey/research/EXTRACTED_HMDB51_FEATURES/kiss_BestKisses_kiss_u_cm_np2_ri_med_9.pt,kiss,22
/data/dev/projects/ai/Trackey/trackey/research/EXTRACTED_HMDB51_FEATURES/kiss_BestKisses_kiss_u_nm_np2_fr_med_4.pt,kiss,22
/data/dev/projects/ai/Trackey/trackey/research/EXTRACTED_HMDB51_FEATURES/kiss_BestKisses_kiss_u_nm_np2_ri_med_12.pt,kiss,22
/data/dev/projects/ai/Trackey/trackey/research/EXTRACTED_HMDB51_FEATURES/kiss_BestKissesfromPeriodDramasKissingYou_kiss_h_cm_np2_le_goo_0.pt,kiss,22
/data/dev/projects/ai/Trackey/trackey/research/EXTRACTED_HMDB51_FEATURES/kiss_Best_Kisses_in_TV_Movies_1_3_kiss_h_cm_np2_le_goo_1.pt,kiss,22
/data/dev/projects/ai/Trackey/trackey/research/EXTRACTED_HMDB51_FEATURES/kiss_Best_Kisses_in_TV_Movies_1_3_kiss_h_cm_np2_le_goo_4.pt,kiss,22
/data/dev/projects/ai/Trackey/trackey/research/EXTRACTED_HMDB51_FEATURES/kiss_Best_Kisses_in_TV_Movies_1_3_kiss_h_nm_np2_le_goo_0.pt,kiss,22
/data/dev/projects/ai/Trackey/trackey/research/EXTRACTED_HMDB51_FEATURES/kiss_Best_Kisses_in_TV_Movies_1_3_kiss_h_nm_np2_le_goo_2.pt,kiss,22
/data/dev/projects/ai/Trackey/trackey/research/EXTRACTED_HMDB51_FEATURES/kiss_Best_Kisses_in_TV_Movies_1_3_kiss_h_nm_np2_le_goo_6.pt,kiss,22
/data/dev/projects/ai/Trackey/trackey/research/EXTRACTED_HMDB51_FEATURES/kiss_Best_Kisses_in_TV_Movies_1_3_kiss_h_nm_np2_le_goo_7.pt,kiss,22
/data/dev/projects/ai/Trackey/trackey/research/EXTRACTED_HMDB51_FEATURES/kiss_Best_Kisses_in_TV_Movies_1_3_kiss_u_cm_np2_le_goo_8.pt,kiss,22
/data/dev/projects/ai/Trackey/trackey/research/EXTRACTED_HMDB51_FEATURES/kiss_Best_Kisses_in_TV_Movies_1_3_kiss_u_nm_np2_le_goo_3.pt,kiss,22
/data/dev/projects/ai/Trackey/trackey/research/EXTRACTED_HMDB51_FEATURES/kiss_Best_Kisses_in_TV_Movies_1_3_kiss_u_nm_np2_le_goo_5.pt,kiss,22
/data/dev/projects/ai/Trackey/trackey/research/EXTRACTED_HMDB51_FEATURES/kiss_Best_Kisses_in_TV_Movies_1_3_kiss_u_nm_np2_le_goo_9.pt,kiss,22
/data/dev/projects/ai/Trackey/trackey/research/EXTRACTED_HMDB51_FEATURES/kiss_Best_kisses_kiss_h_cm_np2_le_goo_0.pt,kiss,22
/data/dev/projects/ai/Trackey/trackey/research/EXTRACTED_HMDB51_FEATURES/kiss_Best_kisses_kiss_h_cm_np2_le_goo_1.pt,kiss,22
/data/dev/projects/ai/Trackey/trackey/research/EXTRACTED_HMDB51_FEATURES/kiss_Best_kisses_kiss_h_cm_np2_le_goo_10.pt,kiss,22
/data/dev/projects/ai/Trackey/trackey/research/EXTRACTED_HMDB51_FEATURES/kiss_Best_kisses_kiss_h_cm_np2_le_goo_2.pt,kiss,22
/data/dev/projects/ai/Trackey/trackey/research/EXTRACTED_HMDB51_FEATURES/kiss_Best_kisses_kiss_h_cm_np2_le_goo_6.pt,kiss,22
/data/dev/projects/ai/Trackey/trackey/research/EXTRACTED_HMDB51_FEATURES/kiss_Best_kisses_kiss_h_cm_np2_le_goo_7.pt,kiss,22
/data/dev/projects/ai/Trackey/trackey/research/EXTRACTED_HMDB51_FEATURES/kiss_Best_kisses_kiss_h_cm_np2_le_goo_8.pt,kiss,22
/data/dev/projects/ai/Trackey/trackey/research/EXTRACTED_HMDB51_FEATURES/kiss_Best_kisses_kiss_h_nm_np2_le_goo_3.pt,kiss,22
/data/dev/projects/ai/Trackey/trackey/research/EXTRACTED_HMDB51_FEATURES/kiss_Best_kisses_kiss_h_nm_np2_le_goo_5.pt,kiss,22
/data/dev/projects/ai/Trackey/trackey/research/EXTRACTED_HMDB51_FEATURES/kiss_Best_kisses_kiss_u_cm_np2_le_goo_4.pt,kiss,22
/data/dev/projects/ai/Trackey/trackey/research/EXTRACTED_HMDB51_FEATURES/kiss_Best_kisses_kiss_u_nm_np2_le_goo_9.pt,kiss,22
/data/dev/projects/ai/Trackey/trackey/research/EXTRACTED_HMDB51_FEATURES/kiss_Hangingbyamomentfavoritekisses_kiss_h_cm_np2_le_goo_0.pt,kiss,22
/data/dev/projects/ai/Trackey/trackey/research/EXTRACTED_HMDB51_FEATURES/kiss_Hangingbyamomentfavoritekisses_kiss_h_cm_np2_ri_goo_2.pt,kiss,22
/data/dev/projects/ai/Trackey/trackey/research/EXTRACTED_HMDB51_FEATURES/kiss_Hangingbyamomentfavoritekisses_kiss_h_cm_np2_ri_goo_6.pt,kiss,22
/data/dev/projects/ai/Trackey/trackey/research/EXTRACTED_HMDB51_FEATURES/kiss_Hangingbyamomentfavoritekisses_kiss_h_cm_np2_ri_goo_9.pt,kiss,22
/data/dev/projects/ai/Trackey/trackey/research/EXTRACTED_HMDB51_FEATURES/kiss_Hangingbyamomentfavoritekisses_kiss_h_nm_np2_ri_goo_4.pt,kiss,22
/data/dev/projects/ai/Trackey/trackey/research/EXTRACTED_HMDB51_FEATURES/kiss_Hangingbyamomentfavoritekisses_kiss_u_cm_np2_le_goo_8.pt,kiss,22
/data/dev/projects/ai/Trackey/trackey/research/EXTRACTED_HMDB51_FEATURES/kiss_Hangingbyamomentfavoritekisses_kiss_u_cm_np2_le_med_5.pt,kiss,22
/data/dev/projects/ai/Trackey/trackey/research/EXTRACTED_HMDB51_FEATURES/kiss_Hangingbyamomentfavoritekisses_kiss_u_cm_np2_ri_med_1.pt,kiss,22
/data/dev/projects/ai/Trackey/trackey/research/EXTRACTED_HMDB51_FEATURES/kiss_Hangingbyamomentfavoritekisses_kiss_u_nm_np2_le_goo_3.pt,kiss,22
/data/dev/projects/ai/Trackey/trackey/research/EXTRACTED_HMDB51_FEATURES/kiss_Hangingbyamomentfavoritekisses_kiss_u_nm_np2_ri_goo_7.pt,kiss,22
/data/dev/projects/ai/Trackey/trackey/research/EXTRACTED_HMDB51_FEATURES/kiss_Moviekissmontage_kiss_h_cm_np2_fr_med_4.pt,kiss,22
/data/dev/projects/ai/Trackey/trackey/research/EXTRACTED_HMDB51_FEATURES/kiss_Moviekissmontage_kiss_h_cm_np2_fr_med_8.pt,kiss,22
/data/dev/projects/ai/Trackey/trackey/research/EXTRACTED_HMDB51_FEATURES/kiss_Moviekissmontage_kiss_h_cm_np2_le_goo_0.pt,kiss,22
/data/dev/projects/ai/Trackey/trackey/research/EXTRACTED_HMDB51_FEATURES/kiss_Moviekissmontage_kiss_h_cm_np2_ri_goo_6.pt,kiss,22
/data/dev/projects/ai/Trackey/trackey/research/EXTRACTED_HMDB51_FEATURES/kiss_Moviekissmontage_kiss_u_cm_np2_fr_goo_5.pt,kiss,22
/data/dev/projects/ai/Trackey/trackey/research/EXTRACTED_HMDB51_FEATURES/kiss_Moviekissmontage_kiss_u_cm_np2_fr_med_1.pt,kiss,22
/data/dev/projects/ai/Trackey/trackey/research/EXTRACTED_HMDB51_FEATURES/kiss_Moviekissmontage_kiss_u_cm_np2_le_goo_2.pt,kiss,22
/data/dev/projects/ai/Trackey/trackey/research/EXTRACTED_HMDB51_FEATURES/kiss_Moviekissmontage_kiss_u_cm_np2_le_med_3.pt,kiss,22
/data/dev/projects/ai/Trackey/trackey/research/EXTRACTED_HMDB51_FEATURES/kiss_Moviekissmontage_kiss_u_cm_np2_le_med_7.pt,kiss,22
/data/dev/projects/ai/Trackey/trackey/research/EXTRACTED_HMDB51_FEATURES/kiss_Pirates_7_kiss_h_nm_np2_le_med_4.pt,kiss,22
/data/dev/projects/ai/Trackey/trackey/research/EXTRACTED_HMDB51_FEATURES/kiss_Return_of_the_King_12_kiss_u_nm_np2_le_goo_5.pt,kiss,22
/data/dev/projects/ai/Trackey/trackey/research/EXTRACTED_HMDB51_FEATURES/kiss_TVs_Best_Kisses_Top_50-_(40_to_31)_kiss_h_cm_np2_fr_goo_9.pt,kiss,22
/data/dev/projects/ai/Trackey/trackey/research/EXTRACTED_HMDB51_FEATURES/kiss_TVs_Best_Kisses_Top_50-_(40_to_31)_kiss_h_cm_np2_le_goo_10.pt,kiss,22
/data/dev/projects/ai/Trackey/trackey/research/EXTRACTED_HMDB51_FEATURES/kiss_TVs_Best_Kisses_Top_50-_(40_to_31)_kiss_h_cm_np2_le_goo_8.pt,kiss,22
/data/dev/projects/ai/Trackey/trackey/research/EXTRACTED_HMDB51_FEATURES/kiss_TVs_Best_Kisses_Top_50-_(40_to_31)_kiss_h_nm_np2_le_med_0.pt,kiss,22
/data/dev/projects/ai/Trackey/trackey/research/EXTRACTED_HMDB51_FEATURES/kiss_TVs_Best_Kisses_Top_50-_(40_to_31)_kiss_h_nm_np2_le_med_1.pt,kiss,22
/data/dev/projects/ai/Trackey/trackey/research/EXTRACTED_HMDB51_FEATURES/kiss_TVs_Best_Kisses_Top_50-_(40_to_31)_kiss_h_nm_np2_le_med_2.pt,kiss,22
/data/dev/projects/ai/Trackey/trackey/research/EXTRACTED_HMDB51_FEATURES/kiss_TVs_Best_Kisses_Top_50-_(40_to_31)_kiss_h_nm_np2_le_med_4.pt,kiss,22
/data/dev/projects/ai/Trackey/trackey/research/EXTRACTED_HMDB51_FEATURES/kiss_TVs_Best_Kisses_Top_50-_(40_to_31)_kiss_h_nm_np2_le_med_5.pt,kiss,22
/data/dev/projects/ai/Trackey/trackey/research/EXTRACTED_HMDB51_FEATURES/kiss_TVs_Best_Kisses_Top_50-_(40_to_31)_kiss_u_nm_np2_le_goo_11.pt,kiss,22
/data/dev/projects/ai/Trackey/trackey/research/EXTRACTED_HMDB51_FEATURES/kiss_TVs_Best_Kisses_Top_50-_(40_to_31)_kiss_u_nm_np2_le_goo_3.pt,kiss,22
/data/dev/projects/ai/Trackey/trackey/research/EXTRACTED_HMDB51_FEATURES/kiss_TVs_Best_Kisses_Top_50-_(40_to_31)_kiss_u_nm_np2_le_goo_6.pt,kiss,22
/data/dev/projects/ai/Trackey/trackey/research/EXTRACTED_HMDB51_FEATURES/kiss_TVs_Best_Kisses_Top_50-_(40_to_31)_kiss_u_nm_np2_le_goo_7.pt,kiss,22
/data/dev/projects/ai/Trackey/trackey/research/EXTRACTED_HMDB51_FEATURES/kiss_TVs_Best_Kisses_Top_50_(30_to_21)_kiss_f_cm_np2_le_goo_10.pt,kiss,22
/data/dev/projects/ai/Trackey/trackey/research/EXTRACTED_HMDB51_FEATURES/kiss_TVs_Best_Kisses_Top_50_(30_to_21)_kiss_f_cm_np2_le_goo_9.pt,kiss,22
/data/dev/projects/ai/Trackey/trackey/research/EXTRACTED_HMDB51_FEATURES/kiss_TVs_Best_Kisses_Top_50_(30_to_21)_kiss_f_nm_np2_le_goo_8.pt,kiss,22
/data/dev/projects/ai/Trackey/trackey/research/EXTRACTED_HMDB51_FEATURES/kiss_TVs_Best_Kisses_Top_50_(30_to_21)_kiss_h_cm_np2_le_goo_5.pt,kiss,22
/data/dev/projects/ai/Trackey/trackey/research/EXTRACTED_HMDB51_FEATURES/kiss_TVs_Best_Kisses_Top_50_(30_to_21)_kiss_h_nm_np2_le_goo_0.pt,kiss,22
/data/dev/projects/ai/Trackey/trackey/research/EXTRACTED_HMDB51_FEATURES/kiss_TVs_Best_Kisses_Top_50_(30_to_21)_kiss_h_nm_np2_le_goo_1.pt,kiss,22
/data/dev/projects/ai/Trackey/trackey/research/EXTRACTED_HMDB51_FEATURES/kiss_TVs_Best_Kisses_Top_50_(30_to_21)_kiss_h_nm_np2_le_goo_2.pt,kiss,22
/data/dev/projects/ai/Trackey/trackey/research/EXTRACTED_HMDB51_FEATURES/kiss_TVs_Best_Kisses_Top_50_(30_to_21)_kiss_h_nm_np2_le_goo_3.pt,kiss,22
/data/dev/projects/ai/Trackey/trackey/research/EXTRACTED_HMDB51_FEATURES/kiss_TVs_Best_Kisses_Top_50_(30_to_21)_kiss_h_nm_np2_le_goo_4.pt,kiss,22
/data/dev/projects/ai/Trackey/trackey/research/EXTRACTED_HMDB51_FEATURES/kiss_TVs_Best_Kisses_Top_50_(30_to_21)_kiss_u_cm_np2_le_goo_6.pt,kiss,22
/data/dev/projects/ai/Trackey/trackey/research/EXTRACTED_HMDB51_FEATURES/kiss_TVs_Best_Kisses_Top_50_(30_to_21)_kiss_u_nm_np2_le_goo_7.pt,kiss,22
/data/dev/projects/ai/Trackey/trackey/research/EXTRACTED_HMDB51_FEATURES/kiss_TVs_Best_Kisses_Top_50_(52_to_41)_kiss_h_nm_np2_le_goo_0.pt,kiss,22
/data/dev/projects/ai/Trackey/trackey/research/EXTRACTED_HMDB51_FEATURES/kiss_TVs_Best_Kisses_Top_50_(52_to_41)_kiss_h_nm_np2_le_goo_1.pt,kiss,22
/data/dev/projects/ai/Trackey/trackey/research/EXTRACTED_HMDB51_FEATURES/kiss_TVs_Best_Kisses_Top_50_(52_to_41)_kiss_h_nm_np2_le_goo_2.pt,kiss,22
/data/dev/projects/ai/Trackey/trackey/research/EXTRACTED_HMDB51_FEATURES/kiss_TVs_Best_Kisses_Top_50_(52_to_41)_kiss_h_nm_np2_le_goo_3.pt,kiss,22
/data/dev/projects/ai/Trackey/trackey/research/EXTRACTED_HMDB51_FEATURES/kiss_TVs_Best_Kisses_Top_50_(52_to_41)_kiss_u_cm_np2_le_goo_4.pt,kiss,22
/data/dev/projects/ai/Trackey/trackey/research/EXTRACTED_HMDB51_FEATURES/kiss_The_Matrix_Revolutions_2_kiss_h_cm_np2_le_goo_3.pt,kiss,22
/data/dev/projects/ai/Trackey/trackey/research/EXTRACTED_HMDB51_FEATURES/kiss_The_Matrix_Revolutions_5_kiss_h_nm_np2_le_med_0.pt,kiss,22
/data/dev/projects/ai/Trackey/trackey/research/EXTRACTED_HMDB51_FEATURES/kiss_Two_Towers_4_kiss_h_nm_np2_ri_goo_0.pt,kiss,22
/data/dev/projects/ai/Trackey/trackey/research/EXTRACTED_HMDB51_FEATURES/kiss_kiss_mix_kiss_f_cm_np2_le_med_0.pt,kiss,22
/data/dev/projects/ai/Trackey/trackey/research/EXTRACTED_HMDB51_FEATURES/kiss_kiss_mix_kiss_f_cm_np2_le_med_1.pt,kiss,22
/data/dev/projects/ai/Trackey/trackey/research/EXTRACTED_HMDB51_FEATURES/kiss_veoh_harold_and_kumar_kiss_h_nm_np2_fr_goo_20.pt,kiss,22
/data/dev/projects/ai/Trackey/trackey/research/EXTRACTED_HMDB51_FEATURES/laugh_American_History_X_laugh_h_nm_np1_fr_goo_44.pt,laugh,23
/data/dev/projects/ai/Trackey/trackey/research/EXTRACTED_HMDB51_FEATURES/laugh_American_History_X_laugh_h_nm_np1_fr_med_14.pt,laugh,23
/data/dev/projects/ai/Trackey/trackey/research/EXTRACTED_HMDB51_FEATURES/laugh_Best_Of_Skype_Laughter_Chain_laugh_h_nm_np1_fr_bad_17.pt,laugh,23
/data/dev/projects/ai/Trackey/trackey/research/EXTRACTED_HMDB51_FEATURES/laugh_Best_Of_Skype_Laughter_Chain_laugh_h_nm_np1_fr_bad_4.pt,laugh,23
/data/dev/projects/ai/Trackey/trackey/research/EXTRACTED_HMDB51_FEATURES/laugh_Best_Of_Skype_Laughter_Chain_laugh_h_nm_np1_fr_bad_5.pt,laugh,23
/data/dev/projects/ai/Trackey/trackey/research/EXTRACTED_HMDB51_FEATURES/laugh_Best_Of_Skype_Laughter_Chain_laugh_h_nm_np1_fr_bad_9.pt,laugh,23
/data/dev/projects/ai/Trackey/trackey/research/EXTRACTED_HMDB51_FEATURES/laugh_Best_Of_Skype_Laughter_Chain_laugh_h_nm_np1_fr_goo_12.pt,laugh,23
/data/dev/projects/ai/Trackey/trackey/research/EXTRACTED_HMDB51_FEATURES/laugh_Best_Of_Skype_Laughter_Chain_laugh_h_nm_np1_fr_goo_13.pt,laugh,23
/data/dev/projects/ai/Trackey/trackey/research/EXTRACTED_HMDB51_FEATURES/laugh_Best_Of_Skype_Laughter_Chain_laugh_h_nm_np1_fr_goo_14.pt,laugh,23
/data/dev/projects/ai/Trackey/trackey/research/EXTRACTED_HMDB51_FEATURES/laugh_Best_Of_Skype_Laughter_Chain_laugh_h_nm_np1_fr_goo_15.pt,laugh,23
/data/dev/projects/ai/Trackey/trackey/research/EXTRACTED_HMDB51_FEATURES/laugh_Best_Of_Skype_Laughter_Chain_laugh_h_nm_np1_fr_goo_16.pt,laugh,23
/data/dev/projects/ai/Trackey/trackey/research/EXTRACTED_HMDB51_FEATURES/laugh_Best_Of_Skype_Laughter_Chain_laugh_h_nm_np1_fr_goo_7.pt,laugh,23
/data/dev/projects/ai/Trackey/trackey/research/EXTRACTED_HMDB51_FEATURES/laugh_Best_Of_Skype_Laughter_Chain_laugh_h_nm_np1_fr_goo_8.pt,laugh,23
/data/dev/projects/ai/Trackey/trackey/research/EXTRACTED_HMDB51_FEATURES/laugh_Best_Of_Skype_Laughter_Chain_laugh_h_nm_np1_fr_med_0.pt,laugh,23
/data/dev/projects/ai/Trackey/trackey/research/EXTRACTED_HMDB51_FEATURES/laugh_Best_Of_Skype_Laughter_Chain_laugh_h_nm_np1_fr_med_11.pt,laugh,23
/data/dev/projects/ai/Trackey/trackey/research/EXTRACTED_HMDB51_FEATURES/laugh_Best_Of_Skype_Laughter_Chain_laugh_h_nm_np1_fr_med_18.pt,laugh,23
/data/dev/projects/ai/Trackey/trackey/research/EXTRACTED_HMDB51_FEATURES/laugh_Best_Of_Skype_Laughter_Chain_laugh_h_nm_np1_fr_med_23.pt,laugh,23
/data/dev/projects/ai/Trackey/trackey/research/EXTRACTED_HMDB51_FEATURES/laugh_Best_Of_Skype_Laughter_Chain_laugh_h_nm_np1_fr_med_26.pt,laugh,23
/data/dev/projects/ai/Trackey/trackey/research/EXTRACTED_HMDB51_FEATURES/laugh_Best_Of_Skype_Laughter_Chain_laugh_h_nm_np1_fr_med_27.pt,laugh,23
/data/dev/projects/ai/Trackey/trackey/research/EXTRACTED_HMDB51_FEATURES/laugh_Best_Of_Skype_Laughter_Chain_laugh_h_nm_np1_fr_med_3.pt,laugh,23
/data/dev/projects/ai/Trackey/trackey/research/EXTRACTED_HMDB51_FEATURES/laugh_Best_Of_Skype_Laughter_Chain_laugh_h_nm_np2_fr_med_1.pt,laugh,23
/data/dev/projects/ai/Trackey/trackey/research/EXTRACTED_HMDB51_FEATURES/laugh_Best_Of_Skype_Laughter_Chain_laugh_h_nm_np2_fr_med_10.pt,laugh,23
/data/dev/projects/ai/Trackey/trackey/research/EXTRACTED_HMDB51_FEATURES/laugh_Best_Of_Skype_Laughter_Chain_laugh_h_nm_np2_fr_med_19.pt,laugh,23
/data/dev/projects/ai/Trackey/trackey/research/EXTRACTED_HMDB51_FEATURES/laugh_Best_Of_Skype_Laughter_Chain_laugh_h_nm_np2_fr_med_2.pt,laugh,23
/data/dev/projects/ai/Trackey/trackey/research/EXTRACTED_HMDB51_FEATURES/laugh_Best_Of_Skype_Laughter_Chain_laugh_h_nm_np2_fr_med_20.pt,laugh,23
/data/dev/projects/ai/Trackey/trackey/research/EXTRACTED_HMDB51_FEATURES/laugh_Best_Of_Skype_Laughter_Chain_laugh_h_nm_np2_le_med_21.pt,laugh,23
/data/dev/projects/ai/Trackey/trackey/research/EXTRACTED_HMDB51_FEATURES/laugh_Best_Of_Skype_Laughter_Chain_laugh_h_nm_np2_le_med_22.pt,laugh,23
/data/dev/projects/ai/Trackey/trackey/research/EXTRACTED_HMDB51_FEATURES/laugh_Best_Of_Skype_Laughter_Chain_laugh_h_nm_np3_fr_goo_6.pt,laugh,23
/data/dev/projects/ai/Trackey/trackey/research/EXTRACTED_HMDB51_FEATURES/laugh_Best_Of_Skype_Laughter_Chain_laugh_h_nm_np3_fr_med_24.pt,laugh,23
/data/dev/projects/ai/Trackey/trackey/research/EXTRACTED_HMDB51_FEATURES/laugh_Best_Of_Skype_Laughter_Chain_laugh_h_nm_np4_fr_bad_28.pt,laugh,23
/data/dev/projects/ai/Trackey/trackey/research/EXTRACTED_HMDB51_FEATURES/laugh_Best_Of_Skype_Laughter_Chain_laugh_h_nm_np4_fr_bad_29.pt,laugh,23
/data/dev/projects/ai/Trackey/trackey/research/EXTRACTED_HMDB51_FEATURES/laugh_Best_Of_Skype_Laughter_Chain_laugh_h_nm_np4_fr_med_25.pt,laugh,23
/data/dev/projects/ai/Trackey/trackey/research/EXTRACTED_HMDB51_FEATURES/laugh_Best_laugh_ever_laugh_h_cm_np1_fr_goo_0.pt,laugh,23
/data/dev/projects/ai/Trackey/trackey/research/EXTRACTED_HMDB51_FEATURES/laugh_Best_laugh_ever_laugh_h_cm_np1_fr_goo_1.pt,laugh,23
/data/dev/projects/ai/Trackey/trackey/research/EXTRACTED_HMDB51_FEATURES/laugh_Best_laugh_ever_laugh_h_cm_np1_fr_goo_2.pt,laugh,23
/data/dev/projects/ai/Trackey/trackey/research/EXTRACTED_HMDB51_FEATURES/laugh_Can_t_stop_laughing_laugh_u_cm_np1_fr_goo_0.pt,laugh,23
/data/dev/projects/ai/Trackey/trackey/research/EXTRACTED_HMDB51_FEATURES/laugh_Can_t_stop_laughing_laugh_u_cm_np1_fr_goo_1.pt,laugh,23
/data/dev/projects/ai/Trackey/trackey/research/EXTRACTED_HMDB51_FEATURES/laugh_Can_t_stop_laughing_laugh_u_cm_np1_fr_goo_2.pt,laugh,23
/data/dev/projects/ai/Trackey/trackey/research/EXTRACTED_HMDB51_FEATURES/laugh_Charlie_Can_t_Stop_Laughing_laugh_u_cm_np1_fr_goo_0.pt,laugh,23
/data/dev/projects/ai/Trackey/trackey/research/EXTRACTED_HMDB51_FEATURES/laugh_Charlie_Can_t_Stop_Laughing_laugh_u_cm_np1_fr_goo_1.pt,laugh,23
/data/dev/projects/ai/Trackey/trackey/research/EXTRACTED_HMDB51_FEATURES/laugh_Charlie_Can_t_Stop_Laughing_laugh_u_cm_np1_fr_goo_2.pt,laugh,23
/data/dev/projects/ai/Trackey/trackey/research/EXTRACTED_HMDB51_FEATURES/laugh_Chipmunk_Laugh_laugh_u_cm_np1_fr_med_0.pt,laugh,23
/data/dev/projects/ai/Trackey/trackey/research/EXTRACTED_HMDB51_FEATURES/laugh_Chipmunk_Laugh_laugh_u_cm_np1_fr_med_1.pt,laugh,23
/data/dev/projects/ai/Trackey/trackey/research/EXTRACTED_HMDB51_FEATURES/laugh_Chipmunk_Laugh_laugh_u_cm_np1_fr_med_2.pt,laugh,23
/data/dev/projects/ai/Trackey/trackey/research/EXTRACTED_HMDB51_FEATURES/laugh_Crazy_Drunk_Girl_Laugh_laugh_h_cm_np1_fr_goo_0.pt,laugh,23
/data/dev/projects/ai/Trackey/trackey/research/EXTRACTED_HMDB51_FEATURES/laugh_Crazy_Drunk_Girl_Laugh_laugh_h_cm_np1_fr_goo_1.pt,laugh,23
/data/dev/projects/ai/Trackey/trackey/research/EXTRACTED_HMDB51_FEATURES/laugh_Crazy_Drunk_Girl_Laugh_laugh_h_cm_np1_fr_goo_2.pt,laugh,23
/data/dev/projects/ai/Trackey/trackey/research/EXTRACTED_HMDB51_FEATURES/laugh_Der_Lachsack___Laughing_Bag___keep_on_smiling_;0)_laugh_h_cm_np1_fr_med_0.pt,laugh,23
/data/dev/projects/ai/Trackey/trackey/research/EXTRACTED_HMDB51_FEATURES/laugh_Der_Lachsack___Laughing_Bag___keep_on_smiling_;0)_laugh_h_cm_np1_fr_med_1.pt,laugh,23
/data/dev/projects/ai/Trackey/trackey/research/EXTRACTED_HMDB51_FEATURES/laugh_Der_Lachsack___Laughing_Bag___keep_on_smiling_;0)_laugh_h_cm_np1_fr_med_2.pt,laugh,23
/data/dev/projects/ai/Trackey/trackey/research/EXTRACTED_HMDB51_FEATURES/laugh_Glory_laugh_h_cm_np1_fr_med_3.pt,laugh,23
/data/dev/projects/ai/Trackey/trackey/research/EXTRACTED_HMDB51_FEATURES/laugh_Glory_laugh_h_cm_np1_ri_goo_7.pt,laugh,23
/data/dev/projects/ai/Trackey/trackey/research/EXTRACTED_HMDB51_FEATURES/laugh_Glory_laugh_h_nm_np1_fr_bad_4.pt,laugh,23
/data/dev/projects/ai/Trackey/trackey/research/EXTRACTED_HMDB51_FEATURES/laugh_Glory_laugh_u_nm_np1_fr_bad_19.pt,laugh,23
/data/dev/projects/ai/Trackey/trackey/research/EXTRACTED_HMDB51_FEATURES/laugh_Italian_Job_1_laugh_h_nm_np1_fr_bad_1.pt,laugh,23
/data/dev/projects/ai/Trackey/trackey/research/EXTRACTED_HMDB51_FEATURES/laugh_LAUGHiNG_GiRL_1_laugh_h_cm_np1_le_med_0.pt,laugh,23
/data/dev/projects/ai/Trackey/trackey/research/EXTRACTED_HMDB51_FEATURES/laugh_LAUGHiNG_GiRL_1_laugh_h_cm_np2_le_med_1.pt,laugh,23
/data/dev/projects/ai/Trackey/trackey/research/EXTRACTED_HMDB51_FEATURES/laugh_Laughing_Girl_laugh_u_nm_np1_ri_goo_1.pt,laugh,23
/data/dev/projects/ai/Trackey/trackey/research/EXTRACTED_HMDB51_FEATURES/laugh_Laughing_Girl_laugh_u_nm_np1_ri_goo_2.pt,laugh,23
/data/dev/projects/ai/Trackey/trackey/research/EXTRACTED_HMDB51_FEATURES/laugh_Laughing_Girl_laugh_u_nm_np1_ri_goo_3.pt,laugh,23
/data/dev/projects/ai/Trackey/trackey/research/EXTRACTED_HMDB51_FEATURES/laugh_Laughing_for_Skype_laugh_f_cm_np1_fr_goo_1.pt,laugh,23
/data/dev/projects/ai/Trackey/trackey/research/EXTRACTED_HMDB51_FEATURES/laugh_Laughing_for_Skype_laugh_h_cm_np1_fr_goo_2.pt,laugh,23
/data/dev/projects/ai/Trackey/trackey/research/EXTRACTED_HMDB51_FEATURES/laugh_Laughing_for_Skype_laugh_u_cm_np1_fr_goo_0.pt,laugh,23
/data/dev/projects/ai/Trackey/trackey/research/EXTRACTED_HMDB51_FEATURES/laugh_Prelinger_HabitPat1954_laugh_u_nm_np2_ri_med_21.pt,laugh,23
/data/dev/projects/ai/Trackey/trackey/research/EXTRACTED_HMDB51_FEATURES/laugh_Re-_Skype_Laughter_Chain_1_laugh_h_nm_np1_fr_goo_0.pt,laugh,23
/data/dev/projects/ai/Trackey/trackey/research/EXTRACTED_HMDB51_FEATURES/laugh_Re-_Skype_Laughter_Chain_1_laugh_h_nm_np1_fr_goo_1.pt,laugh,23
/data/dev/projects/ai/Trackey/trackey/research/EXTRACTED_HMDB51_FEATURES/laugh_Re-_Skype_Laughter_Chain_1_laugh_h_nm_np1_fr_goo_2.pt,laugh,23
/data/dev/projects/ai/Trackey/trackey/research/EXTRACTED_HMDB51_FEATURES/laugh_Re-_Skype_Laughter_Chain_3_laugh_h_nm_np2_fr_med_0.pt,laugh,23
/data/dev/projects/ai/Trackey/trackey/research/EXTRACTED_HMDB51_FEATURES/laugh_Re-_Skype_Laughter_Chain_3_laugh_h_nm_np2_fr_med_1.pt,laugh,23
/data/dev/projects/ai/Trackey/trackey/research/EXTRACTED_HMDB51_FEATURES/laugh_Re-_Skype_Laughter_Chain_3_laugh_h_nm_np2_fr_med_2.pt,laugh,23
/data/dev/projects/ai/Trackey/trackey/research/EXTRACTED_HMDB51_FEATURES/laugh_Re-_skype_laughter_chain_2_laugh_h_nm_np2_fr_goo_0.pt,laugh,23
/data/dev/projects/ai/Trackey/trackey/research/EXTRACTED_HMDB51_FEATURES/laugh_Re-_skype_laughter_chain_2_laugh_h_nm_np2_fr_goo_1.pt,laugh,23
/data/dev/projects/ai/Trackey/trackey/research/EXTRACTED_HMDB51_FEATURES/laugh_Re-_skype_laughter_chain_2_laugh_h_nm_np2_fr_goo_2.pt,laugh,23
/data/dev/projects/ai/Trackey/trackey/research/EXTRACTED_HMDB51_FEATURES/laugh_Return_of_the_King_12_laugh_h_nm_np1_fr_goo_3.pt,laugh,23
/data/dev/projects/ai/Trackey/trackey/research/EXTRACTED_HMDB51_FEATURES/laugh_Return_of_the_King_1_laugh_h_nm_np1_fr_med_4.pt,laugh,23
/data/dev/projects/ai/Trackey/trackey/research/EXTRACTED_HMDB51_FEATURES/laugh_Skype_Laughter_Chain_Reaction_laugh_h_cm_np1_fr_goo_0.pt,laugh,23
/data/dev/projects/ai/Trackey/trackey/research/EXTRACTED_HMDB51_FEATURES/laugh_Skype_Laughter_Chain_Reaction_laugh_h_cm_np1_fr_goo_1.pt,laugh,23
/data/dev/projects/ai/Trackey/trackey/research/EXTRACTED_HMDB51_FEATURES/laugh_Skype_Laughter_Chain_Reaction_laugh_h_cm_np1_fr_goo_2.pt,laugh,23
/data/dev/projects/ai/Trackey/trackey/research/EXTRACTED_HMDB51_FEATURES/laugh_Skype_Laughter_Chain_laugh_h_cm_np1_fr_goo_10.pt,laugh,23
/data/dev/projects/ai/Trackey/trackey/research/EXTRACTED_HMDB51_FEATURES/laugh_Skype_Laughter_Chain_laugh_h_cm_np1_fr_goo_11.pt,laugh,23
/data/dev/projects/ai/Trackey/trackey/research/EXTRACTED_HMDB51_FEATURES/laugh_Skype_Laughter_Chain_laugh_h_cm_np1_fr_goo_12.pt,laugh,23
/data/dev/projects/ai/Trackey/trackey/research/EXTRACTED_HMDB51_FEATURES/laugh_Skype_Laughter_Chain_laugh_h_cm_np1_fr_goo_13.pt,laugh,23
/data/dev/projects/ai/Trackey/trackey/research/EXTRACTED_HMDB51_FEATURES/laugh_Skype_Laughter_Chain_laugh_h_cm_np1_fr_goo_14.pt,laugh,23
/data/dev/projects/ai/Trackey/trackey/research/EXTRACTED_HMDB51_FEATURES/laugh_Skype_Laughter_Chain_laugh_h_cm_np1_fr_goo_3.pt,laugh,23
/data/dev/projects/ai/Trackey/trackey/research/EXTRACTED_HMDB51_FEATURES/laugh_Skype_Laughter_Chain_laugh_h_cm_np1_fr_goo_5.pt,laugh,23
/data/dev/projects/ai/Trackey/trackey/research/EXTRACTED_HMDB51_FEATURES/laugh_Skype_Laughter_Chain_laugh_h_cm_np1_fr_goo_6.pt,laugh,23
/data/dev/projects/ai/Trackey/trackey/research/EXTRACTED_HMDB51_FEATURES/laugh_Skype_Laughter_Chain_laugh_h_cm_np1_fr_goo_7.pt,laugh,23
/data/dev/projects/ai/Trackey/trackey/research/EXTRACTED_HMDB51_FEATURES/laugh_Skype_Laughter_Chain_laugh_h_cm_np1_fr_goo_9.pt,laugh,23
/data/dev/projects/ai/Trackey/trackey/research/EXTRACTED_HMDB51_FEATURES/laugh_Skype_Laughter_Chain_laugh_h_cm_np2_fr_goo_8.pt,laugh,23
/data/dev/projects/ai/Trackey/trackey/research/EXTRACTED_HMDB51_FEATURES/laugh_Skype_Laughter_Chain_laugh_u_cm_np1_fr_goo_0.pt,laugh,23
/data/dev/projects/ai/Trackey/trackey/research/EXTRACTED_HMDB51_FEATURES/laugh_Skype_Laughter_Chain_laugh_u_cm_np1_fr_goo_1.pt,laugh,23
/data/dev/projects/ai/Trackey/trackey/research/EXTRACTED_HMDB51_FEATURES/laugh_Skype_Laughter_Chain_laugh_u_cm_np1_fr_goo_2.pt,laugh,23
/data/dev/projects/ai/Trackey/trackey/research/EXTRACTED_HMDB51_FEATURES/laugh_Skype_Laughter_Chain_laugh_u_cm_np1_fr_goo_4.pt,laugh,23
/data/dev/projects/ai/Trackey/trackey/research/EXTRACTED_HMDB51_FEATURES/laugh_Skype_Laughter_Chain_reaction_(-_laugh_u_nm_np2_ri_med_0.pt,laugh,23
/data/dev/projects/ai/Trackey/trackey/research/EXTRACTED_HMDB51_FEATURES/laugh_Skype_Laughter_Chain_reaction_(-_laugh_u_nm_np2_ri_med_1.pt,laugh,23
/data/dev/projects/ai/Trackey/trackey/research/EXTRACTED_HMDB51_FEATURES/laugh_Skype_Laughter_Chain_reaction_(-_laugh_u_nm_np2_ri_med_2.pt,laugh,23
/data/dev/projects/ai/Trackey/trackey/research/EXTRACTED_HMDB51_FEATURES/laugh_Skype_Laughter_Chain_reaction_1_laugh_f_nm_np3_fr_med_0.pt,laugh,23
/data/dev/projects/ai/Trackey/trackey/research/EXTRACTED_HMDB51_FEATURES/laugh_Skype_Laughter_Chain_reaction_1_laugh_f_nm_np3_fr_med_1.pt,laugh,23
/data/dev/projects/ai/Trackey/trackey/research/EXTRACTED_HMDB51_FEATURES/laugh_Skype_Laughter_Chain_reaction_1_laugh_f_nm_np3_fr_med_2.pt,laugh,23
/data/dev/projects/ai/Trackey/trackey/research/EXTRACTED_HMDB51_FEATURES/laugh_Skype_Laughter_Chain_vid_reaction_laugh_h_nm_np1_fr_goo_0.pt,laugh,23
/data/dev/projects/ai/Trackey/trackey/research/EXTRACTED_HMDB51_FEATURES/laugh_Skype_Laughter_Chain_vid_reaction_laugh_h_nm_np1_fr_goo_1.pt,laugh,23
/data/dev/projects/ai/Trackey/trackey/research/EXTRACTED_HMDB51_FEATURES/laugh_Skype_Laughter_Chain_vid_reaction_laugh_h_nm_np1_fr_goo_2.pt,laugh,23
/data/dev/projects/ai/Trackey/trackey/research/EXTRACTED_HMDB51_FEATURES/laugh_Skype_Laughter_by_Hungary_laugh_h_nm_np2_fr_goo_0.pt,laugh,23
/data/dev/projects/ai/Trackey/trackey/research/EXTRACTED_HMDB51_FEATURES/laugh_Skype_Laughter_by_Hungary_laugh_h_nm_np2_fr_goo_1.pt,laugh,23
/data/dev/projects/ai/Trackey/trackey/research/EXTRACTED_HMDB51_FEATURES/laugh_Skype_Laughter_by_Hungary_laugh_h_nm_np2_fr_goo_2.pt,laugh,23
/data/dev/projects/ai/Trackey/trackey/research/EXTRACTED_HMDB51_FEATURES/laugh_The_Matrix_Revolutions_2_laugh_h_nm_np1_fr_goo_5.pt,laugh,23
/data/dev/projects/ai/Trackey/trackey/research/EXTRACTED_HMDB51_FEATURES/laugh_Weird_Laugh_laugh_h_nm_np1_fr_goo_0.pt,laugh,23
/data/dev/projects/ai/Trackey/trackey/research/EXTRACTED_HMDB51_FEATURES/laugh_Weird_Laugh_laugh_h_nm_np1_fr_goo_1.pt,laugh,23
/data/dev/projects/ai/Trackey/trackey/research/EXTRACTED_HMDB51_FEATURES/laugh_Weird_Laugh_laugh_h_nm_np1_fr_goo_2.pt,laugh,23
/data/dev/projects/ai/Trackey/trackey/research/EXTRACTED_HMDB51_FEATURES/laugh_YOU_need_to_see_colombe_laugh_!!!_laugh_h_cm_np1_fr_med_0.pt,laugh,23
/data/dev/projects/ai/Trackey/trackey/research/EXTRACTED_HMDB51_FEATURES/laugh_YOU_need_to_see_colombe_laugh_!!!_laugh_h_cm_np1_fr_med_1.pt,laugh,23
/data/dev/projects/ai/Trackey/trackey/research/EXTRACTED_HMDB51_FEATURES/laugh_YOU_need_to_see_colombe_laugh_!!!_laugh_h_cm_np1_fr_med_2.pt,laugh,23
/data/dev/projects/ai/Trackey/trackey/research/EXTRACTED_HMDB51_FEATURES/laugh_best_laugh_attack_ever!_laugh_h_nm_np1_fr_goo_0.pt,laugh,23
/data/dev/projects/ai/Trackey/trackey/research/EXTRACTED_HMDB51_FEATURES/laugh_best_laugh_attack_ever!_laugh_h_nm_np1_fr_goo_1.pt,laugh,23
/data/dev/projects/ai/Trackey/trackey/research/EXTRACTED_HMDB51_FEATURES/laugh_best_laugh_attack_ever!_laugh_h_nm_np1_fr_goo_2.pt,laugh,23
/data/dev/projects/ai/Trackey/trackey/research/EXTRACTED_HMDB51_FEATURES/laugh_big_al_and_gaz_Skype_Laughter_Chain_laugh_h_cm_np1_ri_bad_0.pt,laugh,23
/data/dev/projects/ai/Trackey/trackey/research/EXTRACTED_HMDB51_FEATURES/laugh_big_al_and_gaz_Skype_Laughter_Chain_laugh_h_cm_np1_ri_bad_1.pt,laugh,23
/data/dev/projects/ai/Trackey/trackey/research/EXTRACTED_HMDB51_FEATURES/laugh_big_al_and_gaz_Skype_Laughter_Chain_laugh_h_cm_np1_ri_bad_2.pt,laugh,23
/data/dev/projects/ai/Trackey/trackey/research/EXTRACTED_HMDB51_FEATURES/laugh_laugh__about_skype_laughter_chain_laugh_u_nm_np2_fr_med_0.pt,laugh,23
/data/dev/projects/ai/Trackey/trackey/research/EXTRACTED_HMDB51_FEATURES/laugh_laugh__about_skype_laughter_chain_laugh_u_nm_np2_fr_med_1.pt,laugh,23
/data/dev/projects/ai/Trackey/trackey/research/EXTRACTED_HMDB51_FEATURES/laugh_laugh__about_skype_laughter_chain_laugh_u_nm_np2_fr_med_2.pt,laugh,23
/data/dev/projects/ai/Trackey/trackey/research/EXTRACTED_HMDB51_FEATURES/laugh_laughing_out_her_brains_laugh_f_cm_np1_fr_med_0.pt,laugh,23
/data/dev/projects/ai/Trackey/trackey/research/EXTRACTED_HMDB51_FEATURES/laugh_laughing_out_her_brains_laugh_u_cm_np1_fr_med_1.pt,laugh,23
/data/dev/projects/ai/Trackey/trackey/research/EXTRACTED_HMDB51_FEATURES/laugh_laughing_out_her_brains_laugh_u_cm_np1_fr_med_2.pt,laugh,23
/data/dev/projects/ai/Trackey/trackey/research/EXTRACTED_HMDB51_FEATURES/laugh_laughing_out_her_brains_laugh_u_cm_np1_fr_med_3.pt,laugh,23
/data/dev/projects/ai/Trackey/trackey/research/EXTRACTED_HMDB51_FEATURES/laugh_skype_laughter_train___haughtbad_and_Da_Nannie_laugh_h_cm_np2_fr_med_0.pt,laugh,23
/data/dev/projects/ai/Trackey/trackey/research/EXTRACTED_HMDB51_FEATURES/laugh_skype_laughter_train___haughtbad_and_Da_Nannie_laugh_h_cm_np2_fr_med_1.pt,laugh,23
/data/dev/projects/ai/Trackey/trackey/research/EXTRACTED_HMDB51_FEATURES/laugh_skype_laughter_train___haughtbad_and_Da_Nannie_laugh_h_cm_np2_fr_med_2.pt,laugh,23
/data/dev/projects/ai/Trackey/trackey/research/EXTRACTED_HMDB51_FEATURES/pick_#122_Cleaning_Up_The_Beach_In_Chiba__Japan_pick_f_nm_np1_fr_bad_1.pt,pick,24
/data/dev/projects/ai/Trackey/trackey/research/EXTRACTED_HMDB51_FEATURES/pick_#122_Cleaning_Up_The_Beach_In_Chiba__Japan_pick_f_nm_np1_le_bad_2.pt,pick,24
/data/dev/projects/ai/Trackey/trackey/research/EXTRACTED_HMDB51_FEATURES/pick_#122_Cleaning_Up_The_Beach_In_Chiba__Japan_pick_f_nm_np1_ri_bad_0.pt,pick,24
/data/dev/projects/ai/Trackey/trackey/research/EXTRACTED_HMDB51_FEATURES/pick_AMADEUS_pick_u_nm_np1_fr_med_8.pt,pick,24
/data/dev/projects/ai/Trackey/trackey/research/EXTRACTED_HMDB51_FEATURES/pick_AboutABoy_pick_h_nm_np1_le_goo_9.pt,pick,24
/data/dev/projects/ai/Trackey/trackey/research/EXTRACTED_HMDB51_FEATURES/pick_BuriedTreasure_pick_u_cm_np1_le_goo_1.pt,pick,24
/data/dev/projects/ai/Trackey/trackey/research/EXTRACTED_HMDB51_FEATURES/pick_Catch_Me_If_You_Can_pick_f_cm_np1_ri_med_5.pt,pick,24
/data/dev/projects/ai/Trackey/trackey/research/EXTRACTED_HMDB51_FEATURES/pick_Clay_sBasketballSkillz_pick_f_nm_np1_ba_med_0.pt,pick,24
/data/dev/projects/ai/Trackey/trackey/research/EXTRACTED_HMDB51_FEATURES/pick_Clay_sBasketballSkillz_pick_f_nm_np1_ri_med_8.pt,pick,24
/data/dev/projects/ai/Trackey/trackey/research/EXTRACTED_HMDB51_FEATURES/pick_Cleaning_The_Beach_Jeton_Bardhi__Dimitar_Chaprazov_pick_f_cm_np3_ba_bad_3.pt,pick,24
/data/dev/projects/ai/Trackey/trackey/research/EXTRACTED_HMDB51_FEATURES/pick_Cleaning_The_Beach_Jeton_Bardhi__Dimitar_Chaprazov_pick_f_cm_np5_le_bad_1.pt,pick,24
/data/dev/projects/ai/Trackey/trackey/research/EXTRACTED_HMDB51_FEATURES/pick_Cleaning_The_Beach_Jeton_Bardhi__Dimitar_Chaprazov_pick_f_cm_np5_le_bad_2.pt,pick,24
/data/dev/projects/ai/Trackey/trackey/research/EXTRACTED_HMDB51_FEATURES/pick_Collecting_litter_on_the_woodland_ground_surface_pick_f_nm_np1_fr_med_0.pt,pick,24
/data/dev/projects/ai/Trackey/trackey/research/EXTRACTED_HMDB51_FEATURES/pick_David_Letterman_picks_up_trash_on_Broadway_pick_f_cm_np1_fr_med_0.pt,pick,24
/data/dev/projects/ai/Trackey/trackey/research/EXTRACTED_HMDB51_FEATURES/pick_David_Letterman_picks_up_trash_on_Broadway_pick_f_cm_np3_ri_med_1.pt,pick,24
/data/dev/projects/ai/Trackey/trackey/research/EXTRACTED_HMDB51_FEATURES/pick_Derren_Brown_-_Abondoned_Wallet_Trick_pick_f_cm_np1_le_med_0.pt,pick,24
/data/dev/projects/ai/Trackey/trackey/research/EXTRACTED_HMDB51_FEATURES/pick_Die_Pfandpiraten_Doku_pick_f_cm_np1_ba_med_1.pt,pick,24
/data/dev/projects/ai/Trackey/trackey/research/EXTRACTED_HMDB51_FEATURES/pick_Die_Pfandpiraten_Doku_pick_f_cm_np1_ba_med_2.pt,pick,24
/data/dev/projects/ai/Trackey/trackey/research/EXTRACTED_HMDB51_FEATURES/pick_Die_Pfandpiraten_Doku_pick_f_cm_np1_le_med_0.pt,pick,24
/data/dev/projects/ai/Trackey/trackey/research/EXTRACTED_HMDB51_FEATURES/pick_Dollar_Prank_at_Wally_World_pick_f_nm_np1_fr_med_0.pt,pick,24
/data/dev/projects/ai/Trackey/trackey/research/EXTRACTED_HMDB51_FEATURES/pick_Dollar_Prank_at_Wally_World_pick_f_nm_np1_le_med_1.pt,pick,24
/data/dev/projects/ai/Trackey/trackey/research/EXTRACTED_HMDB51_FEATURES/pick_Dollar_Prank_at_Wally_World_pick_f_nm_np1_le_med_2.pt,pick,24
/data/dev/projects/ai/Trackey/trackey/research/EXTRACTED_HMDB51_FEATURES/pick_Dollar_Prank_at_the_Rivertown_Mall_pick_f_cm_np1_le_med_0.pt,pick,24
/data/dev/projects/ai/Trackey/trackey/research/EXTRACTED_HMDB51_FEATURES/pick_Dollar_Prank_at_the_Rivertown_Mall_pick_f_nm_np1_fr_med_1.pt,pick,24
/data/dev/projects/ai/Trackey/trackey/research/EXTRACTED_HMDB51_FEATURES/pick_Dollar_Prank_at_the_Rivertown_Mall_pick_f_nm_np1_fr_med_3.pt,pick,24
/data/dev/projects/ai/Trackey/trackey/research/EXTRACTED_HMDB51_FEATURES/pick_Dollar_Prank_at_the_Rivertown_Mall_pick_f_nm_np1_le_med_2.pt,pick,24
/data/dev/projects/ai/Trackey/trackey/research/EXTRACTED_HMDB51_FEATURES/pick_Eco-Tex_picks_up_Trash_pick_f_cm_np1_ri_med_0.pt,pick,24
/data/dev/projects/ai/Trackey/trackey/research/EXTRACTED_HMDB51_FEATURES/pick_EverythingisIlluminated_pick_u_cm_np1_ba_goo_3.pt,pick,24
/data/dev/projects/ai/Trackey/trackey/research/EXTRACTED_HMDB51_FEATURES/pick_Fishing_For_People_pick_f_cm_np1_fr_med_3.pt,pick,24
/data/dev/projects/ai/Trackey/trackey/research/EXTRACTED_HMDB51_FEATURES/pick_Fishing_For_People_pick_f_cm_np1_ri_med_2.pt,pick,24
/data/dev/projects/ai/Trackey/trackey/research/EXTRACTED_HMDB51_FEATURES/pick_Fishing_For_People_pick_f_cm_np1_ri_med_5.pt,pick,24
/data/dev/projects/ai/Trackey/trackey/research/EXTRACTED_HMDB51_FEATURES/pick_Fishing_For_People_pick_f_cm_np2_le_med_4.pt,pick,24
/data/dev/projects/ai/Trackey/trackey/research/EXTRACTED_HMDB51_FEATURES/pick_Fishing_For_People_pick_f_cm_np2_ri_med_1.pt,pick,24
/data/dev/projects/ai/Trackey/trackey/research/EXTRACTED_HMDB51_FEATURES/pick_Fishing_For_People_pick_f_nm_np2_ba_med_0.pt,pick,24
/data/dev/projects/ai/Trackey/trackey/research/EXTRACTED_HMDB51_FEATURES/pick_Flaschenrolf_auf_Tour_pick_f_cm_np1_ba_bad_0.pt,pick,24
/data/dev/projects/ai/Trackey/trackey/research/EXTRACTED_HMDB51_FEATURES/pick_Flaschenrolf_auf_Tour_pick_u_cm_np1_ba_bad_1.pt,pick,24
/data/dev/projects/ai/Trackey/trackey/research/EXTRACTED_HMDB51_FEATURES/pick_GardenWiseB256kb_pick_f_nm_np1_le_med_0.pt,pick,24
/data/dev/projects/ai/Trackey/trackey/research/EXTRACTED_HMDB51_FEATURES/pick_Gattaca_pick_f_nm_np1_fr_med_1.pt,pick,24
/data/dev/projects/ai/Trackey/trackey/research/EXTRACTED_HMDB51_FEATURES/pick_Gattaca_pick_f_nm_np1_ri_med_0.pt,pick,24
/data/dev/projects/ai/Trackey/trackey/research/EXTRACTED_HMDB51_FEATURES/pick_IamLegendII_pick_u_cm_np1_fr_med_2.pt,pick,24
/data/dev/projects/ai/Trackey/trackey/research/EXTRACTED_HMDB51_FEATURES/pick_IamLegendII_pick_u_cm_np1_le_med_3.pt,pick,24
/data/dev/projects/ai/Trackey/trackey/research/EXTRACTED_HMDB51_FEATURES/pick_IamLegendII_pick_u_nm_np1_fr_bad_0.pt,pick,24
/data/dev/projects/ai/Trackey/trackey/research/EXTRACTED_HMDB51_FEATURES/pick_IamLegendII_pick_u_nm_np1_fr_med_1.pt,pick,24
/data/dev/projects/ai/Trackey/trackey/research/EXTRACTED_HMDB51_FEATURES/pick_Juno_pick_u_cm_np1_le_bad_9.pt,pick,24
/data/dev/projects/ai/Trackey/trackey/research/EXTRACTED_HMDB51_FEATURES/pick_Juno_pick_u_nm_np1_fr_goo_2.pt,pick,24
/data/dev/projects/ai/Trackey/trackey/research/EXTRACTED_HMDB51_FEATURES/pick_M_ll_sammeln_pick_f_cm_np1_fr_bad_0.pt,pick,24
/data/dev/projects/ai/Trackey/trackey/research/EXTRACTED_HMDB51_FEATURES/pick_Magic_Boys-_Der_Portmonai_Trick_pick_l_nm_np1_ri_med_0.pt,pick,24
/data/dev/projects/ai/Trackey/trackey/research/EXTRACTED_HMDB51_FEATURES/pick_Mushroom_search_pick_f_cm_np2_le_med_0.pt,pick,24
/data/dev/projects/ai/Trackey/trackey/research/EXTRACTED_HMDB51_FEATURES/pick_NH-__Open_Carry_Litter_Pickup_in__troubled__neighborhood_pick_f_nm_np1_le_med_0.pt,pick,24
/data/dev/projects/ai/Trackey/trackey/research/EXTRACTED_HMDB51_FEATURES/pick_NH_gun_owners_react_to_detention_with_armed_litter_pickup_pick_f_cm_np1_ba_med_0.pt,pick,24
/data/dev/projects/ai/Trackey/trackey/research/EXTRACTED_HMDB51_FEATURES/pick_NH_gun_owners_react_to_detention_with_armed_litter_pickup_pick_f_cm_np3_ba_bad_1.pt,pick,24
/data/dev/projects/ai/Trackey/trackey/research/EXTRACTED_HMDB51_FEATURES/pick_NH_gun_owners_react_to_detention_with_armed_litter_pickup_pick_u_cm_np1_ba_med_2.pt,pick,24
/data/dev/projects/ai/Trackey/trackey/research/EXTRACTED_HMDB51_FEATURES/pick_NH_open_carry_litter_pickup_spurs_stunning_encountrs__1_of_2_pick_f_cm_np1_fr_med_0.pt,pick,24
/data/dev/projects/ai/Trackey/trackey/research/EXTRACTED_HMDB51_FEATURES/pick_NoCountryForOldMen_pick_u_nm_np1_le_goo_0.pt,pick,24
/data/dev/projects/ai/Trackey/trackey/research/EXTRACTED_HMDB51_FEATURES/pick_Oceans13_pick_u_cm_np1_fr_med_2.pt,pick,24
/data/dev/projects/ai/Trackey/trackey/research/EXTRACTED_HMDB51_FEATURES/pick_Oceans13_pick_u_nm_np1_ba_goo_5.pt,pick,24
/data/dev/projects/ai/Trackey/trackey/research/EXTRACTED_HMDB51_FEATURES/pick_Oceans13_pick_u_nm_np1_ri_goo_7.pt,pick,24
/data/dev/projects/ai/Trackey/trackey/research/EXTRACTED_HMDB51_FEATURES/pick_People_Fishing_pick_f_cm_np2_ri_med_0.pt,pick,24
/data/dev/projects/ai/Trackey/trackey/research/EXTRACTED_HMDB51_FEATURES/pick_Pick_Up_The_Phone_pick_u_nm_np1_fr_med_0.pt,pick,24
/data/dev/projects/ai/Trackey/trackey/research/EXTRACTED_HMDB51_FEATURES/pick_Pick_Up_Your_Trash!_pick_f_cm_np1_ba_med_1.pt,pick,24
/data/dev/projects/ai/Trackey/trackey/research/EXTRACTED_HMDB51_FEATURES/pick_Pick_Up_Your_Trash!_pick_f_cm_np1_le_med_0.pt,pick,24
/data/dev/projects/ai/Trackey/trackey/research/EXTRACTED_HMDB51_FEATURES/pick_Pilzesuchen_pick_f_cm_np1_fr_med_0.pt,pick,24
/data/dev/projects/ai/Trackey/trackey/research/EXTRACTED_HMDB51_FEATURES/pick_Portemonnaie-Trick_Openair_Lumnezia_2008_Nr__2_pick_f_cm_np2_fr_med_0.pt,pick,24
/data/dev/projects/ai/Trackey/trackey/research/EXTRACTED_HMDB51_FEATURES/pick_Prelinger_ActYourA1949_pick_u_nm_np1_ri_med_14.pt,pick,24
/data/dev/projects/ai/Trackey/trackey/research/EXTRACTED_HMDB51_FEATURES/pick_Prelinger_HabitPat1954_pick_f_cm_np1_fr_med_28.pt,pick,24
/data/dev/projects/ai/Trackey/trackey/research/EXTRACTED_HMDB51_FEATURES/pick_Prelinger_HabitPat1954_pick_u_nm_np1_le_med_9.pt,pick,24
/data/dev/projects/ai/Trackey/trackey/research/EXTRACTED_HMDB51_FEATURES/pick_Rent_a_Pocher_Beim_Pilze_sammeln_Oliver_Pocher_pick_f_cm_np2_fr_med_0.pt,pick,24
/data/dev/projects/ai/Trackey/trackey/research/EXTRACTED_HMDB51_FEATURES/pick_RushHour2_pick_u_nm_np1_le_med_7.pt,pick,24
/data/dev/projects/ai/Trackey/trackey/research/EXTRACTED_HMDB51_FEATURES/pick_SafeInPort_pick_f_nm_np1_fr_med_1.pt,pick,24
/data/dev/projects/ai/Trackey/trackey/research/EXTRACTED_HMDB51_FEATURES/pick_Search_and_Identify_Golf_Ball_-_www_mulliganplus_com_pick_f_nm_np1_le_goo_0.pt,pick,24
/data/dev/projects/ai/Trackey/trackey/research/EXTRACTED_HMDB51_FEATURES/pick_Sixthsense_pick_h_nm_np1_fr_goo_1.pt,pick,24
/data/dev/projects/ai/Trackey/trackey/research/EXTRACTED_HMDB51_FEATURES/pick_SoundAndTheStory_pick_u_nm_np1_le_med_3.pt,pick,24
/data/dev/projects/ai/Trackey/trackey/research/EXTRACTED_HMDB51_FEATURES/pick_Stevie_And_Lindsay_Picking_Up_Garbage_pick_f_cm_np1_ba_med_0.pt,pick,24
/data/dev/projects/ai/Trackey/trackey/research/EXTRACTED_HMDB51_FEATURES/pick_Stevie_And_Lindsay_Picking_Up_Garbage_pick_f_cm_np1_ri_med_3.pt,pick,24
/data/dev/projects/ai/Trackey/trackey/research/EXTRACTED_HMDB51_FEATURES/pick_Stevie_And_Lindsay_Picking_Up_Garbage_pick_f_cm_np2_ba_med_2.pt,pick,24
/data/dev/projects/ai/Trackey/trackey/research/EXTRACTED_HMDB51_FEATURES/pick_Stevie_And_Lindsay_Picking_Up_Garbage_pick_l_cm_np1_ba_med_1.pt,pick,24
/data/dev/projects/ai/Trackey/trackey/research/EXTRACTED_HMDB51_FEATURES/pick_THE_WALLET_TRICK!!!_pick_f_cm_np1_fr_med_2.pt,pick,24
/data/dev/projects/ai/Trackey/trackey/research/EXTRACTED_HMDB51_FEATURES/pick_THE_WALLET_TRICK!!!_pick_f_cm_np1_le_med_0.pt,pick,24
/data/dev/projects/ai/Trackey/trackey/research/EXTRACTED_HMDB51_FEATURES/pick_THE_WALLET_TRICK!!!_pick_f_cm_np2_ba_med_1.pt,pick,24
/data/dev/projects/ai/Trackey/trackey/research/EXTRACTED_HMDB51_FEATURES/pick_TheBigBangS01E02TheBigBranHypothesis_pick_u_cm_np1_le_med_1.pt,pick,24
/data/dev/projects/ai/Trackey/trackey/research/EXTRACTED_HMDB51_FEATURES/pick_ThePerfectScore_pick_u_nm_np1_ba_goo_3.pt,pick,24
/data/dev/projects/ai/Trackey/trackey/research/EXTRACTED_HMDB51_FEATURES/pick_ThreeStories_pick_u_cm_np1_ri_goo_2.pt,pick,24
/data/dev/projects/ai/Trackey/trackey/research/EXTRACTED_HMDB51_FEATURES/pick_ThreeStories_pick_u_cm_np1_ri_med_3.pt,pick,24
/data/dev/projects/ai/Trackey/trackey/research/EXTRACTED_HMDB51_FEATURES/pick_Torwarttraining_-_Impressionen_vom_1__FFC_Frankfurt_pick_f_cm_np1_fr_goo_3.pt,pick,24
/data/dev/projects/ai/Trackey/trackey/research/EXTRACTED_HMDB51_FEATURES/pick_Wallet_Trick_pick_f_cm_np1_fr_bad_4.pt,pick,24
/data/dev/projects/ai/Trackey/trackey/research/EXTRACTED_HMDB51_FEATURES/pick_Wallet_Trick_pick_f_cm_np1_le_bad_2.pt,pick,24
/data/dev/projects/ai/Trackey/trackey/research/EXTRACTED_HMDB51_FEATURES/pick_Wallet_Trick_pick_f_cm_np1_ri_bad_3.pt,pick,24
/data/dev/projects/ai/Trackey/trackey/research/EXTRACTED_HMDB51_FEATURES/pick_Wallet_Trick_pick_f_cm_np2_fr_bad_1.pt,pick,24
/data/dev/projects/ai/Trackey/trackey/research/EXTRACTED_HMDB51_FEATURES/pick_Wallet_Trick_pick_f_cm_np4_ri_med_0.pt,pick,24
/data/dev/projects/ai/Trackey/trackey/research/EXTRACTED_HMDB51_FEATURES/pick_Yep__I_m_picking_up_trash_today_pick_f_cm_np1_fr_med_1.pt,pick,24
/data/dev/projects/ai/Trackey/trackey/research/EXTRACTED_HMDB51_FEATURES/pick_Yep__I_m_picking_up_trash_today_pick_f_cm_np1_ri_med_0.pt,pick,24
/data/dev/projects/ai/Trackey/trackey/research/EXTRACTED_HMDB51_FEATURES/pick_americanthrift1_pick_u_cm_np1_fr_med_1.pt,pick,24
/data/dev/projects/ai/Trackey/trackey/research/EXTRACTED_HMDB51_FEATURES/pick_americanthrift2_pick_u_cm_np1_ri_med_1.pt,pick,24
/data/dev/projects/ai/Trackey/trackey/research/EXTRACTED_HMDB51_FEATURES/pick_americanthrift2_pick_u_nm_np1_ri_med_2.pt,pick,24
/data/dev/projects/ai/Trackey/trackey/research/EXTRACTED_HMDB51_FEATURES/pick_garbage_men_pick_f_cm_np1_ri_med_0.pt,pick,24
/data/dev/projects/ai/Trackey/trackey/research/EXTRACTED_HMDB51_FEATURES/pick_garbage_men_pick_f_cm_np1_ri_med_1.pt,pick,24
/data/dev/projects/ai/Trackey/trackey/research/EXTRACTED_HMDB51_FEATURES/pick_garbage_men_pick_f_cm_np1_ri_med_2.pt,pick,24
/data/dev/projects/ai/Trackey/trackey/research/EXTRACTED_HMDB51_FEATURES/pick_nameunknown256kb_pick_u_nm_np1_le_med_2.pt,pick,24
/data/dev/projects/ai/Trackey/trackey/research/EXTRACTED_HMDB51_FEATURES/pick_pick_up_trash_says_yeti_pick_f_cm_np1_le_med_1.pt,pick,24
/data/dev/projects/ai/Trackey/trackey/research/EXTRACTED_HMDB51_FEATURES/pick_pick_up_trash_says_yeti_pick_f_cm_np1_le_med_2.pt,pick,24
/data/dev/projects/ai/Trackey/trackey/research/EXTRACTED_HMDB51_FEATURES/pick_pick_up_trash_says_yeti_pick_f_cm_np1_ri_med_0.pt,pick,24
/data/dev/projects/ai/Trackey/trackey/research/EXTRACTED_HMDB51_FEATURES/pick_prelinger_LetsBeGo1953_pick_f_cm_np1_fr_med_8.pt,pick,24
/data/dev/projects/ai/Trackey/trackey/research/EXTRACTED_HMDB51_FEATURES/pick_prelinger_LetsBeGo1953_pick_f_nm_np1_ri_med_12.pt,pick,24
/data/dev/projects/ai/Trackey/trackey/research/EXTRACTED_HMDB51_FEATURES/pick_prelinger_TowardEm1954_pick_u_cm_np1_le_goo_5.pt,pick,24
/data/dev/projects/ai/Trackey/trackey/research/EXTRACTED_HMDB51_FEATURES/pick_prelinger_they_grow_up_so_fast_1_pick_f_nm_np1_fr_med_10.pt,pick,24
/data/dev/projects/ai/Trackey/trackey/research/EXTRACTED_HMDB51_FEATURES/pick_prelinger_they_grow_up_so_fast_1_pick_u_nm_np1_ri_med_1.pt,pick,24
/data/dev/projects/ai/Trackey/trackey/research/EXTRACTED_HMDB51_FEATURES/pour_Bar_Basics_-_How_to_Pour_Liquor_Accurately_by_Counting_pour_u_cm_np1_fr_med_0.pt,pour,25
/data/dev/projects/ai/Trackey/trackey/research/EXTRACTED_HMDB51_FEATURES/pour_Bar_Basics_-_How_to_Pour_Liquor_Accurately_by_Counting_pour_u_cm_np1_fr_med_1.pt,pour,25
/data/dev/projects/ai/Trackey/trackey/research/EXTRACTED_HMDB51_FEATURES/pour_Bar_Basics_-_How_to_Pour_Liquor_Accurately_by_Counting_pour_u_cm_np1_fr_med_2.pt,pour,25
/data/dev/projects/ai/Trackey/trackey/research/EXTRACTED_HMDB51_FEATURES/pour_Bartender_School_Students_Practice_pour_u_cm_np1_fr_med_1.pt,pour,25
/data/dev/projects/ai/Trackey/trackey/research/EXTRACTED_HMDB51_FEATURES/pour_Bartender_School_Students_Practice_pour_u_cm_np1_fr_med_2.pt,pour,25
/data/dev/projects/ai/Trackey/trackey/research/EXTRACTED_HMDB51_FEATURES/pour_Bartender_School_Students_Practice_pour_u_cm_np1_fr_med_3.pt,pour,25
/data/dev/projects/ai/Trackey/trackey/research/EXTRACTED_HMDB51_FEATURES/pour_Bartender_School_Students_Practice_pour_u_cm_np6_le_med_0.pt,pour,25
/data/dev/projects/ai/Trackey/trackey/research/EXTRACTED_HMDB51_FEATURES/pour_Bartender_of_America_Bartending_School_pour_u_cm_np1_fr_med_0.pt,pour,25
/data/dev/projects/ai/Trackey/trackey/research/EXTRACTED_HMDB51_FEATURES/pour_Bartender_of_America_Bartending_School_pour_u_cm_np1_fr_med_1.pt,pour,25
/data/dev/projects/ai/Trackey/trackey/research/EXTRACTED_HMDB51_FEATURES/pour_Bartender_of_America_Bartending_School_pour_u_cm_np1_fr_med_2.pt,pour,25
/data/dev/projects/ai/Trackey/trackey/research/EXTRACTED_HMDB51_FEATURES/pour_Basic_Vodka_Recipes_-_How_to_Make_a_Shirley_Temple_pour_u_cm_np1_fr_med_0.pt,pour,25
/data/dev/projects/ai/Trackey/trackey/research/EXTRACTED_HMDB51_FEATURES/pour_Basic_Vodka_Recipes_-_How_to_Make_a_Shirley_Temple_pour_u_cm_np1_fr_med_1.pt,pour,25
/data/dev/projects/ai/Trackey/trackey/research/EXTRACTED_HMDB51_FEATURES/pour_Bayerisch_leben-_Weissbier_richtig_eingeschenkt_pour_u_nm_np1_fr_med_0.pt,pour,25
/data/dev/projects/ai/Trackey/trackey/research/EXTRACTED_HMDB51_FEATURES/pour_Become_a_Professional_Bartender_pour_u_cm_np1_fr_med_0.pt,pour,25
/data/dev/projects/ai/Trackey/trackey/research/EXTRACTED_HMDB51_FEATURES/pour_Become_a_Professional_Bartender_pour_u_cm_np1_fr_med_1.pt,pour,25
/data/dev/projects/ai/Trackey/trackey/research/EXTRACTED_HMDB51_FEATURES/pour_Become_a_Professional_Bartender_pour_u_cm_np1_fr_med_2.pt,pour,25
/data/dev/projects/ai/Trackey/trackey/research/EXTRACTED_HMDB51_FEATURES/pour_Bier_richtig_einschenken_pour_u_cm_np1_fr_med_0.pt,pour,25
/data/dev/projects/ai/Trackey/trackey/research/EXTRACTED_HMDB51_FEATURES/pour_Bier_richtig_einschenken_pour_u_cm_np1_fr_med_1.pt,pour,25
/data/dev/projects/ai/Trackey/trackey/research/EXTRACTED_HMDB51_FEATURES/pour_Bottoms_Up_-_Bartending_Lesson__Licor_43_Dreamsicle_pour_u_nm_np2_fr_goo_0.pt,pour,25
/data/dev/projects/ai/Trackey/trackey/research/EXTRACTED_HMDB51_FEATURES/pour_Bottoms_Up_-_Bartending_Lesson__Licor_43_Dreamsicle_pour_u_nm_np2_fr_goo_1.pt,pour,25
/data/dev/projects/ai/Trackey/trackey/research/EXTRACTED_HMDB51_FEATURES/pour_Bottoms_Up_-_Bartending_Lesson__The_Margarita!_pour_u_nm_np1_fr_goo_0.pt,pour,25
/data/dev/projects/ai/Trackey/trackey/research/EXTRACTED_HMDB51_FEATURES/pour_Bottoms_Up_-_Bartending_Lesson__The_Margarita!_pour_u_nm_np1_fr_goo_1.pt,pour,25
/data/dev/projects/ai/Trackey/trackey/research/EXTRACTED_HMDB51_FEATURES/pour_Bottoms_Up_-_Bartending_Lesson__The_Margarita!_pour_u_nm_np1_fr_goo_2.pt,pour,25
/data/dev/projects/ai/Trackey/trackey/research/EXTRACTED_HMDB51_FEATURES/pour_Cachaca_cocktails_pour_u_nm_np1_fr_med_0.pt,pour,25
/data/dev/projects/ai/Trackey/trackey/research/EXTRACTED_HMDB51_FEATURES/pour_Cachaca_cocktails_pour_u_nm_np1_fr_med_1.pt,pour,25
/data/dev/projects/ai/Trackey/trackey/research/EXTRACTED_HMDB51_FEATURES/pour_Cachaca_cocktails_pour_u_nm_np1_fr_med_2.pt,pour,25
/data/dev/projects/ai/Trackey/trackey/research/EXTRACTED_HMDB51_FEATURES/pour_Chinese_tea_ceremony_pour_u_cm_np1_fr_goo_0.pt,pour,25
/data/dev/projects/ai/Trackey/trackey/research/EXTRACTED_HMDB51_FEATURES/pour_Chinese_tea_ceremony_pour_u_cm_np1_fr_goo_1.pt,pour,25
/data/dev/projects/ai/Trackey/trackey/research/EXTRACTED_HMDB51_FEATURES/pour_Chinese_tea_ceremony_pour_u_cm_np1_fr_goo_2.pt,pour,25
/data/dev/projects/ai/Trackey/trackey/research/EXTRACTED_HMDB51_FEATURES/pour_Cocktail_Pouring_pour_u_nm_np2_ri_med_0.pt,pour,25
/data/dev/projects/ai/Trackey/trackey/research/EXTRACTED_HMDB51_FEATURES/pour_Cuba_Libre_-_Just_do_it_with_Drinkadrink_com_pour_u_nm_np1_fr_goo_0.pt,pour,25
/data/dev/projects/ai/Trackey/trackey/research/EXTRACTED_HMDB51_FEATURES/pour_Drink_#18_-_Apple_martini_pour_u_nm_np1_fr_goo_0.pt,pour,25
/data/dev/projects/ai/Trackey/trackey/research/EXTRACTED_HMDB51_FEATURES/pour_Drink_#18_-_Apple_martini_pour_u_nm_np1_fr_goo_1.pt,pour,25
/data/dev/projects/ai/Trackey/trackey/research/EXTRACTED_HMDB51_FEATURES/pour_Drink_#18_-_Apple_martini_pour_u_nm_np1_fr_goo_2.pt,pour,25
/data/dev/projects/ai/Trackey/trackey/research/EXTRACTED_HMDB51_FEATURES/pour_Flaming_B52_Shot_Drink_pour_u_nm_np1_fr_med_0.pt,pour,25
/data/dev/projects/ai/Trackey/trackey/research/EXTRACTED_HMDB51_FEATURES/pour_Flaming_B52_Shot_Drink_pour_u_nm_np1_fr_med_1.pt,pour,25
/data/dev/projects/ai/Trackey/trackey/research/EXTRACTED_HMDB51_FEATURES/pour_Flaming_B52_Shot_Drink_pour_u_nm_np1_fr_med_2.pt,pour,25
/data/dev/projects/ai/Trackey/trackey/research/EXTRACTED_HMDB51_FEATURES/pour_Gaiwan_tea_ceremony_pour_u_cm_np1_fr_med_0.pt,pour,25
/data/dev/projects/ai/Trackey/trackey/research/EXTRACTED_HMDB51_FEATURES/pour_Gaiwan_tea_ceremony_pour_u_cm_np1_fr_med_1.pt,pour,25
/data/dev/projects/ai/Trackey/trackey/research/EXTRACTED_HMDB51_FEATURES/pour_Gaiwan_tea_ceremony_pour_u_cm_np1_fr_med_2.pt,pour,25
/data/dev/projects/ai/Trackey/trackey/research/EXTRACTED_HMDB51_FEATURES/pour_Highball_Cocktail_Drink_Recipe_pour_u_nm_np1_fr_med_0.pt,pour,25
/data/dev/projects/ai/Trackey/trackey/research/EXTRACTED_HMDB51_FEATURES/pour_How_To_Pour_Ice_Tea_pour_u_nm_np1_fr_med_0.pt,pour,25
/data/dev/projects/ai/Trackey/trackey/research/EXTRACTED_HMDB51_FEATURES/pour_How_To_Pour_Ice_Tea_pour_u_nm_np1_fr_med_1.pt,pour,25
/data/dev/projects/ai/Trackey/trackey/research/EXTRACTED_HMDB51_FEATURES/pour_How_To_Pour_Ice_Tea_pour_u_nm_np1_fr_med_2.pt,pour,25
/data/dev/projects/ai/Trackey/trackey/research/EXTRACTED_HMDB51_FEATURES/pour_How_To_Pour_a_Franziskaner_pour_u_cm_np1_fr_med_0.pt,pour,25
/data/dev/projects/ai/Trackey/trackey/research/EXTRACTED_HMDB51_FEATURES/pour_How_To_Pour_a_Franziskaner_pour_u_cm_np1_fr_med_1.pt,pour,25
/data/dev/projects/ai/Trackey/trackey/research/EXTRACTED_HMDB51_FEATURES/pour_How_to_Build_a_Cocktail_pour_u_nm_np1_fr_med_0.pt,pour,25
/data/dev/projects/ai/Trackey/trackey/research/EXTRACTED_HMDB51_FEATURES/pour_How_to_Build_a_Cocktail_pour_u_nm_np1_fr_med_1.pt,pour,25
/data/dev/projects/ai/Trackey/trackey/research/EXTRACTED_HMDB51_FEATURES/pour_How_to_Build_a_Cocktail_pour_u_nm_np1_fr_med_2.pt,pour,25
/data/dev/projects/ai/Trackey/trackey/research/EXTRACTED_HMDB51_FEATURES/pour_How_to_pour_beer__eh__pour_u_nm_np1_fr_goo_0.pt,pour,25
/data/dev/projects/ai/Trackey/trackey/research/EXTRACTED_HMDB51_FEATURES/pour_How_to_pour_beer_pour_u_nm_np1_fr_goo_0.pt,pour,25
/data/dev/projects/ai/Trackey/trackey/research/EXTRACTED_HMDB51_FEATURES/pour_How_to_pour_wine_Bar_Basics_5_Bartending_tips_-_Rockstar_Bartender_pour_u_nm_np1_fr_med_0.pt,pour,25
/data/dev/projects/ai/Trackey/trackey/research/EXTRACTED_HMDB51_FEATURES/pour_Intro_to_Bartending_-_Lesson_2-Highball_Drinks_pour_u_nm_np1_ri_med_0.pt,pour,25
/data/dev/projects/ai/Trackey/trackey/research/EXTRACTED_HMDB51_FEATURES/pour_Intro_to_Bartending_-_Lesson_2-Highball_Drinks_pour_u_nm_np1_ri_med_1.pt,pour,25
/data/dev/projects/ai/Trackey/trackey/research/EXTRACTED_HMDB51_FEATURES/pour_Intro_to_Bartending_-_Lesson_2-Highball_Drinks_pour_u_nm_np1_ri_med_2.pt,pour,25
/data/dev/projects/ai/Trackey/trackey/research/EXTRACTED_HMDB51_FEATURES/pour_KOREAN_TEA_CEREMONY_-_Simple_Demo_pour_u_nm_np1_fr_med_0.pt,pour,25
/data/dev/projects/ai/Trackey/trackey/research/EXTRACTED_HMDB51_FEATURES/pour_KOREAN_TEA_CEREMONY_-_Simple_Demo_pour_u_nm_np1_fr_med_1.pt,pour,25
/data/dev/projects/ai/Trackey/trackey/research/EXTRACTED_HMDB51_FEATURES/pour_KOREAN_TEA_CEREMONY_-_Simple_Demo_pour_u_nm_np1_fr_med_2.pt,pour,25
/data/dev/projects/ai/Trackey/trackey/research/EXTRACTED_HMDB51_FEATURES/pour_Kamikaze_Martini_Coctail_pour_u_nm_np1_fr_med_0.pt,pour,25
/data/dev/projects/ai/Trackey/trackey/research/EXTRACTED_HMDB51_FEATURES/pour_Kamikaze_Martini_Coctail_pour_u_nm_np1_fr_med_1.pt,pour,25
/data/dev/projects/ai/Trackey/trackey/research/EXTRACTED_HMDB51_FEATURES/pour_Kamikaze_Martini_Coctail_pour_u_nm_np1_fr_med_2.pt,pour,25
/data/dev/projects/ai/Trackey/trackey/research/EXTRACTED_HMDB51_FEATURES/pour_Katie_teaching_how_to_pour_wine_pour_u_cm_np1_fr_med_0.pt,pour,25
/data/dev/projects/ai/Trackey/trackey/research/EXTRACTED_HMDB51_FEATURES/pour_Mixing_Popular_Rum_Drinks_-_Making_a_Flaming_Zombie_Cocktail_pour_u_nm_np1_fr_goo_0.pt,pour,25
/data/dev/projects/ai/Trackey/trackey/research/EXTRACTED_HMDB51_FEATURES/pour_Mixing_Popular_Rum_Drinks_-_Making_a_Flaming_Zombie_Cocktail_pour_u_nm_np1_fr_goo_1.pt,pour,25
/data/dev/projects/ai/Trackey/trackey/research/EXTRACTED_HMDB51_FEATURES/pour_Mixing_Popular_Rum_Drinks_-_Making_a_Flaming_Zombie_Cocktail_pour_u_nm_np1_fr_goo_2.pt,pour,25
/data/dev/projects/ai/Trackey/trackey/research/EXTRACTED_HMDB51_FEATURES/pour_My_First_Hefeweizen_pour_u_nm_np1_ri_med_0.pt,pour,25
/data/dev/projects/ai/Trackey/trackey/research/EXTRACTED_HMDB51_FEATURES/pour_My_First_Hefeweizen_pour_u_nm_np1_ri_med_1.pt,pour,25
/data/dev/projects/ai/Trackey/trackey/research/EXTRACTED_HMDB51_FEATURES/pour_My_First_Hefeweizen_pour_u_nm_np1_ri_med_2.pt,pour,25
/data/dev/projects/ai/Trackey/trackey/research/EXTRACTED_HMDB51_FEATURES/pour_New_Orleans__best_cocktails-_Hot_Buttered_Rum_pour_u_nm_np1_fr_med_0.pt,pour,25
/data/dev/projects/ai/Trackey/trackey/research/EXTRACTED_HMDB51_FEATURES/pour_New_Orleans__best_cocktails-_Hot_Buttered_Rum_pour_u_nm_np1_fr_med_1.pt,pour,25
/data/dev/projects/ai/Trackey/trackey/research/EXTRACTED_HMDB51_FEATURES/pour_New_Orleans__best_cocktails-_Hot_Buttered_Rum_pour_u_nm_np1_fr_med_2.pt,pour,25
/data/dev/projects/ai/Trackey/trackey/research/EXTRACTED_HMDB51_FEATURES/pour_Pomegranate_Martini_Cocktail_Recipes_pour_u_cm_np1_fr_med_0.pt,pour,25
/data/dev/projects/ai/Trackey/trackey/research/EXTRACTED_HMDB51_FEATURES/pour_Pomegranate_Martini_Cocktail_Recipes_pour_u_cm_np1_fr_med_1.pt,pour,25
/data/dev/projects/ai/Trackey/trackey/research/EXTRACTED_HMDB51_FEATURES/pour_Pomegranate_Martini_Cocktail_Recipes_pour_u_cm_np1_fr_med_2.pt,pour,25
/data/dev/projects/ai/Trackey/trackey/research/EXTRACTED_HMDB51_FEATURES/pour_Riedel_-_How_to_Pour_a_Glass_of_Wine_pour_u_nm_np1_fr_goo_0.pt,pour,25
/data/dev/projects/ai/Trackey/trackey/research/EXTRACTED_HMDB51_FEATURES/pour_Robin_and_the_magical_tea_pour_pour_u_cm_np1_fr_goo_0.pt,pour,25
/data/dev/projects/ai/Trackey/trackey/research/EXTRACTED_HMDB51_FEATURES/pour_Rum_Mixed_Drinks-_Part_4_-_How_to_Make_the_Cuba_Libre_Mixed_Drink_pour_u_nm_np1_fr_goo_0.pt,pour,25
/data/dev/projects/ai/Trackey/trackey/research/EXTRACTED_HMDB51_FEATURES/pour_Rum_Mixed_Drinks-_Part_4_-_How_to_Make_the_Cuba_Libre_Mixed_Drink_pour_u_nm_np1_fr_goo_1.pt,pour,25
/data/dev/projects/ai/Trackey/trackey/research/EXTRACTED_HMDB51_FEATURES/pour_Rum_Mixed_Drinks-_Part_4_-_How_to_Make_the_Cuba_Libre_Mixed_Drink_pour_u_nm_np1_fr_goo_2.pt,pour,25
/data/dev/projects/ai/Trackey/trackey/research/EXTRACTED_HMDB51_FEATURES/pour_Spectacular_tea_pouring_pour_u_cm_np1_ri_med_0.pt,pour,25
/data/dev/projects/ai/Trackey/trackey/research/EXTRACTED_HMDB51_FEATURES/pour_Spectacular_tea_pouring_pour_u_cm_np1_ri_med_1.pt,pour,25
/data/dev/projects/ai/Trackey/trackey/research/EXTRACTED_HMDB51_FEATURES/pour_Spectacular_tea_pouring_pour_u_cm_np1_ri_med_2.pt,pour,25
/data/dev/projects/ai/Trackey/trackey/research/EXTRACTED_HMDB51_FEATURES/pour_Spirit_Pouring_pour_u_nm_np1_fr_goo_0.pt,pour,25
/data/dev/projects/ai/Trackey/trackey/research/EXTRACTED_HMDB51_FEATURES/pour_Spirit_Pouring_pour_u_nm_np1_fr_goo_1.pt,pour,25
/data/dev/projects/ai/Trackey/trackey/research/EXTRACTED_HMDB51_FEATURES/pour_Spirit_Pouring_pour_u_nm_np1_fr_goo_2.pt,pour,25
/data/dev/projects/ai/Trackey/trackey/research/EXTRACTED_HMDB51_FEATURES/pour_Tea_in_Wudang_pour_u_nm_np1_fr_med_0.pt,pour,25
/data/dev/projects/ai/Trackey/trackey/research/EXTRACTED_HMDB51_FEATURES/pour_Tea_in_Wudang_pour_u_nm_np1_fr_med_1.pt,pour,25
/data/dev/projects/ai/Trackey/trackey/research/EXTRACTED_HMDB51_FEATURES/pour_Tea_in_Wudang_pour_u_nm_np1_fr_med_2.pt,pour,25
/data/dev/projects/ai/Trackey/trackey/research/EXTRACTED_HMDB51_FEATURES/pour_Tequila_Sunrise_pour_u_cm_np1_le_med_0.pt,pour,25
/data/dev/projects/ai/Trackey/trackey/research/EXTRACTED_HMDB51_FEATURES/pour_Tequila_Sunrise_pour_u_cm_np1_le_med_1.pt,pour,25
/data/dev/projects/ai/Trackey/trackey/research/EXTRACTED_HMDB51_FEATURES/pour_The_Pomegranate_Martini_pour_u_cm_np1_fr_med_1.pt,pour,25
/data/dev/projects/ai/Trackey/trackey/research/EXTRACTED_HMDB51_FEATURES/pour_The_Pomegranate_Martini_pour_u_nm_np1_fr_med_0.pt,pour,25
/data/dev/projects/ai/Trackey/trackey/research/EXTRACTED_HMDB51_FEATURES/pour_Traditional_Chinese_Tea_Ceremony_(Chinese)_pour_u_cm_np1_fr_med_0.pt,pour,25
/data/dev/projects/ai/Trackey/trackey/research/EXTRACTED_HMDB51_FEATURES/pour_Traditional_Chinese_Tea_Ceremony_(Chinese)_pour_u_cm_np1_fr_med_1.pt,pour,25
/data/dev/projects/ai/Trackey/trackey/research/EXTRACTED_HMDB51_FEATURES/pour_Traditional_Chinese_Tea_Ceremony_(Chinese)_pour_u_cm_np1_fr_med_2.pt,pour,25
/data/dev/projects/ai/Trackey/trackey/research/EXTRACTED_HMDB51_FEATURES/pour_Traditional_chinese_tea_ceremony_pour_u_cm_np1_fr_goo_0.pt,pour,25
/data/dev/projects/ai/Trackey/trackey/research/EXTRACTED_HMDB51_FEATURES/pour_Traditional_chinese_tea_ceremony_pour_u_cm_np1_fr_goo_1.pt,pour,25
/data/dev/projects/ai/Trackey/trackey/research/EXTRACTED_HMDB51_FEATURES/pour_Traditional_chinese_tea_ceremony_pour_u_cm_np1_fr_goo_2.pt,pour,25
/data/dev/projects/ai/Trackey/trackey/research/EXTRACTED_HMDB51_FEATURES/pour_Video_Bartending_Guide_-_Kamikaze_Shot_Recipe_-_Vodka_Shots_pour_u_nm_np1_fr_med_0.pt,pour,25
/data/dev/projects/ai/Trackey/trackey/research/EXTRACTED_HMDB51_FEATURES/pour_Video_Bartending_Guide_-_Kamikaze_Shot_Recipe_-_Vodka_Shots_pour_u_nm_np1_fr_med_1.pt,pour,25
/data/dev/projects/ai/Trackey/trackey/research/EXTRACTED_HMDB51_FEATURES/pour__Art_of_the_Drink__Flaming_Zombie_pour_u_nm_np2_fr_med_0.pt,pour,25
/data/dev/projects/ai/Trackey/trackey/research/EXTRACTED_HMDB51_FEATURES/pour__Art_of_the_Drink__Flaming_Zombie_pour_u_nm_np2_fr_med_1.pt,pour,25
/data/dev/projects/ai/Trackey/trackey/research/EXTRACTED_HMDB51_FEATURES/pour_crazy_german_guy_shows_how_do_they_pour_a_wheat_beer_pour_u_cm_np1_fr_goo_0.pt,pour,25
/data/dev/projects/ai/Trackey/trackey/research/EXTRACTED_HMDB51_FEATURES/pour_crazy_german_guy_shows_how_do_they_pour_a_wheat_beer_pour_u_cm_np1_fr_goo_1.pt,pour,25
/data/dev/projects/ai/Trackey/trackey/research/EXTRACTED_HMDB51_FEATURES/pour_crazy_german_guy_shows_how_do_they_pour_a_wheat_beer_pour_u_cm_np1_fr_goo_2.pt,pour,25
/data/dev/projects/ai/Trackey/trackey/research/EXTRACTED_HMDB51_FEATURES/pour_prelinger_LetsPlay1949_pour_u_nm_np1_fr_goo_15.pt,pour,25
/data/dev/projects/ai/Trackey/trackey/research/EXTRACTED_HMDB51_FEATURES/pullup_100_pullups_pullup_f_nm_np1_fr_med_1.pt,pullup,26
/data/dev/projects/ai/Trackey/trackey/research/EXTRACTED_HMDB51_FEATURES/pullup_100_pullups_pullup_f_nm_np1_fr_med_2.pt,pullup,26
/data/dev/projects/ai/Trackey/trackey/research/EXTRACTED_HMDB51_FEATURES/pullup_100_pullups_pullup_u_nm_np1_fr_med_0.pt,pullup,26
/data/dev/projects/ai/Trackey/trackey/research/EXTRACTED_HMDB51_FEATURES/pullup_10_Pull_Ups_pullup_f_nm_np1_fr_goo_0.pt,pullup,26
/data/dev/projects/ai/Trackey/trackey/research/EXTRACTED_HMDB51_FEATURES/pullup_10_Pull_Ups_pullup_f_nm_np1_fr_goo_1.pt,pullup,26
/data/dev/projects/ai/Trackey/trackey/research/EXTRACTED_HMDB51_FEATURES/pullup_10_Pull_Ups_pullup_f_nm_np1_fr_goo_2.pt,pullup,26
/data/dev/projects/ai/Trackey/trackey/research/EXTRACTED_HMDB51_FEATURES/pullup_12_Pull-ups_by_female_athlete_pullup_f_cm_np1_ba_med_0.pt,pullup,26
/data/dev/projects/ai/Trackey/trackey/research/EXTRACTED_HMDB51_FEATURES/pullup_12_Pull-ups_by_female_athlete_pullup_f_cm_np1_ba_med_1.pt,pullup,26
/data/dev/projects/ai/Trackey/trackey/research/EXTRACTED_HMDB51_FEATURES/pullup_12_Pull-ups_by_female_athlete_pullup_f_cm_np1_ba_med_2.pt,pullup,26
/data/dev/projects/ai/Trackey/trackey/research/EXTRACTED_HMDB51_FEATURES/pullup_20_Marine_Corps_Pull_Ups_-_JimmyDShea_pullup_f_cm_np1_ba_bad_3.pt,pullup,26
/data/dev/projects/ai/Trackey/trackey/research/EXTRACTED_HMDB51_FEATURES/pullup_20_Marine_Corps_Pull_Ups_-_JimmyDShea_pullup_f_cm_np1_ba_bad_4.pt,pullup,26
/data/dev/projects/ai/Trackey/trackey/research/EXTRACTED_HMDB51_FEATURES/pullup_20_Marine_Corps_Pull_Ups_-_JimmyDShea_pullup_f_cm_np1_ba_bad_5.pt,pullup,26
/data/dev/projects/ai/Trackey/trackey/research/EXTRACTED_HMDB51_FEATURES/pullup_20_Marine_Corps_Pull_Ups_-_JimmyDShea_pullup_u_cm_np1_ba_bad_0.pt,pullup,26
/data/dev/projects/ai/Trackey/trackey/research/EXTRACTED_HMDB51_FEATURES/pullup_20_Marine_Corps_Pull_Ups_-_JimmyDShea_pullup_u_cm_np1_ba_bad_1.pt,pullup,26
/data/dev/projects/ai/Trackey/trackey/research/EXTRACTED_HMDB51_FEATURES/pullup_20_Marine_Corps_Pull_Ups_-_JimmyDShea_pullup_u_cm_np1_ba_bad_2.pt,pullup,26
/data/dev/projects/ai/Trackey/trackey/research/EXTRACTED_HMDB51_FEATURES/pullup_20_Pull_ups_at_160_15_1_2_inch_biceps_(_wide_grip_)_pullup_u_cm_np1_ba_med_0.pt,pullup,26
/data/dev/projects/ai/Trackey/trackey/research/EXTRACTED_HMDB51_FEATURES/pullup_20_Pull_ups_at_160_15_1_2_inch_biceps_(_wide_grip_)_pullup_u_cm_np1_ba_med_1.pt,pullup,26
/data/dev/projects/ai/Trackey/trackey/research/EXTRACTED_HMDB51_FEATURES/pullup_20_Pull_ups_at_160_15_1_2_inch_biceps_(_wide_grip_)_pullup_u_cm_np1_ba_med_2.pt,pullup,26
/data/dev/projects/ai/Trackey/trackey/research/EXTRACTED_HMDB51_FEATURES/pullup_20_good_form_pullups_pullup_f_nm_np1_ri_goo_0.pt,pullup,26
/data/dev/projects/ai/Trackey/trackey/research/EXTRACTED_HMDB51_FEATURES/pullup_20_good_form_pullups_pullup_f_nm_np1_ri_goo_1.pt,pullup,26
/data/dev/projects/ai/Trackey/trackey/research/EXTRACTED_HMDB51_FEATURES/pullup_20_good_form_pullups_pullup_f_nm_np1_ri_goo_2.pt,pullup,26
/data/dev/projects/ai/Trackey/trackey/research/EXTRACTED_HMDB51_FEATURES/pullup_22_Pull-ups_with_Speed_and_Perfect_Form_pullup_f_cm_np1_ba_med_0.pt,pullup,26
/data/dev/projects/ai/Trackey/trackey/research/EXTRACTED_HMDB51_FEATURES/pullup_22_Pull-ups_with_Speed_and_Perfect_Form_pullup_f_cm_np1_ba_med_1.pt,pullup,26
/data/dev/projects/ai/Trackey/trackey/research/EXTRACTED_HMDB51_FEATURES/pullup_22_Pull-ups_with_Speed_and_Perfect_Form_pullup_f_cm_np1_ba_med_2.pt,pullup,26
/data/dev/projects/ai/Trackey/trackey/research/EXTRACTED_HMDB51_FEATURES/pullup_30_(dead-hang)_pull-ups_pullup_u_cm_np1_ba_med_0.pt,pullup,26
/data/dev/projects/ai/Trackey/trackey/research/EXTRACTED_HMDB51_FEATURES/pullup_30_(dead-hang)_pull-ups_pullup_u_cm_np1_ba_med_1.pt,pullup,26
/data/dev/projects/ai/Trackey/trackey/research/EXTRACTED_HMDB51_FEATURES/pullup_30_(dead-hang)_pull-ups_pullup_u_cm_np1_ba_med_2.pt,pullup,26
/data/dev/projects/ai/Trackey/trackey/research/EXTRACTED_HMDB51_FEATURES/pullup_32_Pull-ups_at_193IBS_pullup_f_cm_np1_ba_med_0.pt,pullup,26
/data/dev/projects/ai/Trackey/trackey/research/EXTRACTED_HMDB51_FEATURES/pullup_32_Pull-ups_at_193IBS_pullup_f_cm_np1_ba_med_1.pt,pullup,26
/data/dev/projects/ai/Trackey/trackey/research/EXTRACTED_HMDB51_FEATURES/pullup_32_Pull-ups_at_193IBS_pullup_f_cm_np1_ba_med_2.pt,pullup,26
/data/dev/projects/ai/Trackey/trackey/research/EXTRACTED_HMDB51_FEATURES/pullup_35_pull_ups_pullup_f_nm_np1_fr_goo_0.pt,pullup,26
/data/dev/projects/ai/Trackey/trackey/research/EXTRACTED_HMDB51_FEATURES/pullup_35_pull_ups_pullup_f_nm_np1_fr_goo_1.pt,pullup,26
/data/dev/projects/ai/Trackey/trackey/research/EXTRACTED_HMDB51_FEATURES/pullup_35_pull_ups_pullup_f_nm_np1_fr_goo_2.pt,pullup,26
/data/dev/projects/ai/Trackey/trackey/research/EXTRACTED_HMDB51_FEATURES/pullup_46_Pull_ups_pullup_f_cm_np1_fr_bad_0.pt,pullup,26
/data/dev/projects/ai/Trackey/trackey/research/EXTRACTED_HMDB51_FEATURES/pullup_46_Pull_ups_pullup_f_cm_np1_fr_bad_1.pt,pullup,26
/data/dev/projects/ai/Trackey/trackey/research/EXTRACTED_HMDB51_FEATURES/pullup_46_Pull_ups_pullup_f_cm_np1_fr_bad_2.pt,pullup,26
/data/dev/projects/ai/Trackey/trackey/research/EXTRACTED_HMDB51_FEATURES/pullup_50_pull_ups_made_in_germany_pullup_f_nm_np1_le_med_0.pt,pullup,26
/data/dev/projects/ai/Trackey/trackey/research/EXTRACTED_HMDB51_FEATURES/pullup_50_pull_ups_made_in_germany_pullup_f_nm_np1_le_med_1.pt,pullup,26
/data/dev/projects/ai/Trackey/trackey/research/EXTRACTED_HMDB51_FEATURES/pullup_50_pull_ups_made_in_germany_pullup_f_nm_np1_le_med_2.pt,pullup,26
/data/dev/projects/ai/Trackey/trackey/research/EXTRACTED_HMDB51_FEATURES/pullup_A_HOT_Marine_Doing_Chinups_pullup_u_cm_np1_le_med_0.pt,pullup,26
/data/dev/projects/ai/Trackey/trackey/research/EXTRACTED_HMDB51_FEATURES/pullup_A_HOT_Marine_Doing_Chinups_pullup_u_cm_np1_le_med_1.pt,pullup,26
/data/dev/projects/ai/Trackey/trackey/research/EXTRACTED_HMDB51_FEATURES/pullup_A_HOT_Marine_Doing_Chinups_pullup_u_cm_np1_le_med_2.pt,pullup,26
/data/dev/projects/ai/Trackey/trackey/research/EXTRACTED_HMDB51_FEATURES/pullup_Arnold_Schwarzenegger_pull_ups_pullup_u_cm_np1_fr_bad_0.pt,pullup,26
/data/dev/projects/ai/Trackey/trackey/research/EXTRACTED_HMDB51_FEATURES/pullup_Arnold_Schwarzenegger_pull_ups_pullup_u_cm_np1_fr_bad_1.pt,pullup,26
/data/dev/projects/ai/Trackey/trackey/research/EXTRACTED_HMDB51_FEATURES/pullup_Arnold_Schwarzenegger_pull_ups_pullup_u_cm_np1_fr_bad_2.pt,pullup,26
/data/dev/projects/ai/Trackey/trackey/research/EXTRACTED_HMDB51_FEATURES/pullup_Basic_Exercise_Plans_-_How_to_Do_a_Pull-Up_pullup_f_cm_np1_le_goo_0.pt,pullup,26
/data/dev/projects/ai/Trackey/trackey/research/EXTRACTED_HMDB51_FEATURES/pullup_Basic_Exercise_Plans_-_How_to_Do_a_Pull-Up_pullup_f_cm_np1_le_goo_1.pt,pullup,26
/data/dev/projects/ai/Trackey/trackey/research/EXTRACTED_HMDB51_FEATURES/pullup_Eight_wide_grip_pull-ups_pullup_u_cm_np1_ba_med_0.pt,pullup,26
/data/dev/projects/ai/Trackey/trackey/research/EXTRACTED_HMDB51_FEATURES/pullup_Eight_wide_grip_pull-ups_pullup_u_cm_np1_ba_med_1.pt,pullup,26
/data/dev/projects/ai/Trackey/trackey/research/EXTRACTED_HMDB51_FEATURES/pullup_Eight_wide_grip_pull-ups_pullup_u_cm_np1_ba_med_2.pt,pullup,26
/data/dev/projects/ai/Trackey/trackey/research/EXTRACTED_HMDB51_FEATURES/pullup_FREESTYLIN_ON_THE_PULL-BAR_pullup_u_cm_np1_fr_med_0.pt,pullup,26
/data/dev/projects/ai/Trackey/trackey/research/EXTRACTED_HMDB51_FEATURES/pullup_FREESTYLIN_ON_THE_PULL-BAR_pullup_u_cm_np1_fr_med_1.pt,pullup,26
/data/dev/projects/ai/Trackey/trackey/research/EXTRACTED_HMDB51_FEATURES/pullup_FREESTYLIN_ON_THE_PULL-BAR_pullup_u_cm_np1_le_med_2.pt,pullup,26
/data/dev/projects/ai/Trackey/trackey/research/EXTRACTED_HMDB51_FEATURES/pullup_Girl_does_12_pull-ups_pullup_u_cm_np1_ba_med_0.pt,pullup,26
/data/dev/projects/ai/Trackey/trackey/research/EXTRACTED_HMDB51_FEATURES/pullup_Girl_does_12_pull-ups_pullup_u_cm_np1_ba_med_1.pt,pullup,26
/data/dev/projects/ai/Trackey/trackey/research/EXTRACTED_HMDB51_FEATURES/pullup_Girl_does_12_pull-ups_pullup_u_cm_np1_ba_med_2.pt,pullup,26
/data/dev/projects/ai/Trackey/trackey/research/EXTRACTED_HMDB51_FEATURES/pullup_How_to_do_pull-ups_Chin_ups_pullup_u_cm_np1_fr_bad_0.pt,pullup,26
/data/dev/projects/ai/Trackey/trackey/research/EXTRACTED_HMDB51_FEATURES/pullup_How_to_do_pull-ups_Chin_ups_pullup_u_cm_np1_fr_bad_1.pt,pullup,26
/data/dev/projects/ai/Trackey/trackey/research/EXTRACTED_HMDB51_FEATURES/pullup_How_to_do_pull-ups_Chin_ups_pullup_u_cm_np1_fr_bad_2.pt,pullup,26
/data/dev/projects/ai/Trackey/trackey/research/EXTRACTED_HMDB51_FEATURES/pullup_Konstantinovs_55_pullups_pullup_u_cm_np1_ri_med_0.pt,pullup,26
/data/dev/projects/ai/Trackey/trackey/research/EXTRACTED_HMDB51_FEATURES/pullup_Konstantinovs_55_pullups_pullup_u_cm_np1_ri_med_1.pt,pullup,26
/data/dev/projects/ai/Trackey/trackey/research/EXTRACTED_HMDB51_FEATURES/pullup_Konstantinovs_55_pullups_pullup_u_cm_np1_ri_med_2.pt,pullup,26
/data/dev/projects/ai/Trackey/trackey/research/EXTRACTED_HMDB51_FEATURES/pullup_Metaphysics_Pull_up_specialist_pullup_u_cm_np1_ba_med_0.pt,pullup,26
/data/dev/projects/ai/Trackey/trackey/research/EXTRACTED_HMDB51_FEATURES/pullup_Metaphysics_Pull_up_specialist_pullup_u_cm_np1_ba_med_1.pt,pullup,26
/data/dev/projects/ai/Trackey/trackey/research/EXTRACTED_HMDB51_FEATURES/pullup_Metaphysics_Pull_up_specialist_pullup_u_cm_np1_ba_med_2.pt,pullup,26
/data/dev/projects/ai/Trackey/trackey/research/EXTRACTED_HMDB51_FEATURES/pullup_Metaphysics_Pull_up_specialist_pullup_u_cm_np1_fr_med_3.pt,pullup,26
/data/dev/projects/ai/Trackey/trackey/research/EXTRACTED_HMDB51_FEATURES/pullup_Metaphysics_Pull_up_specialist_pullup_u_cm_np1_fr_med_4.pt,pullup,26
/data/dev/projects/ai/Trackey/trackey/research/EXTRACTED_HMDB51_FEATURES/pullup_Metaphysics_Pull_up_specialist_pullup_u_cm_np1_fr_med_5.pt,pullup,26
/data/dev/projects/ai/Trackey/trackey/research/EXTRACTED_HMDB51_FEATURES/pullup_Perfect_Pull_Up_-_How_To_Do_Pull_Ups_pullup_u_cm_np1_fr_goo_0.pt,pullup,26
/data/dev/projects/ai/Trackey/trackey/research/EXTRACTED_HMDB51_FEATURES/pullup_Perfect_Pull_Up_-_How_To_Do_Pull_Ups_pullup_u_cm_np1_fr_goo_1.pt,pullup,26
/data/dev/projects/ai/Trackey/trackey/research/EXTRACTED_HMDB51_FEATURES/pullup_Perfect_Pull_Up_-_How_To_Do_Pull_Ups_pullup_u_cm_np1_fr_goo_2.pt,pullup,26
/data/dev/projects/ai/Trackey/trackey/research/EXTRACTED_HMDB51_FEATURES/pullup_Proper_Way_to_Do_Pull_Ups_pullup_f_nm_np1_ri_goo_0.pt,pullup,26
/data/dev/projects/ai/Trackey/trackey/research/EXTRACTED_HMDB51_FEATURES/pullup_Proper_Way_to_Do_Pull_Ups_pullup_f_nm_np1_ri_goo_1.pt,pullup,26
/data/dev/projects/ai/Trackey/trackey/research/EXTRACTED_HMDB51_FEATURES/pullup_Proper_Way_to_Do_Pull_Ups_pullup_f_nm_np1_ri_goo_2.pt,pullup,26
/data/dev/projects/ai/Trackey/trackey/research/EXTRACTED_HMDB51_FEATURES/pullup_Proper_Way_to_Do_Pull_Ups_pullup_u_nm_np1_ri_goo_3.pt,pullup,26
/data/dev/projects/ai/Trackey/trackey/research/EXTRACTED_HMDB51_FEATURES/pullup_Proper_Way_to_Do_Pull_Ups_pullup_u_nm_np1_ri_goo_4.pt,pullup,26
/data/dev/projects/ai/Trackey/trackey/research/EXTRACTED_HMDB51_FEATURES/pullup_Pull-ups-_Nicole_Weeks_pullup_u_cm_np1_le_goo_0.pt,pullup,26
/data/dev/projects/ai/Trackey/trackey/research/EXTRACTED_HMDB51_FEATURES/pullup_Pull-ups-_Nicole_Weeks_pullup_u_cm_np1_le_goo_1.pt,pullup,26
/data/dev/projects/ai/Trackey/trackey/research/EXTRACTED_HMDB51_FEATURES/pullup_Pull-ups-_Nicole_Weeks_pullup_u_cm_np1_le_goo_2.pt,pullup,26
/data/dev/projects/ai/Trackey/trackey/research/EXTRACTED_HMDB51_FEATURES/pullup_Pull-ups_+_Push_ups-_a_time-saving_workout_pullup_u_cm_np1_ri_med_0.pt,pullup,26
/data/dev/projects/ai/Trackey/trackey/research/EXTRACTED_HMDB51_FEATURES/pullup_Pull-ups_+_Push_ups-_a_time-saving_workout_pullup_u_cm_np1_ri_med_1.pt,pullup,26
/data/dev/projects/ai/Trackey/trackey/research/EXTRACTED_HMDB51_FEATURES/pullup_Pull-ups_+_Push_ups-_a_time-saving_workout_pullup_u_cm_np1_ri_med_2.pt,pullup,26
/data/dev/projects/ai/Trackey/trackey/research/EXTRACTED_HMDB51_FEATURES/pullup_Pull_ups-_77_for_8_minutes_without_rest_pullup_u_cm_np1_fr_bad_0.pt,pullup,26
/data/dev/projects/ai/Trackey/trackey/research/EXTRACTED_HMDB51_FEATURES/pullup_Pull_ups-_77_for_8_minutes_without_rest_pullup_u_cm_np1_fr_bad_1.pt,pullup,26
/data/dev/projects/ai/Trackey/trackey/research/EXTRACTED_HMDB51_FEATURES/pullup_Pull_ups-_77_for_8_minutes_without_rest_pullup_u_cm_np1_fr_bad_2.pt,pullup,26
/data/dev/projects/ai/Trackey/trackey/research/EXTRACTED_HMDB51_FEATURES/pullup_Random_Pull_Up_Exercises_pullup_f_nm_np1_ba_med_0.pt,pullup,26
/data/dev/projects/ai/Trackey/trackey/research/EXTRACTED_HMDB51_FEATURES/pullup_Random_Pull_Up_Exercises_pullup_f_nm_np1_ba_med_1.pt,pullup,26
/data/dev/projects/ai/Trackey/trackey/research/EXTRACTED_HMDB51_FEATURES/pullup_Random_Pull_Up_Exercises_pullup_f_nm_np1_fr_med_2.pt,pullup,26
/data/dev/projects/ai/Trackey/trackey/research/EXTRACTED_HMDB51_FEATURES/pullup_Random_Pull_Up_Exercises_pullup_f_nm_np1_fr_med_3.pt,pullup,26
/data/dev/projects/ai/Trackey/trackey/research/EXTRACTED_HMDB51_FEATURES/pullup_Strong_Girl_Gymnast_Does_20+_Pull_Ups_Chin_Up_marcusbondi_pullup_f_cm_np1_fr_med_0.pt,pullup,26
/data/dev/projects/ai/Trackey/trackey/research/EXTRACTED_HMDB51_FEATURES/pullup_Strong_Girl_Gymnast_Does_20+_Pull_Ups_Chin_Up_marcusbondi_pullup_f_cm_np1_fr_med_1.pt,pullup,26
/data/dev/projects/ai/Trackey/trackey/research/EXTRACTED_HMDB51_FEATURES/pullup_Strong_Girl_Gymnast_Does_20+_Pull_Ups_Chin_Up_marcusbondi_pullup_f_cm_np1_fr_med_2.pt,pullup,26
/data/dev/projects/ai/Trackey/trackey/research/EXTRACTED_HMDB51_FEATURES/pullup_Super_Training_Pull_Ups_pullup_f_cm_np1_ba_med_0.pt,pullup,26
/data/dev/projects/ai/Trackey/trackey/research/EXTRACTED_HMDB51_FEATURES/pullup_Super_Training_Pull_Ups_pullup_f_cm_np1_ba_med_1.pt,pullup,26
/data/dev/projects/ai/Trackey/trackey/research/EXTRACTED_HMDB51_FEATURES/pullup_Super_Training_Pull_Ups_pullup_f_cm_np1_ba_med_2.pt,pullup,26
/data/dev/projects/ai/Trackey/trackey/research/EXTRACTED_HMDB51_FEATURES/pullup_girl_pull_ups_fitness_exercise_pullups_pullup_f_cm_np1_fr_med_0.pt,pullup,26
/data/dev/projects/ai/Trackey/trackey/research/EXTRACTED_HMDB51_FEATURES/pullup_girl_pull_ups_fitness_exercise_pullups_pullup_f_cm_np1_fr_med_1.pt,pullup,26
/data/dev/projects/ai/Trackey/trackey/research/EXTRACTED_HMDB51_FEATURES/pullup_girl_pull_ups_fitness_exercise_pullups_pullup_f_cm_np1_fr_med_2.pt,pullup,26
/data/dev/projects/ai/Trackey/trackey/research/EXTRACTED_HMDB51_FEATURES/pullup_pull_ups_pullup_u_nm_np1_ba_med_0.pt,pullup,26
/data/dev/projects/ai/Trackey/trackey/research/EXTRACTED_HMDB51_FEATURES/pullup_pull_ups_pullup_u_nm_np1_ba_med_1.pt,pullup,26
/data/dev/projects/ai/Trackey/trackey/research/EXTRACTED_HMDB51_FEATURES/pullup_pull_ups_pullup_u_nm_np1_ba_med_2.pt,pullup,26
/data/dev/projects/ai/Trackey/trackey/research/EXTRACTED_HMDB51_FEATURES/pullup_pull_ups_pullup_u_nm_np1_fr_med_3.pt,pullup,26
/data/dev/projects/ai/Trackey/trackey/research/EXTRACTED_HMDB51_FEATURES/pullup_pull_ups_pullup_u_nm_np1_fr_med_4.pt,pullup,26
/data/dev/projects/ai/Trackey/trackey/research/EXTRACTED_HMDB51_FEATURES/pullup_pull_ups_pullup_u_nm_np1_fr_med_5.pt,pullup,26
/data/dev/projects/ai/Trackey/trackey/research/EXTRACTED_HMDB51_FEATURES/punch_50_FIRST_DATES_punch_f_nm_np1_ri_med_15.pt,punch,27
/data/dev/projects/ai/Trackey/trackey/research/EXTRACTED_HMDB51_FEATURES/punch_50_FIRST_DATES_punch_f_nm_np1_ri_med_16.pt,punch,27
/data/dev/projects/ai/Trackey/trackey/research/EXTRACTED_HMDB51_FEATURES/punch_A_Beautiful_Mind_4_punch_h_nm_np1_ba_med_11.pt,punch,27
/data/dev/projects/ai/Trackey/trackey/research/EXTRACTED_HMDB51_FEATURES/punch_AdvancedBoxingTechniquesandExercises_punch_u_nm_np1_ba_med_14.pt,punch,27
/data/dev/projects/ai/Trackey/trackey/research/EXTRACTED_HMDB51_FEATURES/punch_AdvancedBoxingTechniquesandExercises_punch_u_nm_np1_ba_med_23.pt,punch,27
/data/dev/projects/ai/Trackey/trackey/research/EXTRACTED_HMDB51_FEATURES/punch_AdvancedBoxingTechniquesandExercises_punch_u_nm_np1_ba_med_5.pt,punch,27
/data/dev/projects/ai/Trackey/trackey/research/EXTRACTED_HMDB51_FEATURES/punch_AdvancedBoxingTechniquesandExercises_punch_u_nm_np1_ba_med_7.pt,punch,27
/data/dev/projects/ai/Trackey/trackey/research/EXTRACTED_HMDB51_FEATURES/punch_AdvancedBoxingTechniquesandExercises_punch_u_nm_np1_fr_med_0.pt,punch,27
/data/dev/projects/ai/Trackey/trackey/research/EXTRACTED_HMDB51_FEATURES/punch_AdvancedBoxingTechniquesandExercises_punch_u_nm_np1_fr_med_12.pt,punch,27
/data/dev/projects/ai/Trackey/trackey/research/EXTRACTED_HMDB51_FEATURES/punch_AdvancedBoxingTechniquesandExercises_punch_u_nm_np1_fr_med_16.pt,punch,27
/data/dev/projects/ai/Trackey/trackey/research/EXTRACTED_HMDB51_FEATURES/punch_AdvancedBoxingTechniquesandExercises_punch_u_nm_np1_fr_med_19.pt,punch,27
/data/dev/projects/ai/Trackey/trackey/research/EXTRACTED_HMDB51_FEATURES/punch_AdvancedBoxingTechniquesandExercises_punch_u_nm_np1_fr_med_2.pt,punch,27
/data/dev/projects/ai/Trackey/trackey/research/EXTRACTED_HMDB51_FEATURES/punch_AdvancedBoxingTechniquesandExercises_punch_u_nm_np1_le_med_3.pt,punch,27
/data/dev/projects/ai/Trackey/trackey/research/EXTRACTED_HMDB51_FEATURES/punch_AdvancedBoxingTechniquesandExercises_punch_u_nm_np1_le_med_4.pt,punch,27
/data/dev/projects/ai/Trackey/trackey/research/EXTRACTED_HMDB51_FEATURES/punch_AdvancedBoxingTechniquesandExercises_punch_u_nm_np1_ri_med_1.pt,punch,27
/data/dev/projects/ai/Trackey/trackey/research/EXTRACTED_HMDB51_FEATURES/punch_AdvancedBoxingTechniquesandExercises_punch_u_nm_np1_ri_med_10.pt,punch,27
/data/dev/projects/ai/Trackey/trackey/research/EXTRACTED_HMDB51_FEATURES/punch_AdvancedBoxingTechniquesandExercises_punch_u_nm_np1_ri_med_11.pt,punch,27
/data/dev/projects/ai/Trackey/trackey/research/EXTRACTED_HMDB51_FEATURES/punch_AdvancedBoxingTechniquesandExercises_punch_u_nm_np1_ri_med_13.pt,punch,27
/data/dev/projects/ai/Trackey/trackey/research/EXTRACTED_HMDB51_FEATURES/punch_AdvancedBoxingTechniquesandExercises_punch_u_nm_np1_ri_med_15.pt,punch,27
/data/dev/projects/ai/Trackey/trackey/research/EXTRACTED_HMDB51_FEATURES/punch_AdvancedBoxingTechniquesandExercises_punch_u_nm_np1_ri_med_17.pt,punch,27
/data/dev/projects/ai/Trackey/trackey/research/EXTRACTED_HMDB51_FEATURES/punch_AdvancedBoxingTechniquesandExercises_punch_u_nm_np1_ri_med_18.pt,punch,27
/data/dev/projects/ai/Trackey/trackey/research/EXTRACTED_HMDB51_FEATURES/punch_AdvancedBoxingTechniquesandExercises_punch_u_nm_np1_ri_med_20.pt,punch,27
/data/dev/projects/ai/Trackey/trackey/research/EXTRACTED_HMDB51_FEATURES/punch_AdvancedBoxingTechniquesandExercises_punch_u_nm_np1_ri_med_21.pt,punch,27
/data/dev/projects/ai/Trackey/trackey/research/EXTRACTED_HMDB51_FEATURES/punch_AdvancedBoxingTechniquesandExercises_punch_u_nm_np1_ri_med_22.pt,punch,27
/data/dev/projects/ai/Trackey/trackey/research/EXTRACTED_HMDB51_FEATURES/punch_AdvancedBoxingTechniquesandExercises_punch_u_nm_np1_ri_med_24.pt,punch,27
/data/dev/projects/ai/Trackey/trackey/research/EXTRACTED_HMDB51_FEATURES/punch_AdvancedBoxingTechniquesandExercises_punch_u_nm_np1_ri_med_6.pt,punch,27
/data/dev/projects/ai/Trackey/trackey/research/EXTRACTED_HMDB51_FEATURES/punch_AdvancedBoxingTechniquesandExercises_punch_u_nm_np1_ri_med_8.pt,punch,27
/data/dev/projects/ai/Trackey/trackey/research/EXTRACTED_HMDB51_FEATURES/punch_AdvancedBoxingTechniquesandExercises_punch_u_nm_np1_ri_med_9.pt,punch,27
/data/dev/projects/ai/Trackey/trackey/research/EXTRACTED_HMDB51_FEATURES/punch_BATMAN_BEGINS_punch_h_nm_np1_ba_bad_7.pt,punch,27
/data/dev/projects/ai/Trackey/trackey/research/EXTRACTED_HMDB51_FEATURES/punch_BeginnerKyokushinKarateTechniques_punch_f_nm_np2_fr_med_0.pt,punch,27
/data/dev/projects/ai/Trackey/trackey/research/EXTRACTED_HMDB51_FEATURES/punch_BeginnerKyokushinKarateTechniques_punch_f_nm_np2_fr_med_1.pt,punch,27
/data/dev/projects/ai/Trackey/trackey/research/EXTRACTED_HMDB51_FEATURES/punch_BeginnerKyokushinKarateTechniques_punch_f_nm_np2_fr_med_2.pt,punch,27
/data/dev/projects/ai/Trackey/trackey/research/EXTRACTED_HMDB51_FEATURES/punch_BoxingTipsHowtoBuildPunchingPower_punch_u_cm_np1_fr_goo_0.pt,punch,27
/data/dev/projects/ai/Trackey/trackey/research/EXTRACTED_HMDB51_FEATURES/punch_BoxingTipsHowtoBuildPunchingPower_punch_u_cm_np1_fr_goo_1.pt,punch,27
/data/dev/projects/ai/Trackey/trackey/research/EXTRACTED_HMDB51_FEATURES/punch_BoxingTipsHowtoBuildPunchingPower_punch_u_cm_np1_fr_goo_2.pt,punch,27
/data/dev/projects/ai/Trackey/trackey/research/EXTRACTED_HMDB51_FEATURES/punch_BoxingTipsHowtoBuildPunchingPower_punch_u_cm_np1_fr_med_3.pt,punch,27
/data/dev/projects/ai/Trackey/trackey/research/EXTRACTED_HMDB51_FEATURES/punch_BoxingTipsHowtoBuildPunchingPower_punch_u_cm_np1_fr_med_4.pt,punch,27
/data/dev/projects/ai/Trackey/trackey/research/EXTRACTED_HMDB51_FEATURES/punch_BoxingTipsHowtoMakeKnucklesStronger_punch_u_cm_np1_ri_goo_1.pt,punch,27
/data/dev/projects/ai/Trackey/trackey/research/EXTRACTED_HMDB51_FEATURES/punch_BoxingTipsHowtoMakeKnucklesStronger_punch_u_cm_np1_ri_goo_2.pt,punch,27
/data/dev/projects/ai/Trackey/trackey/research/EXTRACTED_HMDB51_FEATURES/punch_BoxingTipsHowtoMakeKnucklesStronger_punch_u_cm_np1_ri_goo_3.pt,punch,27
/data/dev/projects/ai/Trackey/trackey/research/EXTRACTED_HMDB51_FEATURES/punch_BoxingTipsHowtoMakeKnucklesStronger_punch_u_cm_np1_ri_goo_4.pt,punch,27
/data/dev/projects/ai/Trackey/trackey/research/EXTRACTED_HMDB51_FEATURES/punch_BoxingTipsHowtoMakeKnucklesStronger_punch_u_cm_np1_ri_goo_5.pt,punch,27
/data/dev/projects/ai/Trackey/trackey/research/EXTRACTED_HMDB51_FEATURES/punch_BoxingTipsHowtoMakeKnucklesStronger_punch_u_nm_np1_ri_goo_0.pt,punch,27
/data/dev/projects/ai/Trackey/trackey/research/EXTRACTED_HMDB51_FEATURES/punch_CharlieAndTheChocolateFactory_punch_u_cm_np1_ri_med_11.pt,punch,27
/data/dev/projects/ai/Trackey/trackey/research/EXTRACTED_HMDB51_FEATURES/punch_CharlieAndTheChocolateFactory_punch_u_nm_np1_le_med_12.pt,punch,27
/data/dev/projects/ai/Trackey/trackey/research/EXTRACTED_HMDB51_FEATURES/punch_Crash_punch_h_cm_np1_ri_med_18.pt,punch,27
/data/dev/projects/ai/Trackey/trackey/research/EXTRACTED_HMDB51_FEATURES/punch_Eurotrip_punch_u_cm_np1_ri_goo_1.pt,punch,27
/data/dev/projects/ai/Trackey/trackey/research/EXTRACTED_HMDB51_FEATURES/punch_Fellowship_7_punch_u_cm_np1_ba_med_13.pt,punch,27
/data/dev/projects/ai/Trackey/trackey/research/EXTRACTED_HMDB51_FEATURES/punch_Glory_punch_f_nm_np1_fr_med_36.pt,punch,27
/data/dev/projects/ai/Trackey/trackey/research/EXTRACTED_HMDB51_FEATURES/punch_Glory_punch_u_cm_np1_ba_med_50.pt,punch,27
/data/dev/projects/ai/Trackey/trackey/research/EXTRACTED_HMDB51_FEATURES/punch_Glory_punch_u_cm_np1_fr_bad_37.pt,punch,27
/data/dev/projects/ai/Trackey/trackey/research/EXTRACTED_HMDB51_FEATURES/punch_Glory_punch_u_cm_np1_fr_bad_43.pt,punch,27
/data/dev/projects/ai/Trackey/trackey/research/EXTRACTED_HMDB51_FEATURES/punch_HARD_FACE_SLAP_COMPILATION_-_THE_FUNNIEST_FACE_SLAPS_EVER!!_-_Old_school_Vids_punch_f_cm_np1_fr_bad_0.pt,punch,27
/data/dev/projects/ai/Trackey/trackey/research/EXTRACTED_HMDB51_FEATURES/punch_HARD_FACE_SLAP_COMPILATION_punch_u_cm_np1_ri_bad_2.pt,punch,27
/data/dev/projects/ai/Trackey/trackey/research/EXTRACTED_HMDB51_FEATURES/punch_HP_PRISONER_OF_AZKABAN_punch_u_cm_np1_ba_med_24.pt,punch,27
/data/dev/projects/ai/Trackey/trackey/research/EXTRACTED_HMDB51_FEATURES/punch_Italian_Job_4_punch_u_cm_np1_fr_med_1.pt,punch,27
/data/dev/projects/ai/Trackey/trackey/research/EXTRACTED_HMDB51_FEATURES/punch_KUNG_FU_HUSTLE_punch_u_cm_np1_fr_med_14.pt,punch,27
/data/dev/projects/ai/Trackey/trackey/research/EXTRACTED_HMDB51_FEATURES/punch_KUNG_FU_HUSTLE_punch_u_cm_np1_fr_med_30.pt,punch,27
/data/dev/projects/ai/Trackey/trackey/research/EXTRACTED_HMDB51_FEATURES/punch_KUNG_FU_HUSTLE_punch_u_cm_np2_ri_med_31.pt,punch,27
/data/dev/projects/ai/Trackey/trackey/research/EXTRACTED_HMDB51_FEATURES/punch_KUNG_FU_HUSTLE_punch_u_nm_np1_fr_med_53.pt,punch,27
/data/dev/projects/ai/Trackey/trackey/research/EXTRACTED_HMDB51_FEATURES/punch_KUNG_FU_HUSTLE_punch_u_nm_np1_ri_med_32.pt,punch,27
/data/dev/projects/ai/Trackey/trackey/research/EXTRACTED_HMDB51_FEATURES/punch_KUNG_FU_HUSTLE_punch_u_nm_np1_ri_med_51.pt,punch,27
/data/dev/projects/ai/Trackey/trackey/research/EXTRACTED_HMDB51_FEATURES/punch_LivefreeorDieHard_punch_u_cm_np1_fr_med_1.pt,punch,27
/data/dev/projects/ai/Trackey/trackey/research/EXTRACTED_HMDB51_FEATURES/punch_LivefreeorDieHard_punch_u_cm_np1_fr_med_4.pt,punch,27
/data/dev/projects/ai/Trackey/trackey/research/EXTRACTED_HMDB51_FEATURES/punch_Man_Who_Cheated_Himself_512kb_punch_u_cm_np1_ba_med_12.pt,punch,27
/data/dev/projects/ai/Trackey/trackey/research/EXTRACTED_HMDB51_FEATURES/punch_Oceans11_punch_u_nm_np1_fr_med_9.pt,punch,27
/data/dev/projects/ai/Trackey/trackey/research/EXTRACTED_HMDB51_FEATURES/punch_OldSchool_punch_u_cm_np1_ba_bad_27.pt,punch,27
/data/dev/projects/ai/Trackey/trackey/research/EXTRACTED_HMDB51_FEATURES/punch_OldSchool_punch_u_nm_np1_le_med_23.pt,punch,27
/data/dev/projects/ai/Trackey/trackey/research/EXTRACTED_HMDB51_FEATURES/punch_PracticingBoxingonaDoubleEndBag-LeadRightwithaHook_punch_u_nm_np1_fr_med_0.pt,punch,27
/data/dev/projects/ai/Trackey/trackey/research/EXTRACTED_HMDB51_FEATURES/punch_PracticingBoxingonaDoubleEndBag-LeadRightwithaHook_punch_u_nm_np1_fr_med_1.pt,punch,27
/data/dev/projects/ai/Trackey/trackey/research/EXTRACTED_HMDB51_FEATURES/punch_PracticingBoxingonaDoubleEndBag-LeadRightwithaHook_punch_u_nm_np1_fr_med_10.pt,punch,27
/data/dev/projects/ai/Trackey/trackey/research/EXTRACTED_HMDB51_FEATURES/punch_PracticingBoxingonaDoubleEndBag-LeadRightwithaHook_punch_u_nm_np1_fr_med_11.pt,punch,27
/data/dev/projects/ai/Trackey/trackey/research/EXTRACTED_HMDB51_FEATURES/punch_PracticingBoxingonaDoubleEndBag-LeadRightwithaHook_punch_u_nm_np1_fr_med_12.pt,punch,27
/data/dev/projects/ai/Trackey/trackey/research/EXTRACTED_HMDB51_FEATURES/punch_PracticingBoxingonaDoubleEndBag-LeadRightwithaHook_punch_u_nm_np1_fr_med_13.pt,punch,27
/data/dev/projects/ai/Trackey/trackey/research/EXTRACTED_HMDB51_FEATURES/punch_PracticingBoxingonaDoubleEndBag-LeadRightwithaHook_punch_u_nm_np1_fr_med_14.pt,punch,27
/data/dev/projects/ai/Trackey/trackey/research/EXTRACTED_HMDB51_FEATURES/punch_PracticingBoxingonaDoubleEndBag-LeadRightwithaHook_punch_u_nm_np1_fr_med_2.pt,punch,27
/data/dev/projects/ai/Trackey/trackey/research/EXTRACTED_HMDB51_FEATURES/punch_PracticingBoxingonaDoubleEndBag-LeadRightwithaHook_punch_u_nm_np1_fr_med_3.pt,punch,27
/data/dev/projects/ai/Trackey/trackey/research/EXTRACTED_HMDB51_FEATURES/punch_PracticingBoxingonaDoubleEndBag-LeadRightwithaHook_punch_u_nm_np1_fr_med_4.pt,punch,27
/data/dev/projects/ai/Trackey/trackey/research/EXTRACTED_HMDB51_FEATURES/punch_PracticingBoxingonaDoubleEndBag-LeadRightwithaHook_punch_u_nm_np1_fr_med_5.pt,punch,27
/data/dev/projects/ai/Trackey/trackey/research/EXTRACTED_HMDB51_FEATURES/punch_PracticingBoxingonaDoubleEndBag-LeadRightwithaHook_punch_u_nm_np1_fr_med_6.pt,punch,27
/data/dev/projects/ai/Trackey/trackey/research/EXTRACTED_HMDB51_FEATURES/punch_PracticingBoxingonaDoubleEndBag-LeadRightwithaHook_punch_u_nm_np1_fr_med_7.pt,punch,27
/data/dev/projects/ai/Trackey/trackey/research/EXTRACTED_HMDB51_FEATURES/punch_PracticingBoxingonaDoubleEndBag-LeadRightwithaHook_punch_u_nm_np1_fr_med_8.pt,punch,27
/data/dev/projects/ai/Trackey/trackey/research/EXTRACTED_HMDB51_FEATURES/punch_PracticingBoxingonaDoubleEndBag-LeadRightwithaHook_punch_u_nm_np1_fr_med_9.pt,punch,27
/data/dev/projects/ai/Trackey/trackey/research/EXTRACTED_HMDB51_FEATURES/punch_RETURN_OF_THE_KING_punch_f_cm_np1_ba_bad_27.pt,punch,27
/data/dev/projects/ai/Trackey/trackey/research/EXTRACTED_HMDB51_FEATURES/punch_RETURN_OF_THE_KING_punch_u_cm_np1_ri_med_34.pt,punch,27
/data/dev/projects/ai/Trackey/trackey/research/EXTRACTED_HMDB51_FEATURES/punch_Return_of_the_King_10_punch_u_cm_np1_ba_med_0.pt,punch,27
/data/dev/projects/ai/Trackey/trackey/research/EXTRACTED_HMDB51_FEATURES/punch_Return_of_the_King_10_punch_u_cm_np1_ri_med_1.pt,punch,27
/data/dev/projects/ai/Trackey/trackey/research/EXTRACTED_HMDB51_FEATURES/punch_Return_of_the_King_4_punch_u_cm_np1_le_bad_0.pt,punch,27
/data/dev/projects/ai/Trackey/trackey/research/EXTRACTED_HMDB51_FEATURES/punch_Return_of_the_King_5_punch_u_nm_np1_fr_bad_2.pt,punch,27
/data/dev/projects/ai/Trackey/trackey/research/EXTRACTED_HMDB51_FEATURES/punch_THE_PROTECTOR_punch_f_cm_np1_ba_med_26.pt,punch,27
/data/dev/projects/ai/Trackey/trackey/research/EXTRACTED_HMDB51_FEATURES/punch_THE_PROTECTOR_punch_f_cm_np1_ba_med_49.pt,punch,27
/data/dev/projects/ai/Trackey/trackey/research/EXTRACTED_HMDB51_FEATURES/punch_THE_PROTECTOR_punch_f_cm_np1_le_bad_32.pt,punch,27
/data/dev/projects/ai/Trackey/trackey/research/EXTRACTED_HMDB51_FEATURES/punch_THE_PROTECTOR_punch_u_cm_np1_ba_med_82.pt,punch,27
/data/dev/projects/ai/Trackey/trackey/research/EXTRACTED_HMDB51_FEATURES/punch_THE_PROTECTOR_punch_u_cm_np1_fr_med_7.pt,punch,27
/data/dev/projects/ai/Trackey/trackey/research/EXTRACTED_HMDB51_FEATURES/punch_THE_PROTECTOR_punch_u_cm_np1_ri_med_76.pt,punch,27
/data/dev/projects/ai/Trackey/trackey/research/EXTRACTED_HMDB51_FEATURES/punch_TheBoondockSaints_punch_f_cm_np1_ri_bad_36.pt,punch,27
/data/dev/projects/ai/Trackey/trackey/research/EXTRACTED_HMDB51_FEATURES/punch_TheBoondockSaints_punch_h_nm_np1_fr_bad_105.pt,punch,27
/data/dev/projects/ai/Trackey/trackey/research/EXTRACTED_HMDB51_FEATURES/punch_TheBoondockSaints_punch_u_cm_np1_ri_bad_68.pt,punch,27
/data/dev/projects/ai/Trackey/trackey/research/EXTRACTED_HMDB51_FEATURES/punch_TheBoondockSaints_punch_u_nm_np1_le_bad_37.pt,punch,27
/data/dev/projects/ai/Trackey/trackey/research/EXTRACTED_HMDB51_FEATURES/punch_The_Departed_-_Part_1_punch_h_cm_np1_fr_bad_3.pt,punch,27
/data/dev/projects/ai/Trackey/trackey/research/EXTRACTED_HMDB51_FEATURES/punch_The_Fugitive_6_punch_u_cm_np1_ba_med_12.pt,punch,27
/data/dev/projects/ai/Trackey/trackey/research/EXTRACTED_HMDB51_FEATURES/punch_The_Fugitive_6_punch_u_cm_np1_fr_med_11.pt,punch,27
/data/dev/projects/ai/Trackey/trackey/research/EXTRACTED_HMDB51_FEATURES/punch_The_Matrix_2_punch_u_cm_np2_ri_med_4.pt,punch,27
/data/dev/projects/ai/Trackey/trackey/research/EXTRACTED_HMDB51_FEATURES/punch_The_Matrix_3_punch_u_cm_np1_le_goo_3.pt,punch,27
/data/dev/projects/ai/Trackey/trackey/research/EXTRACTED_HMDB51_FEATURES/punch_The_Matrix_3_punch_u_cm_np2_le_med_6.pt,punch,27
/data/dev/projects/ai/Trackey/trackey/research/EXTRACTED_HMDB51_FEATURES/punch_The_Matrix_4_punch_u_cm_np1_fr_med_4.pt,punch,27
/data/dev/projects/ai/Trackey/trackey/research/EXTRACTED_HMDB51_FEATURES/punch_The_Matrix_4_punch_u_nm_np1_fr_bad_3.pt,punch,27
/data/dev/projects/ai/Trackey/trackey/research/EXTRACTED_HMDB51_FEATURES/punch_The_Matrix_5_punch_u_cm_np1_fr_med_18.pt,punch,27
/data/dev/projects/ai/Trackey/trackey/research/EXTRACTED_HMDB51_FEATURES/punch_The_Matrix_5_punch_u_cm_np1_le_med_15.pt,punch,27
/data/dev/projects/ai/Trackey/trackey/research/EXTRACTED_HMDB51_FEATURES/punch_The_Matrix_5_punch_u_cm_np1_le_med_17.pt,punch,27
/data/dev/projects/ai/Trackey/trackey/research/EXTRACTED_HMDB51_FEATURES/punch_The_Matrix_5_punch_u_nm_np1_ba_med_20.pt,punch,27
/data/dev/projects/ai/Trackey/trackey/research/EXTRACTED_HMDB51_FEATURES/punch_The_Matrix_Revolutions_6_punch_u_nm_np1_fr_med_9.pt,punch,27
/data/dev/projects/ai/Trackey/trackey/research/EXTRACTED_HMDB51_FEATURES/punch_The_Matrix_Revolutions_6_punch_u_nm_np1_le_med_5.pt,punch,27
/data/dev/projects/ai/Trackey/trackey/research/EXTRACTED_HMDB51_FEATURES/punch_The_Matrix_Revolutions_6_punch_u_nm_np2_ri_med_1.pt,punch,27
/data/dev/projects/ai/Trackey/trackey/research/EXTRACTED_HMDB51_FEATURES/punch_TrumanShow_punch_u_cm_np1_ba_bad_30.pt,punch,27
/data/dev/projects/ai/Trackey/trackey/research/EXTRACTED_HMDB51_FEATURES/punch_Two_Towers_3_punch_u_cm_np1_fr_bad_3.pt,punch,27
/data/dev/projects/ai/Trackey/trackey/research/EXTRACTED_HMDB51_FEATURES/punch_Two_Towers_3_punch_u_nm_np1_fr_bad_4.pt,punch,27
/data/dev/projects/ai/Trackey/trackey/research/EXTRACTED_HMDB51_FEATURES/punch_Two_Towers_6_punch_h_nm_np1_fr_med_10.pt,punch,27
/data/dev/projects/ai/Trackey/trackey/research/EXTRACTED_HMDB51_FEATURES/punch_Two_Towers_6_punch_u_cm_np1_fr_bad_5.pt,punch,27
/data/dev/projects/ai/Trackey/trackey/research/EXTRACTED_HMDB51_FEATURES/punch_Two_Towers_6_punch_u_cm_np1_ri_med_6.pt,punch,27
/data/dev/projects/ai/Trackey/trackey/research/EXTRACTED_HMDB51_FEATURES/punch_Veoh_Alpha_Dog_1_punch_f_nm_np1_ri_med_47.pt,punch,27
/data/dev/projects/ai/Trackey/trackey/research/EXTRACTED_HMDB51_FEATURES/punch_Veoh_Alpha_Dog_1_punch_h_cm_np1_ba_med_51.pt,punch,27
/data/dev/projects/ai/Trackey/trackey/research/EXTRACTED_HMDB51_FEATURES/punch_Veoh_Alpha_Dog_1_punch_u_cm_np1_ba_med_52.pt,punch,27
/data/dev/projects/ai/Trackey/trackey/research/EXTRACTED_HMDB51_FEATURES/punch_kick__bruce_lee_v_s_japanese_punch_u_cm_np1_ri_bad_2.pt,punch,27
/data/dev/projects/ai/Trackey/trackey/research/EXTRACTED_HMDB51_FEATURES/punch_kick__bruce_lee_v_s_japanese_punch_u_cm_np1_ri_bad_3.pt,punch,27
/data/dev/projects/ai/Trackey/trackey/research/EXTRACTED_HMDB51_FEATURES/punch_kick__bruce_lee_v_s_japanese_punch_u_cm_np1_ri_bad_4.pt,punch,27
/data/dev/projects/ai/Trackey/trackey/research/EXTRACTED_HMDB51_FEATURES/push_Alexander_pushing_the_table_push_f_cm_np1_ba_bad_1.pt,push,28
/data/dev/projects/ai/Trackey/trackey/research/EXTRACTED_HMDB51_FEATURES/push_Alexander_pushing_the_table_push_f_cm_np1_le_bad_0.pt,push,28
/data/dev/projects/ai/Trackey/trackey/research/EXTRACTED_HMDB51_FEATURES/push_Alexander_pushing_the_table_push_f_cm_np1_ri_bad_3.pt,push,28
/data/dev/projects/ai/Trackey/trackey/research/EXTRACTED_HMDB51_FEATURES/push_Alexander_pushing_the_table_push_u_cm_np1_fr_med_2.pt,push,28
/data/dev/projects/ai/Trackey/trackey/research/EXTRACTED_HMDB51_FEATURES/push_American_History_X_push_u_nm_np1_ba_med_22.pt,push,28
/data/dev/projects/ai/Trackey/trackey/research/EXTRACTED_HMDB51_FEATURES/push_Ashleigh_Staley_Truck_Push_push_f_cm_np1_ba_med_2.pt,push,28
/data/dev/projects/ai/Trackey/trackey/research/EXTRACTED_HMDB51_FEATURES/push_Ashleigh_Staley_Truck_Push_push_f_cm_np1_ba_med_3.pt,push,28
/data/dev/projects/ai/Trackey/trackey/research/EXTRACTED_HMDB51_FEATURES/push_Ashleigh_Staley_Truck_Push_push_f_cm_np1_ba_med_4.pt,push,28
/data/dev/projects/ai/Trackey/trackey/research/EXTRACTED_HMDB51_FEATURES/push_Ashleigh_Staley_Truck_Push_push_f_cm_np1_ri_med_0.pt,push,28
/data/dev/projects/ai/Trackey/trackey/research/EXTRACTED_HMDB51_FEATURES/push_Ashleigh_Staley_Truck_Push_push_f_cm_np1_ri_med_1.pt,push,28
/data/dev/projects/ai/Trackey/trackey/research/EXTRACTED_HMDB51_FEATURES/push_Baby_Push_Cart_push_f_cm_np1_ri_bad_0.pt,push,28
/data/dev/projects/ai/Trackey/trackey/research/EXTRACTED_HMDB51_FEATURES/push_Baby_Push_Cart_push_f_cm_np1_ri_bad_1.pt,push,28
/data/dev/projects/ai/Trackey/trackey/research/EXTRACTED_HMDB51_FEATURES/push_Baby_Push_Cart_push_f_cm_np1_ri_bad_2.pt,push,28
/data/dev/projects/ai/Trackey/trackey/research/EXTRACTED_HMDB51_FEATURES/push_Big_Bebe_walking_and_pushing_her_lion_in_a_box!_push_f_cm_np1_ba_bad_1.pt,push,28
/data/dev/projects/ai/Trackey/trackey/research/EXTRACTED_HMDB51_FEATURES/push_Big_Bebe_walking_and_pushing_her_lion_in_a_box!_push_f_cm_np1_ba_bad_4.pt,push,28
/data/dev/projects/ai/Trackey/trackey/research/EXTRACTED_HMDB51_FEATURES/push_Big_Bebe_walking_and_pushing_her_lion_in_a_box!_push_f_cm_np1_ba_bad_7.pt,push,28
/data/dev/projects/ai/Trackey/trackey/research/EXTRACTED_HMDB51_FEATURES/push_Big_Bebe_walking_and_pushing_her_lion_in_a_box!_push_f_cm_np1_fr_bad_3.pt,push,28
/data/dev/projects/ai/Trackey/trackey/research/EXTRACTED_HMDB51_FEATURES/push_Big_Bebe_walking_and_pushing_her_lion_in_a_box!_push_f_cm_np1_fr_bad_5.pt,push,28
/data/dev/projects/ai/Trackey/trackey/research/EXTRACTED_HMDB51_FEATURES/push_Big_Bebe_walking_and_pushing_her_lion_in_a_box!_push_f_cm_np1_le_bad_6.pt,push,28
/data/dev/projects/ai/Trackey/trackey/research/EXTRACTED_HMDB51_FEATURES/push_Big_Bebe_walking_and_pushing_her_lion_in_a_box!_push_f_cm_np1_ri_bad_0.pt,push,28
/data/dev/projects/ai/Trackey/trackey/research/EXTRACTED_HMDB51_FEATURES/push_Big_Bebe_walking_and_pushing_her_lion_in_a_box!_push_f_cm_np1_ri_bad_2.pt,push,28
/data/dev/projects/ai/Trackey/trackey/research/EXTRACTED_HMDB51_FEATURES/push_Box_Pull_Push_push_f_cm_np1_ba_bad_0.pt,push,28
/data/dev/projects/ai/Trackey/trackey/research/EXTRACTED_HMDB51_FEATURES/push_Box_Pull_Push_push_f_cm_np1_ba_bad_1.pt,push,28
/data/dev/projects/ai/Trackey/trackey/research/EXTRACTED_HMDB51_FEATURES/push_Box_Pull_Push_push_f_cm_np1_ba_bad_2.pt,push,28
/data/dev/projects/ai/Trackey/trackey/research/EXTRACTED_HMDB51_FEATURES/push_Box_Pull_Push_push_f_cm_np1_ba_bad_3.pt,push,28
/data/dev/projects/ai/Trackey/trackey/research/EXTRACTED_HMDB51_FEATURES/push_Box_Pushing_push_f_cm_np1_ri_med_0.pt,push,28
/data/dev/projects/ai/Trackey/trackey/research/EXTRACTED_HMDB51_FEATURES/push_Brynley_pushing_Makayla_in_wagon_push_f_cm_np1_ba_bad_2.pt,push,28
/data/dev/projects/ai/Trackey/trackey/research/EXTRACTED_HMDB51_FEATURES/push_Brynley_pushing_Makayla_in_wagon_push_f_cm_np1_ba_bad_3.pt,push,28
/data/dev/projects/ai/Trackey/trackey/research/EXTRACTED_HMDB51_FEATURES/push_Brynley_pushing_Makayla_in_wagon_push_f_cm_np1_fr_bad_0.pt,push,28
/data/dev/projects/ai/Trackey/trackey/research/EXTRACTED_HMDB51_FEATURES/push_Brynley_pushing_Makayla_in_wagon_push_f_cm_np1_ri_bad_1.pt,push,28
/data/dev/projects/ai/Trackey/trackey/research/EXTRACTED_HMDB51_FEATURES/push_Cross_Pushing_Table_push_f_cm_np1_ba_bad_2.pt,push,28
/data/dev/projects/ai/Trackey/trackey/research/EXTRACTED_HMDB51_FEATURES/push_Cross_Pushing_Table_push_f_cm_np1_fr_bad_1.pt,push,28
/data/dev/projects/ai/Trackey/trackey/research/EXTRACTED_HMDB51_FEATURES/push_Cross_Pushing_Table_push_f_cm_np1_fr_bad_3.pt,push,28
/data/dev/projects/ai/Trackey/trackey/research/EXTRACTED_HMDB51_FEATURES/push_Cross_Pushing_Table_push_f_cm_np1_fr_bad_7.pt,push,28
/data/dev/projects/ai/Trackey/trackey/research/EXTRACTED_HMDB51_FEATURES/push_Cross_Pushing_Table_push_f_cm_np1_ri_bad_4.pt,push,28
/data/dev/projects/ai/Trackey/trackey/research/EXTRACTED_HMDB51_FEATURES/push_Cross_Pushing_Table_push_u_cm_np1_fr_bad_5.pt,push,28
/data/dev/projects/ai/Trackey/trackey/research/EXTRACTED_HMDB51_FEATURES/push_Cross_Pushing_Table_push_u_cm_np1_fr_bad_6.pt,push,28
/data/dev/projects/ai/Trackey/trackey/research/EXTRACTED_HMDB51_FEATURES/push_Cross_Pushing_Table_push_u_cm_np1_fr_med_0.pt,push,28
/data/dev/projects/ai/Trackey/trackey/research/EXTRACTED_HMDB51_FEATURES/push_Davos_-_Anschieben_von_Michis_Auto_push_f_cm_np1_fr_bad_0.pt,push,28
/data/dev/projects/ai/Trackey/trackey/research/EXTRACTED_HMDB51_FEATURES/push_Davos_-_Anschieben_von_Michis_Auto_push_f_cm_np1_ri_med_1.pt,push,28
/data/dev/projects/ai/Trackey/trackey/research/EXTRACTED_HMDB51_FEATURES/push_Davos_-_Anschieben_von_Michis_Auto_push_f_cm_np4_ba_bad_2.pt,push,28
/data/dev/projects/ai/Trackey/trackey/research/EXTRACTED_HMDB51_FEATURES/push_Dodge_Truck_Push_80_ft__23_seconds!_push_f_cm_np1_le_bad_0.pt,push,28
/data/dev/projects/ai/Trackey/trackey/research/EXTRACTED_HMDB51_FEATURES/push_Dodge_Truck_Push_80_ft__23_seconds!_push_f_cm_np1_le_bad_1.pt,push,28
/data/dev/projects/ai/Trackey/trackey/research/EXTRACTED_HMDB51_FEATURES/push_Dodge_Truck_Push_80_ft__23_seconds!_push_f_cm_np1_le_bad_2.pt,push,28
/data/dev/projects/ai/Trackey/trackey/research/EXTRACTED_HMDB51_FEATURES/push_Dodge_Truck_Push_80_ft__23_seconds!_push_f_cm_np1_le_bad_3.pt,push,28
/data/dev/projects/ai/Trackey/trackey/research/EXTRACTED_HMDB51_FEATURES/push_Joel_Pushing_Box_push_f_cm_np1_ba_bad_1.pt,push,28
/data/dev/projects/ai/Trackey/trackey/research/EXTRACTED_HMDB51_FEATURES/push_Joel_Pushing_Box_push_f_cm_np1_ri_bad_0.pt,push,28
/data/dev/projects/ai/Trackey/trackey/research/EXTRACTED_HMDB51_FEATURES/push_Joshua_pushing_wagon_push_f_cm_np1_le_bad_0.pt,push,28
/data/dev/projects/ai/Trackey/trackey/research/EXTRACTED_HMDB51_FEATURES/push_Joshua_pushing_wagon_push_f_cm_np1_ri_bad_1.pt,push,28
/data/dev/projects/ai/Trackey/trackey/research/EXTRACTED_HMDB51_FEATURES/push_Kommandant__muss_Auto_schieben_push_f_cm_np1_le_bad_5.pt,push,28
/data/dev/projects/ai/Trackey/trackey/research/EXTRACTED_HMDB51_FEATURES/push_Kommandant__muss_Auto_schieben_push_f_cm_np1_le_bad_6.pt,push,28
/data/dev/projects/ai/Trackey/trackey/research/EXTRACTED_HMDB51_FEATURES/push_Kommandant__muss_Auto_schieben_push_f_cm_np1_ri_bad_0.pt,push,28
/data/dev/projects/ai/Trackey/trackey/research/EXTRACTED_HMDB51_FEATURES/push_Kommandant__muss_Auto_schieben_push_f_cm_np1_ri_bad_1.pt,push,28
/data/dev/projects/ai/Trackey/trackey/research/EXTRACTED_HMDB51_FEATURES/push_Kommandant__muss_Auto_schieben_push_f_cm_np1_ri_bad_2.pt,push,28
/data/dev/projects/ai/Trackey/trackey/research/EXTRACTED_HMDB51_FEATURES/push_Kommandant__muss_Auto_schieben_push_f_cm_np1_ri_bad_3.pt,push,28
/data/dev/projects/ai/Trackey/trackey/research/EXTRACTED_HMDB51_FEATURES/push_Kommandant__muss_Auto_schieben_push_u_cm_np1_ba_bad_4.pt,push,28
/data/dev/projects/ai/Trackey/trackey/research/EXTRACTED_HMDB51_FEATURES/push_Neil_pushing_wagon_push_f_cm_np1_fr_bad_3.pt,push,28
/data/dev/projects/ai/Trackey/trackey/research/EXTRACTED_HMDB51_FEATURES/push_Neil_pushing_wagon_push_f_cm_np1_fr_bad_4.pt,push,28
/data/dev/projects/ai/Trackey/trackey/research/EXTRACTED_HMDB51_FEATURES/push_Neil_pushing_wagon_push_f_cm_np1_fr_bad_5.pt,push,28
/data/dev/projects/ai/Trackey/trackey/research/EXTRACTED_HMDB51_FEATURES/push_Neil_pushing_wagon_push_f_cm_np1_le_bad_0.pt,push,28
/data/dev/projects/ai/Trackey/trackey/research/EXTRACTED_HMDB51_FEATURES/push_Neil_pushing_wagon_push_f_cm_np1_le_bad_1.pt,push,28
/data/dev/projects/ai/Trackey/trackey/research/EXTRACTED_HMDB51_FEATURES/push_Neil_pushing_wagon_push_f_cm_np1_le_bad_2.pt,push,28
/data/dev/projects/ai/Trackey/trackey/research/EXTRACTED_HMDB51_FEATURES/push_Push_That_Car!_push_f_cm_np1_ri_med_0.pt,push,28
/data/dev/projects/ai/Trackey/trackey/research/EXTRACTED_HMDB51_FEATURES/push_Pushing_Music_Table_push_f_cm_np1_ba_bad_0.pt,push,28
/data/dev/projects/ai/Trackey/trackey/research/EXTRACTED_HMDB51_FEATURES/push_Pushing_Music_Table_push_f_cm_np1_ba_bad_1.pt,push,28
/data/dev/projects/ai/Trackey/trackey/research/EXTRACTED_HMDB51_FEATURES/push_Pushing_Music_Table_push_f_cm_np1_ba_bad_6.pt,push,28
/data/dev/projects/ai/Trackey/trackey/research/EXTRACTED_HMDB51_FEATURES/push_Pushing_Music_Table_push_f_cm_np1_fr_bad_3.pt,push,28
/data/dev/projects/ai/Trackey/trackey/research/EXTRACTED_HMDB51_FEATURES/push_Pushing_Music_Table_push_f_cm_np1_fr_bad_8.pt,push,28
/data/dev/projects/ai/Trackey/trackey/research/EXTRACTED_HMDB51_FEATURES/push_Pushing_Music_Table_push_f_cm_np1_le_bad_5.pt,push,28
/data/dev/projects/ai/Trackey/trackey/research/EXTRACTED_HMDB51_FEATURES/push_Pushing_Music_Table_push_f_cm_np1_ri_bad_2.pt,push,28
/data/dev/projects/ai/Trackey/trackey/research/EXTRACTED_HMDB51_FEATURES/push_Pushing_Music_Table_push_f_cm_np1_ri_bad_7.pt,push,28
/data/dev/projects/ai/Trackey/trackey/research/EXTRACTED_HMDB51_FEATURES/push_Pushing_Music_Table_push_u_cm_np1_fr_bad_4.pt,push,28
/data/dev/projects/ai/Trackey/trackey/research/EXTRACTED_HMDB51_FEATURES/push_Pushing_train_-_Me_and_my_friend_-_Worlds_strongest_men_push_f_cm_np1_ba_bad_6.pt,push,28
/data/dev/projects/ai/Trackey/trackey/research/EXTRACTED_HMDB51_FEATURES/push_Pushing_train_-_Me_and_my_friend_-_Worlds_strongest_men_push_f_cm_np2_ba_bad_3.pt,push,28
/data/dev/projects/ai/Trackey/trackey/research/EXTRACTED_HMDB51_FEATURES/push_Pushing_train_-_Me_and_my_friend_-_Worlds_strongest_men_push_f_cm_np2_ba_bad_4.pt,push,28
/data/dev/projects/ai/Trackey/trackey/research/EXTRACTED_HMDB51_FEATURES/push_Pushing_train_-_Me_and_my_friend_-_Worlds_strongest_men_push_f_cm_np2_ba_bad_5.pt,push,28
/data/dev/projects/ai/Trackey/trackey/research/EXTRACTED_HMDB51_FEATURES/push_Pushing_train_-_Me_and_my_friend_-_Worlds_strongest_men_push_f_cm_np2_ri_bad_0.pt,push,28
/data/dev/projects/ai/Trackey/trackey/research/EXTRACTED_HMDB51_FEATURES/push_Pushing_train_-_Me_and_my_friend_-_Worlds_strongest_men_push_f_cm_np2_ri_bad_1.pt,push,28
/data/dev/projects/ai/Trackey/trackey/research/EXTRACTED_HMDB51_FEATURES/push_Pushing_train_-_Me_and_my_friend_-_Worlds_strongest_men_push_f_cm_np2_ri_bad_2.pt,push,28
/data/dev/projects/ai/Trackey/trackey/research/EXTRACTED_HMDB51_FEATURES/push_Pushing_wagon_down_dancing_shortened_push_f_cm_np1_fr_bad_0.pt,push,28
/data/dev/projects/ai/Trackey/trackey/research/EXTRACTED_HMDB51_FEATURES/push_Pushing_wagon_down_dancing_shortened_push_f_cm_np1_ri_bad_1.pt,push,28
/data/dev/projects/ai/Trackey/trackey/research/EXTRACTED_HMDB51_FEATURES/push_Return_of_the_King_10_push_u_cm_np1_le_med_3.pt,push,28
/data/dev/projects/ai/Trackey/trackey/research/EXTRACTED_HMDB51_FEATURES/push_TheBoondockSaints_push_u_cm_np1_ba_bad_87.pt,push,28
/data/dev/projects/ai/Trackey/trackey/research/EXTRACTED_HMDB51_FEATURES/push_Trevor_pushing_cart_push_f_cm_np1_ri_bad_0.pt,push,28
/data/dev/projects/ai/Trackey/trackey/research/EXTRACTED_HMDB51_FEATURES/push_Trevor_pushing_cart_push_f_cm_np1_ri_bad_1.pt,push,28
/data/dev/projects/ai/Trackey/trackey/research/EXTRACTED_HMDB51_FEATURES/push_Trevor_pushing_cart_push_f_cm_np1_ri_bad_2.pt,push,28
/data/dev/projects/ai/Trackey/trackey/research/EXTRACTED_HMDB51_FEATURES/push_box_pushing_1_push_f_cm_np1_ba_bad_2.pt,push,28
/data/dev/projects/ai/Trackey/trackey/research/EXTRACTED_HMDB51_FEATURES/push_box_pushing_1_push_f_cm_np1_le_med_1.pt,push,28
/data/dev/projects/ai/Trackey/trackey/research/EXTRACTED_HMDB51_FEATURES/push_box_pushing_1_push_u_cm_np1_fr_bad_0.pt,push,28
/data/dev/projects/ai/Trackey/trackey/research/EXTRACTED_HMDB51_FEATURES/push_cmd_pushing_box_2_push_f_cm_np1_ba_bad_0.pt,push,28
/data/dev/projects/ai/Trackey/trackey/research/EXTRACTED_HMDB51_FEATURES/push_cmd_pushing_box_2_push_f_cm_np1_ba_bad_1.pt,push,28
/data/dev/projects/ai/Trackey/trackey/research/EXTRACTED_HMDB51_FEATURES/push_cmd_pushing_box_2_push_f_cm_np1_ba_bad_2.pt,push,28
/data/dev/projects/ai/Trackey/trackey/research/EXTRACTED_HMDB51_FEATURES/push_extreme_table_pushing_push_f_cm_np1_le_bad_1.pt,push,28
/data/dev/projects/ai/Trackey/trackey/research/EXTRACTED_HMDB51_FEATURES/push_extreme_table_pushing_push_f_cm_np1_le_bad_2.pt,push,28
/data/dev/projects/ai/Trackey/trackey/research/EXTRACTED_HMDB51_FEATURES/push_extreme_table_pushing_push_f_cm_np1_ri_bad_0.pt,push,28
/data/dev/projects/ai/Trackey/trackey/research/EXTRACTED_HMDB51_FEATURES/push_extreme_table_pushing_push_f_cm_np1_ri_bad_3.pt,push,28
/data/dev/projects/ai/Trackey/trackey/research/EXTRACTED_HMDB51_FEATURES/push_micah_pushing_wagon_push_f_cm_np1_le_bad_0.pt,push,28
/data/dev/projects/ai/Trackey/trackey/research/EXTRACTED_HMDB51_FEATURES/push_micah_pushing_wagon_push_f_cm_np1_le_bad_1.pt,push,28
/data/dev/projects/ai/Trackey/trackey/research/EXTRACTED_HMDB51_FEATURES/push_micah_pushing_wagon_push_f_cm_np1_le_bad_2.pt,push,28
/data/dev/projects/ai/Trackey/trackey/research/EXTRACTED_HMDB51_FEATURES/push_micah_pushing_wagon_push_f_cm_np1_ri_bad_3.pt,push,28
/data/dev/projects/ai/Trackey/trackey/research/EXTRACTED_HMDB51_FEATURES/push_micah_pushing_wagon_push_f_cm_np1_ri_bad_4.pt,push,28
/data/dev/projects/ai/Trackey/trackey/research/EXTRACTED_HMDB51_FEATURES/push_micah_pushing_wagon_push_f_cm_np1_ri_bad_5.pt,push,28
/data/dev/projects/ai/Trackey/trackey/research/EXTRACTED_HMDB51_FEATURES/push_prelinger_LetsBeGo1953_push_f_cm_np1_ba_med_11.pt,push,28
/data/dev/projects/ai/Trackey/trackey/research/EXTRACTED_HMDB51_FEATURES/push_pushing_blocks_push_f_nm_np1_le_bad_0.pt,push,28
/data/dev/projects/ai/Trackey/trackey/research/EXTRACTED_HMDB51_FEATURES/push_pushing_blocks_push_f_nm_np1_le_bad_1.pt,push,28
/data/dev/projects/ai/Trackey/trackey/research/EXTRACTED_HMDB51_FEATURES/push_pushing_blocks_push_f_nm_np1_le_bad_2.pt,push,28
/data/dev/projects/ai/Trackey/trackey/research/EXTRACTED_HMDB51_FEATURES/push_pushing_box_around_house_push_f_cm_np1_fr_med_0.pt,push,28
/data/dev/projects/ai/Trackey/trackey/research/EXTRACTED_HMDB51_FEATURES/push_pushing_box_around_house_push_f_cm_np1_le_bad_3.pt,push,28
/data/dev/projects/ai/Trackey/trackey/research/EXTRACTED_HMDB51_FEATURES/push_pushing_box_around_house_push_f_cm_np1_le_med_2.pt,push,28
/data/dev/projects/ai/Trackey/trackey/research/EXTRACTED_HMDB51_FEATURES/push_pushing_box_around_house_push_u_cm_np1_fr_med_1.pt,push,28
/data/dev/projects/ai/Trackey/trackey/research/EXTRACTED_HMDB51_FEATURES/push_pushing_box_car_on_train_push_f_cm_np5_ba_bad_0.pt,push,28
/data/dev/projects/ai/Trackey/trackey/research/EXTRACTED_HMDB51_FEATURES/push_pushing_box_car_on_train_push_f_cm_np5_ba_bad_1.pt,push,28
/data/dev/projects/ai/Trackey/trackey/research/EXTRACTED_HMDB51_FEATURES/push_pushing_cart_push_f_cm_np1_ba_bad_3.pt,push,28
/data/dev/projects/ai/Trackey/trackey/research/EXTRACTED_HMDB51_FEATURES/push_pushing_cart_push_f_cm_np1_le_bad_0.pt,push,28
/data/dev/projects/ai/Trackey/trackey/research/EXTRACTED_HMDB51_FEATURES/push_pushing_cart_push_f_cm_np1_le_bad_1.pt,push,28
/data/dev/projects/ai/Trackey/trackey/research/EXTRACTED_HMDB51_FEATURES/push_pushing_cart_push_f_cm_np1_le_bad_2.pt,push,28
/data/dev/projects/ai/Trackey/trackey/research/EXTRACTED_HMDB51_FEATURES/pushup_100_Push-ups_Initial_Test_hundredpushups_com_pushup_f_nm_np1_fr_goo_0.pt,pushup,29
/data/dev/projects/ai/Trackey/trackey/research/EXTRACTED_HMDB51_FEATURES/pushup_100_Push-ups_Initial_Test_hundredpushups_com_pushup_f_nm_np1_fr_goo_1.pt,pushup,29
/data/dev/projects/ai/Trackey/trackey/research/EXTRACTED_HMDB51_FEATURES/pushup_100_Push-ups_Initial_Test_hundredpushups_com_pushup_f_nm_np1_fr_goo_2.pt,pushup,29
/data/dev/projects/ai/Trackey/trackey/research/EXTRACTED_HMDB51_FEATURES/pushup_100_push_ups_by_a_GIRL!!!_pushup_f_nm_np1_fr_goo_0.pt,pushup,29
/data/dev/projects/ai/Trackey/trackey/research/EXTRACTED_HMDB51_FEATURES/pushup_100_push_ups_by_a_GIRL!!!_pushup_f_nm_np1_fr_goo_1.pt,pushup,29
/data/dev/projects/ai/Trackey/trackey/research/EXTRACTED_HMDB51_FEATURES/pushup_100_push_ups_by_a_GIRL!!!_pushup_f_nm_np1_fr_goo_2.pt,pushup,29
/data/dev/projects/ai/Trackey/trackey/research/EXTRACTED_HMDB51_FEATURES/pushup_100_push_ups_pushup_f_nm_np1_ri_med_0.pt,pushup,29
/data/dev/projects/ai/Trackey/trackey/research/EXTRACTED_HMDB51_FEATURES/pushup_100_push_ups_pushup_f_nm_np1_ri_med_1.pt,pushup,29
/data/dev/projects/ai/Trackey/trackey/research/EXTRACTED_HMDB51_FEATURES/pushup_100_push_ups_pushup_f_nm_np1_ri_med_2.pt,pushup,29
/data/dev/projects/ai/Trackey/trackey/research/EXTRACTED_HMDB51_FEATURES/pushup_38_push-ups!_Not_bad_for_a_girl_pushup_f_cm_np1_fr_med_0.pt,pushup,29
/data/dev/projects/ai/Trackey/trackey/research/EXTRACTED_HMDB51_FEATURES/pushup_38_push-ups!_Not_bad_for_a_girl_pushup_f_cm_np1_fr_med_1.pt,pushup,29
/data/dev/projects/ai/Trackey/trackey/research/EXTRACTED_HMDB51_FEATURES/pushup_38_push-ups!_Not_bad_for_a_girl_pushup_f_cm_np1_fr_med_2.pt,pushup,29
/data/dev/projects/ai/Trackey/trackey/research/EXTRACTED_HMDB51_FEATURES/pushup_38_push-ups!_Not_bad_for_a_girl_pushup_f_cm_np2_fr_med_3.pt,pushup,29
/data/dev/projects/ai/Trackey/trackey/research/EXTRACTED_HMDB51_FEATURES/pushup_38_push-ups!_Not_bad_for_a_girl_pushup_f_cm_np2_fr_med_4.pt,pushup,29
/data/dev/projects/ai/Trackey/trackey/research/EXTRACTED_HMDB51_FEATURES/pushup_38_push-ups!_Not_bad_for_a_girl_pushup_f_cm_np2_fr_med_5.pt,pushup,29
/data/dev/projects/ai/Trackey/trackey/research/EXTRACTED_HMDB51_FEATURES/pushup_65_year_old_iron_man_doing_1000_Push_ups_pushup_f_cm_np1_le_goo_0.pt,pushup,29
/data/dev/projects/ai/Trackey/trackey/research/EXTRACTED_HMDB51_FEATURES/pushup_65_year_old_iron_man_doing_1000_Push_ups_pushup_f_cm_np1_le_goo_1.pt,pushup,29
/data/dev/projects/ai/Trackey/trackey/research/EXTRACTED_HMDB51_FEATURES/pushup_65_year_old_iron_man_doing_1000_Push_ups_pushup_f_cm_np1_le_goo_2.pt,pushup,29
/data/dev/projects/ai/Trackey/trackey/research/EXTRACTED_HMDB51_FEATURES/pushup_Angela_pushup_u_cm_np1_le_med_0.pt,pushup,29
/data/dev/projects/ai/Trackey/trackey/research/EXTRACTED_HMDB51_FEATURES/pushup_Angela_pushup_u_cm_np1_le_med_1.pt,pushup,29
/data/dev/projects/ai/Trackey/trackey/research/EXTRACTED_HMDB51_FEATURES/pushup_Angela_pushup_u_cm_np1_le_med_2.pt,pushup,29
/data/dev/projects/ai/Trackey/trackey/research/EXTRACTED_HMDB51_FEATURES/pushup_Chest_Muscle_Group_(for_sexy_arms__shoulders__back_and_abs!)_pushup_u_nm_np1_le_goo_0.pt,pushup,29
/data/dev/projects/ai/Trackey/trackey/research/EXTRACTED_HMDB51_FEATURES/pushup_Chest_Muscle_Group_(for_sexy_arms__shoulders__back_and_abs!)_pushup_u_nm_np1_le_goo_1.pt,pushup,29
/data/dev/projects/ai/Trackey/trackey/research/EXTRACTED_HMDB51_FEATURES/pushup_Chest_Muscle_Group_(for_sexy_arms__shoulders__back_and_abs!)_pushup_u_nm_np1_le_goo_2.pt,pushup,29
/data/dev/projects/ai/Trackey/trackey/research/EXTRACTED_HMDB51_FEATURES/pushup_Chest_Muscle_Group_(for_sexy_arms__shoulders__back_and_abs!)_pushup_u_nm_np1_ri_goo_3.pt,pushup,29
/data/dev/projects/ai/Trackey/trackey/research/EXTRACTED_HMDB51_FEATURES/pushup_Chest_Muscle_Group_(for_sexy_arms__shoulders__back_and_abs!)_pushup_u_nm_np1_ri_goo_4.pt,pushup,29
/data/dev/projects/ai/Trackey/trackey/research/EXTRACTED_HMDB51_FEATURES/pushup_Chest_Muscle_Group_(for_sexy_arms__shoulders__back_and_abs!)_pushup_u_nm_np1_ri_goo_5.pt,pushup,29
/data/dev/projects/ai/Trackey/trackey/research/EXTRACTED_HMDB51_FEATURES/pushup_Chest_workout-_hip_pushups_pushup_u_nm_np1_fr_med_3.pt,pushup,29
/data/dev/projects/ai/Trackey/trackey/research/EXTRACTED_HMDB51_FEATURES/pushup_Chest_workout-_hip_pushups_pushup_u_nm_np1_fr_med_4.pt,pushup,29
/data/dev/projects/ai/Trackey/trackey/research/EXTRACTED_HMDB51_FEATURES/pushup_Chest_workout-_hip_pushups_pushup_u_nm_np1_ri_med_0.pt,pushup,29
/data/dev/projects/ai/Trackey/trackey/research/EXTRACTED_HMDB51_FEATURES/pushup_Chest_workout-_hip_pushups_pushup_u_nm_np1_ri_med_1.pt,pushup,29
/data/dev/projects/ai/Trackey/trackey/research/EXTRACTED_HMDB51_FEATURES/pushup_Chest_workout-_hip_pushups_pushup_u_nm_np1_ri_med_2.pt,pushup,29
/data/dev/projects/ai/Trackey/trackey/research/EXTRACTED_HMDB51_FEATURES/pushup_Chris_Comfort_s_Push_Up_Workout_Part_I_pushup_f_nm_np1_ri_goo_0.pt,pushup,29
/data/dev/projects/ai/Trackey/trackey/research/EXTRACTED_HMDB51_FEATURES/pushup_Chris_Comfort_s_Push_Up_Workout_Part_I_pushup_f_nm_np1_ri_goo_1.pt,pushup,29
/data/dev/projects/ai/Trackey/trackey/research/EXTRACTED_HMDB51_FEATURES/pushup_Chris_Comfort_s_Push_Up_Workout_Part_I_pushup_f_nm_np1_ri_goo_2.pt,pushup,29
/data/dev/projects/ai/Trackey/trackey/research/EXTRACTED_HMDB51_FEATURES/pushup_DC_Personal_Trainer_-_How_To_Do_A_Push-up_The_RIGHT_Way_pushup_f_nm_np1_ri_goo_0.pt,pushup,29
/data/dev/projects/ai/Trackey/trackey/research/EXTRACTED_HMDB51_FEATURES/pushup_DC_Personal_Trainer_-_How_To_Do_A_Push-up_The_RIGHT_Way_pushup_f_nm_np1_ri_goo_1.pt,pushup,29
/data/dev/projects/ai/Trackey/trackey/research/EXTRACTED_HMDB51_FEATURES/pushup_Day_19__100_Pushups_a_Day_Challenge!_(_Break_Your_Rules_)_pushup_f_nm_np1_fr_goo_0.pt,pushup,29
/data/dev/projects/ai/Trackey/trackey/research/EXTRACTED_HMDB51_FEATURES/pushup_Day_19__100_Pushups_a_Day_Challenge!_(_Break_Your_Rules_)_pushup_f_nm_np1_fr_goo_1.pt,pushup,29
/data/dev/projects/ai/Trackey/trackey/research/EXTRACTED_HMDB51_FEATURES/pushup_Day_19__100_Pushups_a_Day_Challenge!_(_Break_Your_Rules_)_pushup_f_nm_np1_fr_goo_2.pt,pushup,29
/data/dev/projects/ai/Trackey/trackey/research/EXTRACTED_HMDB51_FEATURES/pushup_Exercise_Clip_-_Push-up_Improvement_with_SGT_Ken_pushup_f_cm_np1_fr_med_0.pt,pushup,29
/data/dev/projects/ai/Trackey/trackey/research/EXTRACTED_HMDB51_FEATURES/pushup_Exercise_Clip_-_Push-up_Improvement_with_SGT_Ken_pushup_f_cm_np1_fr_med_1.pt,pushup,29
/data/dev/projects/ai/Trackey/trackey/research/EXTRACTED_HMDB51_FEATURES/pushup_Exercise_Clip_-_Push-up_Improvement_with_SGT_Ken_pushup_f_cm_np1_fr_med_2.pt,pushup,29
/data/dev/projects/ai/Trackey/trackey/research/EXTRACTED_HMDB51_FEATURES/pushup_Girl_doing_30_GOOD_Push_Ups_pushup_f_nm_np1_le_goo_0.pt,pushup,29
/data/dev/projects/ai/Trackey/trackey/research/EXTRACTED_HMDB51_FEATURES/pushup_Girl_doing_30_GOOD_Push_Ups_pushup_f_nm_np1_le_goo_1.pt,pushup,29
/data/dev/projects/ai/Trackey/trackey/research/EXTRACTED_HMDB51_FEATURES/pushup_Girl_doing_30_GOOD_Push_Ups_pushup_f_nm_np1_le_goo_2.pt,pushup,29
/data/dev/projects/ai/Trackey/trackey/research/EXTRACTED_HMDB51_FEATURES/pushup_Laura_-_PushUps_pushup_f_cm_np1_le_med_0.pt,pushup,29
/data/dev/projects/ai/Trackey/trackey/research/EXTRACTED_HMDB51_FEATURES/pushup_Laura_-_PushUps_pushup_f_cm_np1_le_med_1.pt,pushup,29
/data/dev/projects/ai/Trackey/trackey/research/EXTRACTED_HMDB51_FEATURES/pushup_Laura_-_PushUps_pushup_f_cm_np1_le_med_2.pt,pushup,29
/data/dev/projects/ai/Trackey/trackey/research/EXTRACTED_HMDB51_FEATURES/pushup_Lori_Does_Desktop_Pushups_pushup_f_nm_np1_le_goo_0.pt,pushup,29
/data/dev/projects/ai/Trackey/trackey/research/EXTRACTED_HMDB51_FEATURES/pushup_Lori_Does_Desktop_Pushups_pushup_f_nm_np1_le_goo_1.pt,pushup,29
/data/dev/projects/ai/Trackey/trackey/research/EXTRACTED_HMDB51_FEATURES/pushup_Lori_Does_Desktop_Pushups_pushup_f_nm_np1_le_goo_2.pt,pushup,29
/data/dev/projects/ai/Trackey/trackey/research/EXTRACTED_HMDB51_FEATURES/pushup_Luke_s_Push_Up_Challenge_pushup_f_cm_np1_fr_goo_0.pt,pushup,29
/data/dev/projects/ai/Trackey/trackey/research/EXTRACTED_HMDB51_FEATURES/pushup_Luke_s_Push_Up_Challenge_pushup_f_cm_np1_fr_goo_1.pt,pushup,29
/data/dev/projects/ai/Trackey/trackey/research/EXTRACTED_HMDB51_FEATURES/pushup_Luke_s_Push_Up_Challenge_pushup_f_cm_np1_fr_goo_2.pt,pushup,29
/data/dev/projects/ai/Trackey/trackey/research/EXTRACTED_HMDB51_FEATURES/pushup_Luke_s_Push_Up_Challenge_pushup_f_cm_np1_fr_goo_3.pt,pushup,29
/data/dev/projects/ai/Trackey/trackey/research/EXTRACTED_HMDB51_FEATURES/pushup_Luke_s_Push_Up_Challenge_pushup_f_cm_np1_fr_goo_4.pt,pushup,29
/data/dev/projects/ai/Trackey/trackey/research/EXTRACTED_HMDB51_FEATURES/pushup_Luke_s_Push_Up_Challenge_pushup_f_cm_np1_fr_goo_5.pt,pushup,29
/data/dev/projects/ai/Trackey/trackey/research/EXTRACTED_HMDB51_FEATURES/pushup_Ninja_Warrior_Ultimate_Push_up_Training_pushup_f_nm_np1_le_goo_0.pt,pushup,29
/data/dev/projects/ai/Trackey/trackey/research/EXTRACTED_HMDB51_FEATURES/pushup_Ninja_Warrior_Ultimate_Push_up_Training_pushup_f_nm_np1_le_goo_1.pt,pushup,29
/data/dev/projects/ai/Trackey/trackey/research/EXTRACTED_HMDB51_FEATURES/pushup_Ninja_Warrior_Ultimate_Push_up_Training_pushup_f_nm_np1_le_goo_2.pt,pushup,29
/data/dev/projects/ai/Trackey/trackey/research/EXTRACTED_HMDB51_FEATURES/pushup_PUSH_UP_pushup_f_cm_np1_fr_med_0.pt,pushup,29
/data/dev/projects/ai/Trackey/trackey/research/EXTRACTED_HMDB51_FEATURES/pushup_PUSH_UP_pushup_f_cm_np1_fr_med_1.pt,pushup,29
/data/dev/projects/ai/Trackey/trackey/research/EXTRACTED_HMDB51_FEATURES/pushup_PUSH_UP_pushup_f_cm_np1_fr_med_2.pt,pushup,29
/data/dev/projects/ai/Trackey/trackey/research/EXTRACTED_HMDB51_FEATURES/pushup_PUSH_UP_pushup_u_cm_np1_ba_med_3.pt,pushup,29
/data/dev/projects/ai/Trackey/trackey/research/EXTRACTED_HMDB51_FEATURES/pushup_PUSH_UP_pushup_u_cm_np1_ba_med_4.pt,pushup,29
/data/dev/projects/ai/Trackey/trackey/research/EXTRACTED_HMDB51_FEATURES/pushup_PUSH_UP_pushup_u_cm_np1_ba_med_5.pt,pushup,29
/data/dev/projects/ai/Trackey/trackey/research/EXTRACTED_HMDB51_FEATURES/pushup_Push_Up_Battle_pushup_u_cm_np2_le_bad_1.pt,pushup,29
/data/dev/projects/ai/Trackey/trackey/research/EXTRACTED_HMDB51_FEATURES/pushup_Push_Up_Battle_pushup_u_cm_np2_le_bad_2.pt,pushup,29
/data/dev/projects/ai/Trackey/trackey/research/EXTRACTED_HMDB51_FEATURES/pushup_Push_Up_Battle_pushup_u_nm_np2_le_bad_0.pt,pushup,29
/data/dev/projects/ai/Trackey/trackey/research/EXTRACTED_HMDB51_FEATURES/pushup_Push_Up_Workout_--_Do_100_Total_Pushups_In_A_Row_pushup_f_nm_np1_le_med_0.pt,pushup,29
/data/dev/projects/ai/Trackey/trackey/research/EXTRACTED_HMDB51_FEATURES/pushup_Push_Up_Workout_--_Do_100_Total_Pushups_In_A_Row_pushup_f_nm_np1_le_med_1.pt,pushup,29
/data/dev/projects/ai/Trackey/trackey/research/EXTRACTED_HMDB51_FEATURES/pushup_Push_Up_Workout_--_Do_100_Total_Pushups_In_A_Row_pushup_f_nm_np1_le_med_2.pt,pushup,29
/data/dev/projects/ai/Trackey/trackey/research/EXTRACTED_HMDB51_FEATURES/pushup_Push_Up_fitness_training_video_pushup_f_nm_np1_le_goo_0.pt,pushup,29
/data/dev/projects/ai/Trackey/trackey/research/EXTRACTED_HMDB51_FEATURES/pushup_Push_Up_fitness_training_video_pushup_f_nm_np1_le_goo_1.pt,pushup,29
/data/dev/projects/ai/Trackey/trackey/research/EXTRACTED_HMDB51_FEATURES/pushup_Push_Up_fitness_training_video_pushup_f_nm_np1_le_goo_2.pt,pushup,29
/data/dev/projects/ai/Trackey/trackey/research/EXTRACTED_HMDB51_FEATURES/pushup_Push_Ups_1_pushup_f_nm_np1_le_med_0.pt,pushup,29
/data/dev/projects/ai/Trackey/trackey/research/EXTRACTED_HMDB51_FEATURES/pushup_Push_Ups_1_pushup_f_nm_np1_le_med_1.pt,pushup,29
/data/dev/projects/ai/Trackey/trackey/research/EXTRACTED_HMDB51_FEATURES/pushup_Push_Ups_1_pushup_f_nm_np1_le_med_2.pt,pushup,29
/data/dev/projects/ai/Trackey/trackey/research/EXTRACTED_HMDB51_FEATURES/pushup_Pushups_Workout__Push_Up_protein__Part_One_pushup_f_cm_np1_le_bad_3.pt,pushup,29
/data/dev/projects/ai/Trackey/trackey/research/EXTRACTED_HMDB51_FEATURES/pushup_Pushups_Workout__Push_Up_protein__Part_One_pushup_f_cm_np1_le_bad_4.pt,pushup,29
/data/dev/projects/ai/Trackey/trackey/research/EXTRACTED_HMDB51_FEATURES/pushup_Pushups_Workout__Push_Up_protein__Part_One_pushup_f_cm_np1_le_bad_5.pt,pushup,29
/data/dev/projects/ai/Trackey/trackey/research/EXTRACTED_HMDB51_FEATURES/pushup_Pushups_Workout__Push_Up_protein__Part_One_pushup_f_cm_np1_ri_bad_0.pt,pushup,29
/data/dev/projects/ai/Trackey/trackey/research/EXTRACTED_HMDB51_FEATURES/pushup_Pushups_Workout__Push_Up_protein__Part_One_pushup_f_cm_np1_ri_bad_1.pt,pushup,29
/data/dev/projects/ai/Trackey/trackey/research/EXTRACTED_HMDB51_FEATURES/pushup_Pushups_Workout__Push_Up_protein__Part_One_pushup_f_cm_np1_ri_bad_2.pt,pushup,29
/data/dev/projects/ai/Trackey/trackey/research/EXTRACTED_HMDB51_FEATURES/pushup_Pushups___The_Hardway!!!_Shaolin_Style_pushup_f_cm_np1_le_med_0.pt,pushup,29
/data/dev/projects/ai/Trackey/trackey/research/EXTRACTED_HMDB51_FEATURES/pushup_Pushups___The_Hardway!!!_Shaolin_Style_pushup_f_cm_np1_le_med_1.pt,pushup,29
/data/dev/projects/ai/Trackey/trackey/research/EXTRACTED_HMDB51_FEATURES/pushup_Pushups___The_Hardway!!!_Shaolin_Style_pushup_f_cm_np1_le_med_2.pt,pushup,29
/data/dev/projects/ai/Trackey/trackey/research/EXTRACTED_HMDB51_FEATURES/pushup_YOUTUBE_PUSH_UP_CHALLENGE_pushup_f_cm_np1_fr_med_0.pt,pushup,29
/data/dev/projects/ai/Trackey/trackey/research/EXTRACTED_HMDB51_FEATURES/pushup_YOUTUBE_PUSH_UP_CHALLENGE_pushup_f_cm_np1_fr_med_1.pt,pushup,29
/data/dev/projects/ai/Trackey/trackey/research/EXTRACTED_HMDB51_FEATURES/pushup_YOUTUBE_PUSH_UP_CHALLENGE_pushup_f_cm_np1_fr_med_2.pt,pushup,29
/data/dev/projects/ai/Trackey/trackey/research/EXTRACTED_HMDB51_FEATURES/pushup_pseudo_planche_pushups_pushup_u_nm_np1_ri_bad_0.pt,pushup,29
/data/dev/projects/ai/Trackey/trackey/research/EXTRACTED_HMDB51_FEATURES/pushup_pseudo_planche_pushups_pushup_u_nm_np1_ri_bad_1.pt,pushup,29
/data/dev/projects/ai/Trackey/trackey/research/EXTRACTED_HMDB51_FEATURES/pushup_pseudo_planche_pushups_pushup_u_nm_np1_ri_bad_2.pt,pushup,29
/data/dev/projects/ai/Trackey/trackey/research/EXTRACTED_HMDB51_FEATURES/pushup_push-up_or_shut_up_(IXK)_pushup_f_cm_np1_le_med_0.pt,pushup,29
/data/dev/projects/ai/Trackey/trackey/research/EXTRACTED_HMDB51_FEATURES/pushup_push-up_or_shut_up_(IXK)_pushup_f_cm_np1_le_med_1.pt,pushup,29
/data/dev/projects/ai/Trackey/trackey/research/EXTRACTED_HMDB51_FEATURES/pushup_push-up_or_shut_up_(IXK)_pushup_f_cm_np1_le_med_2.pt,pushup,29
/data/dev/projects/ai/Trackey/trackey/research/EXTRACTED_HMDB51_FEATURES/pushup_push-up_or_shut_up_(MLE)_pushup_f_cm_np1_le_med_0.pt,pushup,29
/data/dev/projects/ai/Trackey/trackey/research/EXTRACTED_HMDB51_FEATURES/pushup_push-up_or_shut_up_(MLE)_pushup_f_cm_np1_le_med_1.pt,pushup,29
/data/dev/projects/ai/Trackey/trackey/research/EXTRACTED_HMDB51_FEATURES/pushup_push-up_or_shut_up_(MLE)_pushup_f_cm_np1_le_med_2.pt,pushup,29
/data/dev/projects/ai/Trackey/trackey/research/EXTRACTED_HMDB51_FEATURES/pushup_push_ups_pushup_f_nm_np1_ri_goo_0.pt,pushup,29
/data/dev/projects/ai/Trackey/trackey/research/EXTRACTED_HMDB51_FEATURES/pushup_push_ups_pushup_f_nm_np1_ri_goo_1.pt,pushup,29
/data/dev/projects/ai/Trackey/trackey/research/EXTRACTED_HMDB51_FEATURES/pushup_push_ups_pushup_f_nm_np1_ri_goo_2.pt,pushup,29
/data/dev/projects/ai/Trackey/trackey/research/EXTRACTED_HMDB51_FEATURES/ride_bike_#437_How_To_Ride_A_Bike_ride_bike_f_cm_np1_ba_med_0.pt,ride_bike,30
/data/dev/projects/ai/Trackey/trackey/research/EXTRACTED_HMDB51_FEATURES/ride_bike_#437_How_To_Ride_A_Bike_ride_bike_f_cm_np1_ba_med_1.pt,ride_bike,30
/data/dev/projects/ai/Trackey/trackey/research/EXTRACTED_HMDB51_FEATURES/ride_bike_#437_How_To_Ride_A_Bike_ride_bike_f_cm_np1_ba_med_3.pt,ride_bike,30
/data/dev/projects/ai/Trackey/trackey/research/EXTRACTED_HMDB51_FEATURES/ride_bike_#437_How_To_Ride_A_Bike_ride_bike_f_cm_np1_fr_med_2.pt,ride_bike,30
/data/dev/projects/ai/Trackey/trackey/research/EXTRACTED_HMDB51_FEATURES/ride_bike_1989_Tour_de_France_Final_Time_Trial_ride_bike_f_cm_np1_ba_med_0.pt,ride_bike,30
/data/dev/projects/ai/Trackey/trackey/research/EXTRACTED_HMDB51_FEATURES/ride_bike_1989_Tour_de_France_Final_Time_Trial_ride_bike_f_cm_np1_ba_med_1.pt,ride_bike,30
/data/dev/projects/ai/Trackey/trackey/research/EXTRACTED_HMDB51_FEATURES/ride_bike_1989_Tour_de_France_Final_Time_Trial_ride_bike_f_cm_np1_ba_med_2.pt,ride_bike,30
/data/dev/projects/ai/Trackey/trackey/research/EXTRACTED_HMDB51_FEATURES/ride_bike_1989_Tour_de_France_Final_Time_Trial_ride_bike_f_cm_np1_fr_med_6.pt,ride_bike,30
/data/dev/projects/ai/Trackey/trackey/research/EXTRACTED_HMDB51_FEATURES/ride_bike_1989_Tour_de_France_Final_Time_Trial_ride_bike_f_cm_np1_fr_med_7.pt,ride_bike,30
/data/dev/projects/ai/Trackey/trackey/research/EXTRACTED_HMDB51_FEATURES/ride_bike_1989_Tour_de_France_Final_Time_Trial_ride_bike_f_cm_np1_le_med_4.pt,ride_bike,30
/data/dev/projects/ai/Trackey/trackey/research/EXTRACTED_HMDB51_FEATURES/ride_bike_1989_Tour_de_France_Final_Time_Trial_ride_bike_f_cm_np1_ri_med_3.pt,ride_bike,30
/data/dev/projects/ai/Trackey/trackey/research/EXTRACTED_HMDB51_FEATURES/ride_bike_1989_Tour_de_France_Final_Time_Trial_ride_bike_f_cm_np1_ri_med_5.pt,ride_bike,30
/data/dev/projects/ai/Trackey/trackey/research/EXTRACTED_HMDB51_FEATURES/ride_bike_1996_Tour_de_France_-_Indurain_Cracks_ride_bike_f_cm_np1_ba_med_1.pt,ride_bike,30
/data/dev/projects/ai/Trackey/trackey/research/EXTRACTED_HMDB51_FEATURES/ride_bike_1996_Tour_de_France_-_Indurain_Cracks_ride_bike_f_cm_np1_le_med_0.pt,ride_bike,30
/data/dev/projects/ai/Trackey/trackey/research/EXTRACTED_HMDB51_FEATURES/ride_bike_1996_Tour_de_France_-_Indurain_Cracks_ride_bike_f_cm_np1_ri_med_2.pt,ride_bike,30
/data/dev/projects/ai/Trackey/trackey/research/EXTRACTED_HMDB51_FEATURES/ride_bike_1996_Tour_de_France_-_Indurain_Cracks_ride_bike_f_cm_np1_ri_med_3.pt,ride_bike,30
/data/dev/projects/ai/Trackey/trackey/research/EXTRACTED_HMDB51_FEATURES/ride_bike_1996_Tour_de_France_-_Indurain_Cracks_ride_bike_f_cm_np1_ri_med_4.pt,ride_bike,30
/data/dev/projects/ai/Trackey/trackey/research/EXTRACTED_HMDB51_FEATURES/ride_bike_Bicycle_Tips_ride_bike_f_cm_np1_ba_med_1.pt,ride_bike,30
/data/dev/projects/ai/Trackey/trackey/research/EXTRACTED_HMDB51_FEATURES/ride_bike_Bicycle_Tips_ride_bike_f_cm_np1_le_med_0.pt,ride_bike,30
/data/dev/projects/ai/Trackey/trackey/research/EXTRACTED_HMDB51_FEATURES/ride_bike_Bicycle_Tips_ride_bike_f_cm_np1_ri_med_2.pt,ride_bike,30
/data/dev/projects/ai/Trackey/trackey/research/EXTRACTED_HMDB51_FEATURES/ride_bike_CSC_and_the_2007__Sydney_to_the_Gong__bike_ride_ride_bike_f_cm_np1_ri_med_0.pt,ride_bike,30
/data/dev/projects/ai/Trackey/trackey/research/EXTRACTED_HMDB51_FEATURES/ride_bike_CSC_and_the_2007__Sydney_to_the_Gong__bike_ride_ride_bike_f_cm_np1_ri_med_1.pt,ride_bike,30
/data/dev/projects/ai/Trackey/trackey/research/EXTRACTED_HMDB51_FEATURES/ride_bike_CSC_and_the_2007__Sydney_to_the_Gong__bike_ride_ride_bike_f_cm_np1_ri_med_2.pt,ride_bike,30
/data/dev/projects/ai/Trackey/trackey/research/EXTRACTED_HMDB51_FEATURES/ride_bike_David_beim_Fahrrad_fahren_X_x_ride_bike_f_cm_np1_ba_med_2.pt,ride_bike,30
/data/dev/projects/ai/Trackey/trackey/research/EXTRACTED_HMDB51_FEATURES/ride_bike_David_beim_Fahrrad_fahren_X_x_ride_bike_f_cm_np1_fr_med_3.pt,ride_bike,30
/data/dev/projects/ai/Trackey/trackey/research/EXTRACTED_HMDB51_FEATURES/ride_bike_David_beim_Fahrrad_fahren_X_x_ride_bike_f_cm_np1_le_med_0.pt,ride_bike,30
/data/dev/projects/ai/Trackey/trackey/research/EXTRACTED_HMDB51_FEATURES/ride_bike_David_beim_Fahrrad_fahren_X_x_ride_bike_f_cm_np1_ri_med_1.pt,ride_bike,30
/data/dev/projects/ai/Trackey/trackey/research/EXTRACTED_HMDB51_FEATURES/ride_bike_David_beim_Fahrrad_fahren_X_x_ride_bike_f_cm_np1_ri_med_4.pt,ride_bike,30
/data/dev/projects/ai/Trackey/trackey/research/EXTRACTED_HMDB51_FEATURES/ride_bike_Fahrrad_Eigenbau_ride_bike_f_cm_np1_le_med_1.pt,ride_bike,30
/data/dev/projects/ai/Trackey/trackey/research/EXTRACTED_HMDB51_FEATURES/ride_bike_Fahrrad_Eigenbau_ride_bike_f_cm_np1_ri_med_0.pt,ride_bike,30
/data/dev/projects/ai/Trackey/trackey/research/EXTRACTED_HMDB51_FEATURES/ride_bike_Fahrrad_fahren_mit_Albert_ride_bike_f_cm_np1_ba_med_0.pt,ride_bike,30
/data/dev/projects/ai/Trackey/trackey/research/EXTRACTED_HMDB51_FEATURES/ride_bike_Fahrrad_fahren_mit_Albert_ride_bike_f_cm_np1_ba_med_1.pt,ride_bike,30
/data/dev/projects/ai/Trackey/trackey/research/EXTRACTED_HMDB51_FEATURES/ride_bike_Fahrrad_fahren_mit_Albert_ride_bike_f_cm_np1_ba_med_3.pt,ride_bike,30
/data/dev/projects/ai/Trackey/trackey/research/EXTRACTED_HMDB51_FEATURES/ride_bike_Fahrrad_fahren_mit_Albert_ride_bike_f_cm_np1_le_med_2.pt,ride_bike,30
/data/dev/projects/ai/Trackey/trackey/research/EXTRACTED_HMDB51_FEATURES/ride_bike_Fahrrad_fahren_ride_bike_f_cm_np2_le_med_0.pt,ride_bike,30
/data/dev/projects/ai/Trackey/trackey/research/EXTRACTED_HMDB51_FEATURES/ride_bike_Fahrrad_fahren_ride_bike_f_cm_np2_le_med_1.pt,ride_bike,30
/data/dev/projects/ai/Trackey/trackey/research/EXTRACTED_HMDB51_FEATURES/ride_bike_Fahrrad_fahren_ride_bike_f_cm_np2_le_med_2.pt,ride_bike,30
/data/dev/projects/ai/Trackey/trackey/research/EXTRACTED_HMDB51_FEATURES/ride_bike_Fahrrad_ride_bike_f_cm_np1_le_med_0.pt,ride_bike,30
/data/dev/projects/ai/Trackey/trackey/research/EXTRACTED_HMDB51_FEATURES/ride_bike_Finding_Forrester_4_ride_bike_f_cm_np1_fr_bad_5.pt,ride_bike,30
/data/dev/projects/ai/Trackey/trackey/research/EXTRACTED_HMDB51_FEATURES/ride_bike_Finding_Forrester_5_ride_bike_f_cm_np1_fr_bad_1.pt,ride_bike,30
/data/dev/projects/ai/Trackey/trackey/research/EXTRACTED_HMDB51_FEATURES/ride_bike_Finding_Forrester_5_ride_bike_f_cm_np1_fr_med_0.pt,ride_bike,30
/data/dev/projects/ai/Trackey/trackey/research/EXTRACTED_HMDB51_FEATURES/ride_bike_I_want_to_ride_my_bicycle_ride_bike_f_cm_np1_le_med_0.pt,ride_bike,30
/data/dev/projects/ai/Trackey/trackey/research/EXTRACTED_HMDB51_FEATURES/ride_bike_Justin_lernt_Fahrrad_fahren_ride_bike_f_cm_np1_fr_med_0.pt,ride_bike,30
/data/dev/projects/ai/Trackey/trackey/research/EXTRACTED_HMDB51_FEATURES/ride_bike_Justin_lernt_Fahrrad_fahren_ride_bike_f_cm_np1_ri_med_1.pt,ride_bike,30
/data/dev/projects/ai/Trackey/trackey/research/EXTRACTED_HMDB51_FEATURES/ride_bike_Justin_lernt_Fahrrad_fahren_ride_bike_f_cm_np1_ri_med_2.pt,ride_bike,30
/data/dev/projects/ai/Trackey/trackey/research/EXTRACTED_HMDB51_FEATURES/ride_bike_Kraftwerk_-_Tour_de_france_1983_Alternative_video_ride_bike_f_cm_np1_le_med_1.pt,ride_bike,30
/data/dev/projects/ai/Trackey/trackey/research/EXTRACTED_HMDB51_FEATURES/ride_bike_Kraftwerk_-_Tour_de_france_1983_Alternative_video_ride_bike_f_cm_np1_le_med_6.pt,ride_bike,30
/data/dev/projects/ai/Trackey/trackey/research/EXTRACTED_HMDB51_FEATURES/ride_bike_Kraftwerk_-_Tour_de_france_1983_Alternative_video_ride_bike_f_cm_np1_le_med_7.pt,ride_bike,30
/data/dev/projects/ai/Trackey/trackey/research/EXTRACTED_HMDB51_FEATURES/ride_bike_Kraftwerk_-_Tour_de_france_1983_Alternative_video_ride_bike_f_cm_np4_fr_med_0.pt,ride_bike,30
/data/dev/projects/ai/Trackey/trackey/research/EXTRACTED_HMDB51_FEATURES/ride_bike_Kraftwerk_-_Tour_de_france_1983_Alternative_video_ride_bike_f_cm_np4_fr_med_2.pt,ride_bike,30
/data/dev/projects/ai/Trackey/trackey/research/EXTRACTED_HMDB51_FEATURES/ride_bike_Kraftwerk_-_Tour_de_france_1983_Alternative_video_ride_bike_f_cm_np4_fr_med_5.pt,ride_bike,30
/data/dev/projects/ai/Trackey/trackey/research/EXTRACTED_HMDB51_FEATURES/ride_bike_Kraftwerk_-_Tour_de_france_1983_Alternative_video_ride_bike_f_nm_np1_fr_med_8.pt,ride_bike,30
/data/dev/projects/ai/Trackey/trackey/research/EXTRACTED_HMDB51_FEATURES/ride_bike_Kraftwerk_-_Tour_de_france_1983_Alternative_video_ride_bike_l_cm_np1_le_med_3.pt,ride_bike,30
/data/dev/projects/ai/Trackey/trackey/research/EXTRACTED_HMDB51_FEATURES/ride_bike_Kraftwerk_-_Tour_de_france_1983_Alternative_video_ride_bike_l_cm_np1_le_med_4.pt,ride_bike,30
/data/dev/projects/ai/Trackey/trackey/research/EXTRACTED_HMDB51_FEATURES/ride_bike_Learn_How_To_Ride_A_Bike_at_Any_Age_ride_bike_f_cm_np1_ba_med_1.pt,ride_bike,30
/data/dev/projects/ai/Trackey/trackey/research/EXTRACTED_HMDB51_FEATURES/ride_bike_Learn_How_To_Ride_A_Bike_at_Any_Age_ride_bike_f_cm_np1_ba_med_4.pt,ride_bike,30
/data/dev/projects/ai/Trackey/trackey/research/EXTRACTED_HMDB51_FEATURES/ride_bike_Learn_How_To_Ride_A_Bike_at_Any_Age_ride_bike_f_cm_np1_ba_med_7.pt,ride_bike,30
/data/dev/projects/ai/Trackey/trackey/research/EXTRACTED_HMDB51_FEATURES/ride_bike_Learn_How_To_Ride_A_Bike_at_Any_Age_ride_bike_f_cm_np1_fr_med_3.pt,ride_bike,30
/data/dev/projects/ai/Trackey/trackey/research/EXTRACTED_HMDB51_FEATURES/ride_bike_Learn_How_To_Ride_A_Bike_at_Any_Age_ride_bike_f_cm_np1_fr_med_6.pt,ride_bike,30
/data/dev/projects/ai/Trackey/trackey/research/EXTRACTED_HMDB51_FEATURES/ride_bike_Learn_How_To_Ride_A_Bike_at_Any_Age_ride_bike_f_cm_np1_fr_med_9.pt,ride_bike,30
/data/dev/projects/ai/Trackey/trackey/research/EXTRACTED_HMDB51_FEATURES/ride_bike_Learn_How_To_Ride_A_Bike_at_Any_Age_ride_bike_f_cm_np1_le_med_2.pt,ride_bike,30
/data/dev/projects/ai/Trackey/trackey/research/EXTRACTED_HMDB51_FEATURES/ride_bike_Learn_How_To_Ride_A_Bike_at_Any_Age_ride_bike_f_cm_np1_le_med_5.pt,ride_bike,30
/data/dev/projects/ai/Trackey/trackey/research/EXTRACTED_HMDB51_FEATURES/ride_bike_Learn_How_To_Ride_A_Bike_at_Any_Age_ride_bike_f_cm_np1_le_med_8.pt,ride_bike,30
/data/dev/projects/ai/Trackey/trackey/research/EXTRACTED_HMDB51_FEATURES/ride_bike_Learn_How_To_Ride_A_Bike_at_Any_Age_ride_bike_f_cm_np1_ri_med_0.pt,ride_bike,30
/data/dev/projects/ai/Trackey/trackey/research/EXTRACTED_HMDB51_FEATURES/ride_bike_Learn_How_To_Ride_A_Bike_at_Any_Age_ride_bike_f_cm_np1_ri_med_10.pt,ride_bike,30
/data/dev/projects/ai/Trackey/trackey/research/EXTRACTED_HMDB51_FEATURES/ride_bike_Learn_How_To_Ride_A_Bike_at_Any_Age_ride_bike_f_cm_np1_ri_med_11.pt,ride_bike,30
/data/dev/projects/ai/Trackey/trackey/research/EXTRACTED_HMDB51_FEATURES/ride_bike_Radfahren_um_die_Aggertalsperre_06_09_2009_ride_bike_f_cm_np1_ba_med_12.pt,ride_bike,30
/data/dev/projects/ai/Trackey/trackey/research/EXTRACTED_HMDB51_FEATURES/ride_bike_Radfahren_um_die_Aggertalsperre_06_09_2009_ride_bike_f_cm_np1_ba_med_13.pt,ride_bike,30
/data/dev/projects/ai/Trackey/trackey/research/EXTRACTED_HMDB51_FEATURES/ride_bike_Radfahren_um_die_Aggertalsperre_06_09_2009_ride_bike_f_cm_np1_ba_med_7.pt,ride_bike,30
/data/dev/projects/ai/Trackey/trackey/research/EXTRACTED_HMDB51_FEATURES/ride_bike_Radfahren_um_die_Aggertalsperre_06_09_2009_ride_bike_f_cm_np1_fr_med_10.pt,ride_bike,30
/data/dev/projects/ai/Trackey/trackey/research/EXTRACTED_HMDB51_FEATURES/ride_bike_Radfahren_um_die_Aggertalsperre_06_09_2009_ride_bike_f_cm_np1_le_bad_4.pt,ride_bike,30
/data/dev/projects/ai/Trackey/trackey/research/EXTRACTED_HMDB51_FEATURES/ride_bike_Radfahren_um_die_Aggertalsperre_06_09_2009_ride_bike_f_cm_np1_le_med_3.pt,ride_bike,30
/data/dev/projects/ai/Trackey/trackey/research/EXTRACTED_HMDB51_FEATURES/ride_bike_Radfahren_um_die_Aggertalsperre_06_09_2009_ride_bike_f_cm_np1_le_med_5.pt,ride_bike,30
/data/dev/projects/ai/Trackey/trackey/research/EXTRACTED_HMDB51_FEATURES/ride_bike_Radfahren_um_die_Aggertalsperre_06_09_2009_ride_bike_f_cm_np2_ba_med_11.pt,ride_bike,30
/data/dev/projects/ai/Trackey/trackey/research/EXTRACTED_HMDB51_FEATURES/ride_bike_Radfahren_um_die_Aggertalsperre_06_09_2009_ride_bike_f_cm_np2_fr_med_15.pt,ride_bike,30
/data/dev/projects/ai/Trackey/trackey/research/EXTRACTED_HMDB51_FEATURES/ride_bike_Radfahren_um_die_Aggertalsperre_06_09_2009_ride_bike_f_cm_np2_le_med_14.pt,ride_bike,30
/data/dev/projects/ai/Trackey/trackey/research/EXTRACTED_HMDB51_FEATURES/ride_bike_Radfahren_um_die_Aggertalsperre_06_09_2009_ride_bike_f_cm_np2_le_med_16.pt,ride_bike,30
/data/dev/projects/ai/Trackey/trackey/research/EXTRACTED_HMDB51_FEATURES/ride_bike_Radfahren_um_die_Aggertalsperre_06_09_2009_ride_bike_f_cm_np2_le_med_2.pt,ride_bike,30
/data/dev/projects/ai/Trackey/trackey/research/EXTRACTED_HMDB51_FEATURES/ride_bike_Radfahren_um_die_Aggertalsperre_06_09_2009_ride_bike_f_cm_np2_ri_med_0.pt,ride_bike,30
/data/dev/projects/ai/Trackey/trackey/research/EXTRACTED_HMDB51_FEATURES/ride_bike_Radfahren_um_die_Aggertalsperre_06_09_2009_ride_bike_f_cm_np2_ri_med_1.pt,ride_bike,30
/data/dev/projects/ai/Trackey/trackey/research/EXTRACTED_HMDB51_FEATURES/ride_bike_Radfahren_um_die_Aggertalsperre_06_09_2009_ride_bike_f_cm_np2_ri_med_6.pt,ride_bike,30
/data/dev/projects/ai/Trackey/trackey/research/EXTRACTED_HMDB51_FEATURES/ride_bike_Radfahren_um_die_Aggertalsperre_06_09_2009_ride_bike_l_cm_np1_ba_med_8.pt,ride_bike,30
/data/dev/projects/ai/Trackey/trackey/research/EXTRACTED_HMDB51_FEATURES/ride_bike_Radfahren_um_die_Aggertalsperre_06_09_2009_ride_bike_l_cm_np1_ba_med_9.pt,ride_bike,30
/data/dev/projects/ai/Trackey/trackey/research/EXTRACTED_HMDB51_FEATURES/ride_bike_Schuodde_kann_kein_Fahrrad_fahren_ride_bike_f_cm_np1_le_med_1.pt,ride_bike,30
/data/dev/projects/ai/Trackey/trackey/research/EXTRACTED_HMDB51_FEATURES/ride_bike_Schuodde_kann_kein_Fahrrad_fahren_ride_bike_f_cm_np1_le_med_2.pt,ride_bike,30
/data/dev/projects/ai/Trackey/trackey/research/EXTRACTED_HMDB51_FEATURES/ride_bike_Schuodde_kann_kein_Fahrrad_fahren_ride_bike_l_cm_np1_le_med_0.pt,ride_bike,30
/data/dev/projects/ai/Trackey/trackey/research/EXTRACTED_HMDB51_FEATURES/ride_bike_Tour_de_France_2003_-_Armstrong_attacks_Ullrich_after_Fall_ride_bike_f_cm_np1_ba_med_2.pt,ride_bike,30
/data/dev/projects/ai/Trackey/trackey/research/EXTRACTED_HMDB51_FEATURES/ride_bike_Tour_de_France_2003_-_Armstrong_attacks_Ullrich_after_Fall_ride_bike_f_cm_np1_ba_med_3.pt,ride_bike,30
/data/dev/projects/ai/Trackey/trackey/research/EXTRACTED_HMDB51_FEATURES/ride_bike_Tour_de_France_2003_-_Armstrong_attacks_Ullrich_after_Fall_ride_bike_f_cm_np1_ba_med_4.pt,ride_bike,30
/data/dev/projects/ai/Trackey/trackey/research/EXTRACTED_HMDB51_FEATURES/ride_bike_Tour_de_France_2003_-_Armstrong_attacks_Ullrich_after_Fall_ride_bike_f_cm_np2_fr_med_0.pt,ride_bike,30
/data/dev/projects/ai/Trackey/trackey/research/EXTRACTED_HMDB51_FEATURES/ride_bike_Tour_de_France_2003_-_Armstrong_attacks_Ullrich_after_Fall_ride_bike_f_cm_np2_fr_med_1.pt,ride_bike,30
/data/dev/projects/ai/Trackey/trackey/research/EXTRACTED_HMDB51_FEATURES/ride_bike_Tour_de_France_2009_ETAPA_16_ESPN_ESP__Kilometros_finales_ride_bike_f_cm_np1_ba_bad_2.pt,ride_bike,30
/data/dev/projects/ai/Trackey/trackey/research/EXTRACTED_HMDB51_FEATURES/ride_bike_Tour_de_France_2009_ETAPA_16_ESPN_ESP__Kilometros_finales_ride_bike_f_cm_np1_ba_med_0.pt,ride_bike,30
/data/dev/projects/ai/Trackey/trackey/research/EXTRACTED_HMDB51_FEATURES/ride_bike_Tour_de_France_2009_ETAPA_16_ESPN_ESP__Kilometros_finales_ride_bike_f_cm_np1_fr_med_3.pt,ride_bike,30
/data/dev/projects/ai/Trackey/trackey/research/EXTRACTED_HMDB51_FEATURES/ride_bike_Tour_de_France_2009_ETAPA_16_ESPN_ESP__Kilometros_finales_ride_bike_f_cm_np1_fr_med_4.pt,ride_bike,30
/data/dev/projects/ai/Trackey/trackey/research/EXTRACTED_HMDB51_FEATURES/ride_bike_Tour_de_France_2009_ETAPA_16_ESPN_ESP__Kilometros_finales_ride_bike_f_cm_np1_fr_med_5.pt,ride_bike,30
/data/dev/projects/ai/Trackey/trackey/research/EXTRACTED_HMDB51_FEATURES/ride_bike_Tour_de_France_2009_ETAPA_16_ESPN_ESP__Kilometros_finales_ride_bike_f_cm_np1_ri_bad_1.pt,ride_bike,30
/data/dev/projects/ai/Trackey/trackey/research/EXTRACTED_HMDB51_FEATURES/ride_bike_Yorki_Kassy_beim_Fahrrad_fahren_ride_bike_f_cm_np1_fr_med_3.pt,ride_bike,30
/data/dev/projects/ai/Trackey/trackey/research/EXTRACTED_HMDB51_FEATURES/ride_bike_Yorki_Kassy_beim_Fahrrad_fahren_ride_bike_f_cm_np1_le_med_0.pt,ride_bike,30
/data/dev/projects/ai/Trackey/trackey/research/EXTRACTED_HMDB51_FEATURES/ride_bike_Yorki_Kassy_beim_Fahrrad_fahren_ride_bike_f_cm_np1_le_med_2.pt,ride_bike,30
/data/dev/projects/ai/Trackey/trackey/research/EXTRACTED_HMDB51_FEATURES/ride_bike_Yorki_Kassy_beim_Fahrrad_fahren_ride_bike_f_cm_np1_ri_med_1.pt,ride_bike,30
/data/dev/projects/ai/Trackey/trackey/research/EXTRACTED_HMDB51_FEATURES/ride_bike_lady_on_bike_ride_bike_f_cm_np1_ba_med_1.pt,ride_bike,30
/data/dev/projects/ai/Trackey/trackey/research/EXTRACTED_HMDB51_FEATURES/ride_bike_lady_on_bike_ride_bike_f_cm_np1_ri_med_0.pt,ride_bike,30
/data/dev/projects/ai/Trackey/trackey/research/EXTRACTED_HMDB51_FEATURES/ride_horse_ALeapToFreedom_ride_horse_f_cm_np1_le_med_2.pt,ride_horse,31
/data/dev/projects/ai/Trackey/trackey/research/EXTRACTED_HMDB51_FEATURES/ride_horse_ALeapToFreedom_ride_horse_f_cm_np1_ri_med_3.pt,ride_horse,31
/data/dev/projects/ai/Trackey/trackey/research/EXTRACTED_HMDB51_FEATURES/ride_horse_ALeapToFreedom_ride_horse_f_nm_np1_ba_med_1.pt,ride_horse,31
/data/dev/projects/ai/Trackey/trackey/research/EXTRACTED_HMDB51_FEATURES/ride_horse_ALeapToFreedom_ride_horse_f_nm_np1_ri_med_0.pt,ride_horse,31
/data/dev/projects/ai/Trackey/trackey/research/EXTRACTED_HMDB51_FEATURES/ride_horse_ALeapToFreedom_ride_horse_f_nm_np1_ri_med_4.pt,ride_horse,31
/data/dev/projects/ai/Trackey/trackey/research/EXTRACTED_HMDB51_FEATURES/ride_horse_Alifestyle_ride_horse_f_cm_np1_fr_med_4.pt,ride_horse,31
/data/dev/projects/ai/Trackey/trackey/research/EXTRACTED_HMDB51_FEATURES/ride_horse_Alifestyle_ride_horse_f_cm_np1_le_med_0.pt,ride_horse,31
/data/dev/projects/ai/Trackey/trackey/research/EXTRACTED_HMDB51_FEATURES/ride_horse_Alifestyle_ride_horse_f_cm_np1_le_med_2.pt,ride_horse,31
/data/dev/projects/ai/Trackey/trackey/research/EXTRACTED_HMDB51_FEATURES/ride_horse_Alifestyle_ride_horse_f_cm_np1_le_med_5.pt,ride_horse,31
/data/dev/projects/ai/Trackey/trackey/research/EXTRACTED_HMDB51_FEATURES/ride_horse_Alifestyle_ride_horse_f_cm_np1_le_med_7.pt,ride_horse,31
/data/dev/projects/ai/Trackey/trackey/research/EXTRACTED_HMDB51_FEATURES/ride_horse_Alifestyle_ride_horse_f_cm_np1_ri_med_1.pt,ride_horse,31
/data/dev/projects/ai/Trackey/trackey/research/EXTRACTED_HMDB51_FEATURES/ride_horse_Alifestyle_ride_horse_f_cm_np1_ri_med_3.pt,ride_horse,31
/data/dev/projects/ai/Trackey/trackey/research/EXTRACTED_HMDB51_FEATURES/ride_horse_Alifestyle_ride_horse_f_cm_np1_ri_med_6.pt,ride_horse,31
/data/dev/projects/ai/Trackey/trackey/research/EXTRACTED_HMDB51_FEATURES/ride_horse_BackBreakingFun_ride_horse_f_cm_np1_ba_med_1.pt,ride_horse,31
/data/dev/projects/ai/Trackey/trackey/research/EXTRACTED_HMDB51_FEATURES/ride_horse_BackBreakingFun_ride_horse_f_cm_np1_le_med_0.pt,ride_horse,31
/data/dev/projects/ai/Trackey/trackey/research/EXTRACTED_HMDB51_FEATURES/ride_horse_BackBreakingFun_ride_horse_f_cm_np1_le_med_2.pt,ride_horse,31
/data/dev/projects/ai/Trackey/trackey/research/EXTRACTED_HMDB51_FEATURES/ride_horse_BethEventingTraingGeorge_ride_horse_f_cm_np1_fr_med_5.pt,ride_horse,31
/data/dev/projects/ai/Trackey/trackey/research/EXTRACTED_HMDB51_FEATURES/ride_horse_BethEventingTraingGeorge_ride_horse_f_cm_np1_fr_med_7.pt,ride_horse,31
/data/dev/projects/ai/Trackey/trackey/research/EXTRACTED_HMDB51_FEATURES/ride_horse_BethEventingTraingGeorge_ride_horse_f_cm_np1_le_med_2.pt,ride_horse,31
/data/dev/projects/ai/Trackey/trackey/research/EXTRACTED_HMDB51_FEATURES/ride_horse_BethEventingTraingGeorge_ride_horse_f_cm_np1_ri_med_0.pt,ride_horse,31
/data/dev/projects/ai/Trackey/trackey/research/EXTRACTED_HMDB51_FEATURES/ride_horse_BethEventingTraingGeorge_ride_horse_f_cm_np1_ri_med_1.pt,ride_horse,31
/data/dev/projects/ai/Trackey/trackey/research/EXTRACTED_HMDB51_FEATURES/ride_horse_BethEventingTraingGeorge_ride_horse_f_cm_np1_ri_med_3.pt,ride_horse,31
/data/dev/projects/ai/Trackey/trackey/research/EXTRACTED_HMDB51_FEATURES/ride_horse_BethEventingTraingGeorge_ride_horse_f_cm_np1_ri_med_4.pt,ride_horse,31
/data/dev/projects/ai/Trackey/trackey/research/EXTRACTED_HMDB51_FEATURES/ride_horse_BethEventingTraingGeorge_ride_horse_f_cm_np1_ri_med_6.pt,ride_horse,31
/data/dev/projects/ai/Trackey/trackey/research/EXTRACTED_HMDB51_FEATURES/ride_horse_BethEventingTraingGeorge_ride_horse_f_cm_np1_ri_med_8.pt,ride_horse,31
/data/dev/projects/ai/Trackey/trackey/research/EXTRACTED_HMDB51_FEATURES/ride_horse_Caspar_ride_horse_f_cm_np1_le_med_5.pt,ride_horse,31
/data/dev/projects/ai/Trackey/trackey/research/EXTRACTED_HMDB51_FEATURES/ride_horse_Caspar_ride_horse_f_cm_np1_ri_med_0.pt,ride_horse,31
/data/dev/projects/ai/Trackey/trackey/research/EXTRACTED_HMDB51_FEATURES/ride_horse_Caspar_ride_horse_f_cm_np1_ri_med_1.pt,ride_horse,31
/data/dev/projects/ai/Trackey/trackey/research/EXTRACTED_HMDB51_FEATURES/ride_horse_Caspar_ride_horse_f_cm_np1_ri_med_2.pt,ride_horse,31
/data/dev/projects/ai/Trackey/trackey/research/EXTRACTED_HMDB51_FEATURES/ride_horse_Caspar_ride_horse_f_cm_np1_ri_med_3.pt,ride_horse,31
/data/dev/projects/ai/Trackey/trackey/research/EXTRACTED_HMDB51_FEATURES/ride_horse_Caspar_ride_horse_f_cm_np1_ri_med_4.pt,ride_horse,31
/data/dev/projects/ai/Trackey/trackey/research/EXTRACTED_HMDB51_FEATURES/ride_horse_ChampagneRunattheParkHT_ride_horse_f_cm_np1_fr_med_0.pt,ride_horse,31
/data/dev/projects/ai/Trackey/trackey/research/EXTRACTED_HMDB51_FEATURES/ride_horse_ChampagneRunattheParkHT_ride_horse_f_cm_np1_ri_med_1.pt,ride_horse,31
/data/dev/projects/ai/Trackey/trackey/research/EXTRACTED_HMDB51_FEATURES/ride_horse_ChelseaLately-Chelsea_ride_horse_f_cm_np1_le_med_3.pt,ride_horse,31
/data/dev/projects/ai/Trackey/trackey/research/EXTRACTED_HMDB51_FEATURES/ride_horse_ChelseaLately-Chelsea_ride_horse_f_cm_np1_le_med_4.pt,ride_horse,31
/data/dev/projects/ai/Trackey/trackey/research/EXTRACTED_HMDB51_FEATURES/ride_horse_ChelseaLately-Chelsea_ride_horse_f_cm_np1_le_med_5.pt,ride_horse,31
/data/dev/projects/ai/Trackey/trackey/research/EXTRACTED_HMDB51_FEATURES/ride_horse_ChelseaLately-Chelsea_ride_horse_f_cm_np1_le_med_6.pt,ride_horse,31
/data/dev/projects/ai/Trackey/trackey/research/EXTRACTED_HMDB51_FEATURES/ride_horse_ChelseaLately-Chelsea_ride_horse_f_cm_np1_le_med_7.pt,ride_horse,31
/data/dev/projects/ai/Trackey/trackey/research/EXTRACTED_HMDB51_FEATURES/ride_horse_ChelseaLately-Chelsea_ride_horse_f_cm_np1_le_med_8.pt,ride_horse,31
/data/dev/projects/ai/Trackey/trackey/research/EXTRACTED_HMDB51_FEATURES/ride_horse_ChelseaLately-Chelsea_ride_horse_u_cm_np1_fr_med_2.pt,ride_horse,31
/data/dev/projects/ai/Trackey/trackey/research/EXTRACTED_HMDB51_FEATURES/ride_horse_ChelseaLately-Chelsea_ride_horse_u_cm_np1_ri_med_0.pt,ride_horse,31
/data/dev/projects/ai/Trackey/trackey/research/EXTRACTED_HMDB51_FEATURES/ride_horse_ChelseaLately-Chelsea_ride_horse_u_nm_np1_ba_med_1.pt,ride_horse,31
/data/dev/projects/ai/Trackey/trackey/research/EXTRACTED_HMDB51_FEATURES/ride_horse_ChikiMovie_ride_horse_f_cm_np1_fr_med_0.pt,ride_horse,31
/data/dev/projects/ai/Trackey/trackey/research/EXTRACTED_HMDB51_FEATURES/ride_horse_ChikiMovie_ride_horse_f_cm_np1_fr_med_1.pt,ride_horse,31
/data/dev/projects/ai/Trackey/trackey/research/EXTRACTED_HMDB51_FEATURES/ride_horse_ChikiMovie_ride_horse_f_cm_np1_le_med_4.pt,ride_horse,31
/data/dev/projects/ai/Trackey/trackey/research/EXTRACTED_HMDB51_FEATURES/ride_horse_ChikiMovie_ride_horse_f_cm_np1_le_med_5.pt,ride_horse,31
/data/dev/projects/ai/Trackey/trackey/research/EXTRACTED_HMDB51_FEATURES/ride_horse_ChikiMovie_ride_horse_f_cm_np1_le_med_6.pt,ride_horse,31
/data/dev/projects/ai/Trackey/trackey/research/EXTRACTED_HMDB51_FEATURES/ride_horse_ChikiMovie_ride_horse_f_cm_np1_le_med_8.pt,ride_horse,31
/data/dev/projects/ai/Trackey/trackey/research/EXTRACTED_HMDB51_FEATURES/ride_horse_ChikiMovie_ride_horse_f_cm_np1_ri_med_2.pt,ride_horse,31
/data/dev/projects/ai/Trackey/trackey/research/EXTRACTED_HMDB51_FEATURES/ride_horse_ChikiMovie_ride_horse_f_cm_np1_ri_med_3.pt,ride_horse,31
/data/dev/projects/ai/Trackey/trackey/research/EXTRACTED_HMDB51_FEATURES/ride_horse_ChikiMovie_ride_horse_f_cm_np1_ri_med_7.pt,ride_horse,31
/data/dev/projects/ai/Trackey/trackey/research/EXTRACTED_HMDB51_FEATURES/ride_horse_CrossCountry_ride_horse_f_cm_np1_ba_med_0.pt,ride_horse,31
/data/dev/projects/ai/Trackey/trackey/research/EXTRACTED_HMDB51_FEATURES/ride_horse_CrossCountry_ride_horse_f_cm_np1_fr_med_1.pt,ride_horse,31
/data/dev/projects/ai/Trackey/trackey/research/EXTRACTED_HMDB51_FEATURES/ride_horse_CrossCountry_ride_horse_f_cm_np1_fr_med_11.pt,ride_horse,31
/data/dev/projects/ai/Trackey/trackey/research/EXTRACTED_HMDB51_FEATURES/ride_horse_CrossCountry_ride_horse_f_cm_np1_fr_med_8.pt,ride_horse,31
/data/dev/projects/ai/Trackey/trackey/research/EXTRACTED_HMDB51_FEATURES/ride_horse_CrossCountry_ride_horse_f_cm_np1_le_med_10.pt,ride_horse,31
/data/dev/projects/ai/Trackey/trackey/research/EXTRACTED_HMDB51_FEATURES/ride_horse_CrossCountry_ride_horse_f_cm_np1_le_med_2.pt,ride_horse,31
/data/dev/projects/ai/Trackey/trackey/research/EXTRACTED_HMDB51_FEATURES/ride_horse_CrossCountry_ride_horse_f_cm_np1_le_med_3.pt,ride_horse,31
/data/dev/projects/ai/Trackey/trackey/research/EXTRACTED_HMDB51_FEATURES/ride_horse_CrossCountry_ride_horse_f_cm_np1_le_med_4.pt,ride_horse,31
/data/dev/projects/ai/Trackey/trackey/research/EXTRACTED_HMDB51_FEATURES/ride_horse_CrossCountry_ride_horse_f_cm_np1_le_med_5.pt,ride_horse,31
/data/dev/projects/ai/Trackey/trackey/research/EXTRACTED_HMDB51_FEATURES/ride_horse_CrossCountry_ride_horse_l_cm_np1_ri_med_7.pt,ride_horse,31
/data/dev/projects/ai/Trackey/trackey/research/EXTRACTED_HMDB51_FEATURES/ride_horse_CrossCountry_ride_horse_u_cm_np1_fr_med_9.pt,ride_horse,31
/data/dev/projects/ai/Trackey/trackey/research/EXTRACTED_HMDB51_FEATURES/ride_horse_CrossCountry_ride_horse_u_cm_np1_le_med_6.pt,ride_horse,31
/data/dev/projects/ai/Trackey/trackey/research/EXTRACTED_HMDB51_FEATURES/ride_horse_DressageandJumping_ride_horse_f_cm_np1_fr_med_1.pt,ride_horse,31
/data/dev/projects/ai/Trackey/trackey/research/EXTRACTED_HMDB51_FEATURES/ride_horse_DressageandJumping_ride_horse_f_cm_np1_fr_med_2.pt,ride_horse,31
/data/dev/projects/ai/Trackey/trackey/research/EXTRACTED_HMDB51_FEATURES/ride_horse_DressageandJumping_ride_horse_f_cm_np1_ri_med_0.pt,ride_horse,31
/data/dev/projects/ai/Trackey/trackey/research/EXTRACTED_HMDB51_FEATURES/ride_horse_Fellowship_2_ride_horse_f_cm_np1_le_med_4.pt,ride_horse,31
/data/dev/projects/ai/Trackey/trackey/research/EXTRACTED_HMDB51_FEATURES/ride_horse_Fellowship_2_ride_horse_u_cm_np1_fr_bad_1.pt,ride_horse,31
/data/dev/projects/ai/Trackey/trackey/research/EXTRACTED_HMDB51_FEATURES/ride_horse_Fellowship_4_ride_horse_f_cm_np1_le_med_2.pt,ride_horse,31
/data/dev/projects/ai/Trackey/trackey/research/EXTRACTED_HMDB51_FEATURES/ride_horse_Fellowship_4_ride_horse_u_cm_np1_fr_med_1.pt,ride_horse,31
/data/dev/projects/ai/Trackey/trackey/research/EXTRACTED_HMDB51_FEATURES/ride_horse_FullyAlive(Request)_ride_horse_f_cm_np1_ri_med_0.pt,ride_horse,31
/data/dev/projects/ai/Trackey/trackey/research/EXTRACTED_HMDB51_FEATURES/ride_horse_Glory_ride_horse_f_cm_np1_le_med_53.pt,ride_horse,31
/data/dev/projects/ai/Trackey/trackey/research/EXTRACTED_HMDB51_FEATURES/ride_horse_Glory_ride_horse_f_nm_np1_fr_med_14.pt,ride_horse,31
/data/dev/projects/ai/Trackey/trackey/research/EXTRACTED_HMDB51_FEATURES/ride_horse_Glory_ride_horse_f_nm_np3_fr_bad_1.pt,ride_horse,31
/data/dev/projects/ai/Trackey/trackey/research/EXTRACTED_HMDB51_FEATURES/ride_horse_Glory_ride_horse_f_nm_np4_fr_bad_0.pt,ride_horse,31
/data/dev/projects/ai/Trackey/trackey/research/EXTRACTED_HMDB51_FEATURES/ride_horse_HorseRiding_ride_horse_f_cm_np1_ba_med_5.pt,ride_horse,31
/data/dev/projects/ai/Trackey/trackey/research/EXTRACTED_HMDB51_FEATURES/ride_horse_HorseRiding_ride_horse_f_cm_np1_le_med_2.pt,ride_horse,31
/data/dev/projects/ai/Trackey/trackey/research/EXTRACTED_HMDB51_FEATURES/ride_horse_HorseRiding_ride_horse_f_cm_np1_le_med_6.pt,ride_horse,31
/data/dev/projects/ai/Trackey/trackey/research/EXTRACTED_HMDB51_FEATURES/ride_horse_HorseRiding_ride_horse_f_cm_np1_le_med_7.pt,ride_horse,31
/data/dev/projects/ai/Trackey/trackey/research/EXTRACTED_HMDB51_FEATURES/ride_horse_HorseRiding_ride_horse_f_cm_np1_ri_med_0.pt,ride_horse,31
/data/dev/projects/ai/Trackey/trackey/research/EXTRACTED_HMDB51_FEATURES/ride_horse_HorseRiding_ride_horse_f_cm_np1_ri_med_1.pt,ride_horse,31
/data/dev/projects/ai/Trackey/trackey/research/EXTRACTED_HMDB51_FEATURES/ride_horse_HorseRiding_ride_horse_f_cm_np1_ri_med_3.pt,ride_horse,31
/data/dev/projects/ai/Trackey/trackey/research/EXTRACTED_HMDB51_FEATURES/ride_horse_HorseRiding_ride_horse_f_cm_np1_ri_med_4.pt,ride_horse,31
/data/dev/projects/ai/Trackey/trackey/research/EXTRACTED_HMDB51_FEATURES/ride_horse_Mylifehorseriding_ride_horse_f_cm_np1_ba_med_2.pt,ride_horse,31
/data/dev/projects/ai/Trackey/trackey/research/EXTRACTED_HMDB51_FEATURES/ride_horse_Mylifehorseriding_ride_horse_f_cm_np1_fr_med_3.pt,ride_horse,31
/data/dev/projects/ai/Trackey/trackey/research/EXTRACTED_HMDB51_FEATURES/ride_horse_Mylifehorseriding_ride_horse_f_cm_np1_le_med_4.pt,ride_horse,31
/data/dev/projects/ai/Trackey/trackey/research/EXTRACTED_HMDB51_FEATURES/ride_horse_Mylifehorseriding_ride_horse_f_cm_np1_le_med_6.pt,ride_horse,31
/data/dev/projects/ai/Trackey/trackey/research/EXTRACTED_HMDB51_FEATURES/ride_horse_Mylifehorseriding_ride_horse_f_cm_np1_ri_med_0.pt,ride_horse,31
/data/dev/projects/ai/Trackey/trackey/research/EXTRACTED_HMDB51_FEATURES/ride_horse_Mylifehorseriding_ride_horse_f_cm_np1_ri_med_1.pt,ride_horse,31
/data/dev/projects/ai/Trackey/trackey/research/EXTRACTED_HMDB51_FEATURES/ride_horse_Mylifehorseriding_ride_horse_f_nm_np1_fr_med_5.pt,ride_horse,31
/data/dev/projects/ai/Trackey/trackey/research/EXTRACTED_HMDB51_FEATURES/ride_horse_Paula_sHorsebackRidingLesson!7_22_08_ride_horse_f_cm_np1_ba_med_0.pt,ride_horse,31
/data/dev/projects/ai/Trackey/trackey/research/EXTRACTED_HMDB51_FEATURES/ride_horse_Paula_sHorsebackRidingLesson!7_22_08_ride_horse_f_cm_np1_ba_med_1.pt,ride_horse,31
/data/dev/projects/ai/Trackey/trackey/research/EXTRACTED_HMDB51_FEATURES/ride_horse_Paula_sHorsebackRidingLesson!7_22_08_ride_horse_f_cm_np1_ba_med_6.pt,ride_horse,31
/data/dev/projects/ai/Trackey/trackey/research/EXTRACTED_HMDB51_FEATURES/ride_horse_Paula_sHorsebackRidingLesson!7_22_08_ride_horse_f_cm_np1_fr_med_4.pt,ride_horse,31
/data/dev/projects/ai/Trackey/trackey/research/EXTRACTED_HMDB51_FEATURES/ride_horse_Paula_sHorsebackRidingLesson!7_22_08_ride_horse_f_cm_np1_le_med_2.pt,ride_horse,31
/data/dev/projects/ai/Trackey/trackey/research/EXTRACTED_HMDB51_FEATURES/ride_horse_Paula_sHorsebackRidingLesson!7_22_08_ride_horse_f_cm_np1_ri_med_3.pt,ride_horse,31
/data/dev/projects/ai/Trackey/trackey/research/EXTRACTED_HMDB51_FEATURES/ride_horse_Paula_sHorsebackRidingLesson!7_22_08_ride_horse_f_cm_np1_ri_med_5.pt,ride_horse,31
/data/dev/projects/ai/Trackey/trackey/research/EXTRACTED_HMDB51_FEATURES/ride_horse_Paula_sHorsebackRidingLesson!7_22_08_ride_horse_f_cm_np1_ri_med_7.pt,ride_horse,31
/data/dev/projects/ai/Trackey/trackey/research/EXTRACTED_HMDB51_FEATURES/ride_horse_Paula_sHorsebackRidingLesson!7_22_08_ride_horse_f_cm_np1_ri_med_8.pt,ride_horse,31
/data/dev/projects/ai/Trackey/trackey/research/EXTRACTED_HMDB51_FEATURES/ride_horse_Return_of_the_King_11_ride_horse_f_cm_np4_ba_med_4.pt,ride_horse,31
/data/dev/projects/ai/Trackey/trackey/research/EXTRACTED_HMDB51_FEATURES/ride_horse_Return_of_the_King_1_ride_horse_f_cm_np2_fr_med_2.pt,ride_horse,31
/data/dev/projects/ai/Trackey/trackey/research/EXTRACTED_HMDB51_FEATURES/ride_horse_Return_of_the_King_2_ride_horse_f_cm_np1_ba_bad_8.pt,ride_horse,31
/data/dev/projects/ai/Trackey/trackey/research/EXTRACTED_HMDB51_FEATURES/ride_horse_Return_of_the_King_2_ride_horse_f_cm_np1_ba_med_7.pt,ride_horse,31
/data/dev/projects/ai/Trackey/trackey/research/EXTRACTED_HMDB51_FEATURES/ride_horse_Return_of_the_King_2_ride_horse_f_cm_np6_ba_bad_0.pt,ride_horse,31
/data/dev/projects/ai/Trackey/trackey/research/EXTRACTED_HMDB51_FEATURES/ride_horse_Return_of_the_King_3_ride_horse_f_cm_np1_le_bad_1.pt,ride_horse,31
/data/dev/projects/ai/Trackey/trackey/research/EXTRACTED_HMDB51_FEATURES/ride_horse_Return_of_the_King_3_ride_horse_f_nm_np1_fr_bad_0.pt,ride_horse,31
/data/dev/projects/ai/Trackey/trackey/research/EXTRACTED_HMDB51_FEATURES/ride_horse_Return_of_the_King_4_ride_horse_f_cm_np1_ba_bad_8.pt,ride_horse,31
/data/dev/projects/ai/Trackey/trackey/research/EXTRACTED_HMDB51_FEATURES/ride_horse_Return_of_the_King_6_ride_horse_f_cm_np3_ba_med_0.pt,ride_horse,31
/data/dev/projects/ai/Trackey/trackey/research/EXTRACTED_HMDB51_FEATURES/ride_horse_Return_of_the_King_9_ride_horse_f_cm_np1_fr_med_4.pt,ride_horse,31
/data/dev/projects/ai/Trackey/trackey/research/EXTRACTED_HMDB51_FEATURES/ride_horse_Return_of_the_King_9_ride_horse_f_cm_np1_ri_med_2.pt,ride_horse,31
/data/dev/projects/ai/Trackey/trackey/research/EXTRACTED_HMDB51_FEATURES/ride_horse_Two_Towers_2_ride_horse_f_cm_np3_ba_med_0.pt,ride_horse,31
/data/dev/projects/ai/Trackey/trackey/research/EXTRACTED_HMDB51_FEATURES/ride_horse_Two_Towers_3_ride_horse_f_cm_np3_ba_bad_0.pt,ride_horse,31
/data/dev/projects/ai/Trackey/trackey/research/EXTRACTED_HMDB51_FEATURES/ride_horse_Two_Towers_3_ride_horse_f_cm_np3_fr_med_2.pt,ride_horse,31
/data/dev/projects/ai/Trackey/trackey/research/EXTRACTED_HMDB51_FEATURES/ride_horse_Two_Towers_7_ride_horse_f_cm_np5_fr_med_1.pt,ride_horse,31
/data/dev/projects/ai/Trackey/trackey/research/EXTRACTED_HMDB51_FEATURES/ride_horse_darksideofhorseracing_ride_horse_f_cm_np1_fr_med_1.pt,ride_horse,31
/data/dev/projects/ai/Trackey/trackey/research/EXTRACTED_HMDB51_FEATURES/ride_horse_darksideofhorseracing_ride_horse_f_cm_np4_ri_med_0.pt,ride_horse,31
/data/dev/projects/ai/Trackey/trackey/research/EXTRACTED_HMDB51_FEATURES/run_20060723sfjffangelina_run_f_cm_np2_fr_med_3.pt,run,32
/data/dev/projects/ai/Trackey/trackey/research/EXTRACTED_HMDB51_FEATURES/run_20060723sfjffangelina_run_f_nm_np1_ri_med_1.pt,run,32
/data/dev/projects/ai/Trackey/trackey/research/EXTRACTED_HMDB51_FEATURES/run_20060723sfjffangelina_run_f_nm_np1_ri_med_2.pt,run,32
/data/dev/projects/ai/Trackey/trackey/research/EXTRACTED_HMDB51_FEATURES/run_20060723sfjffbartsinger_run_f_nm_np1_fr_med_1.pt,run,32
/data/dev/projects/ai/Trackey/trackey/research/EXTRACTED_HMDB51_FEATURES/run_20060723sfjffbumblebeesuitman_run_f_cm_np2_ri_med_1.pt,run,32
/data/dev/projects/ai/Trackey/trackey/research/EXTRACTED_HMDB51_FEATURES/run_20060723sfjffinallseriousness_run_f_cm_np1_fr_med_0.pt,run,32
/data/dev/projects/ai/Trackey/trackey/research/EXTRACTED_HMDB51_FEATURES/run_20060723sfjffinallseriousness_run_f_cm_np2_ba_med_2.pt,run,32
/data/dev/projects/ai/Trackey/trackey/research/EXTRACTED_HMDB51_FEATURES/run_20060723sfjffinallseriousness_run_u_cm_np1_fr_med_1.pt,run,32
/data/dev/projects/ai/Trackey/trackey/research/EXTRACTED_HMDB51_FEATURES/run_20060723sfjffjewcy_run_f_nm_np1_ba_med_3.pt,run,32
/data/dev/projects/ai/Trackey/trackey/research/EXTRACTED_HMDB51_FEATURES/run_20060723sfjffsomelikeitwarmed_run_f_nm_np1_fr_med_6.pt,run,32
/data/dev/projects/ai/Trackey/trackey/research/EXTRACTED_HMDB51_FEATURES/run_50_FIRST_DATES_run_f_cm_np1_ba_med_12.pt,run,32
/data/dev/projects/ai/Trackey/trackey/research/EXTRACTED_HMDB51_FEATURES/run_50_FIRST_DATES_run_f_cm_np1_ri_med_21.pt,run,32
/data/dev/projects/ai/Trackey/trackey/research/EXTRACTED_HMDB51_FEATURES/run_50_FIRST_DATES_run_f_nm_np1_ba_med_20.pt,run,32
/data/dev/projects/ai/Trackey/trackey/research/EXTRACTED_HMDB51_FEATURES/run_50_FIRST_DATES_run_f_nm_np1_fr_med_34.pt,run,32
/data/dev/projects/ai/Trackey/trackey/research/EXTRACTED_HMDB51_FEATURES/run_APOCALYPTO_run_u_nm_np1_fr_med_3.pt,run,32
/data/dev/projects/ai/Trackey/trackey/research/EXTRACTED_HMDB51_FEATURES/run_A_Beautiful_Mind_4_run_f_cm_np1_ba_med_9.pt,run,32
/data/dev/projects/ai/Trackey/trackey/research/EXTRACTED_HMDB51_FEATURES/run_A_Beautiful_Mind_4_run_u_cm_np2_fr_med_10.pt,run,32
/data/dev/projects/ai/Trackey/trackey/research/EXTRACTED_HMDB51_FEATURES/run_A_Beautiful_Mind_5_run_f_nm_np1_fr_bad_6.pt,run,32
/data/dev/projects/ai/Trackey/trackey/research/EXTRACTED_HMDB51_FEATURES/run_A_Beautiful_Mind_5_run_u_cm_np1_fr_med_7.pt,run,32
/data/dev/projects/ai/Trackey/trackey/research/EXTRACTED_HMDB51_FEATURES/run_Age13_1_run_f_nm_np1_fr_med_1.pt,run,32
/data/dev/projects/ai/Trackey/trackey/research/EXTRACTED_HMDB51_FEATURES/run_Age13_1_run_f_nm_np1_fr_med_2.pt,run,32
/data/dev/projects/ai/Trackey/trackey/research/EXTRACTED_HMDB51_FEATURES/run_Age13_2_run_f_cm_np1_ba_med_1.pt,run,32
/data/dev/projects/ai/Trackey/trackey/research/EXTRACTED_HMDB51_FEATURES/run_AgentCodyBanks_run_f_cm_np1_ba_med_11.pt,run,32
/data/dev/projects/ai/Trackey/trackey/research/EXTRACTED_HMDB51_FEATURES/run_AgentCodyBanks_run_u_cm_np1_le_med_13.pt,run,32
/data/dev/projects/ai/Trackey/trackey/research/EXTRACTED_HMDB51_FEATURES/run_AmericanGangster_run_f_cm_np1_le_med_18.pt,run,32
/data/dev/projects/ai/Trackey/trackey/research/EXTRACTED_HMDB51_FEATURES/run_AmericanGangster_run_u_cm_np1_ri_med_65.pt,run,32
/data/dev/projects/ai/Trackey/trackey/research/EXTRACTED_HMDB51_FEATURES/run_AmericanGangster_run_u_nm_np1_ba_med_66.pt,run,32
/data/dev/projects/ai/Trackey/trackey/research/EXTRACTED_HMDB51_FEATURES/run_American_History_X_run_f_cm_np1_le_med_17.pt,run,32
/data/dev/projects/ai/Trackey/trackey/research/EXTRACTED_HMDB51_FEATURES/run_American_History_X_run_f_nm_np1_fr_med_34.pt,run,32
/data/dev/projects/ai/Trackey/trackey/research/EXTRACTED_HMDB51_FEATURES/run_American_History_X_run_f_nm_np1_fr_med_50.pt,run,32
/data/dev/projects/ai/Trackey/trackey/research/EXTRACTED_HMDB51_FEATURES/run_American_History_X_run_u_cm_np1_ba_med_18.pt,run,32
/data/dev/projects/ai/Trackey/trackey/research/EXTRACTED_HMDB51_FEATURES/run_BATMAN_BEGINS_run_f_nm_np1_fr_med_14.pt,run,32
/data/dev/projects/ai/Trackey/trackey/research/EXTRACTED_HMDB51_FEATURES/run_BIG_FISH_run_f_cm_np1_ba_bad_14.pt,run,32
/data/dev/projects/ai/Trackey/trackey/research/EXTRACTED_HMDB51_FEATURES/run_BIG_FISH_run_f_cm_np1_fr_med_33.pt,run,32
/data/dev/projects/ai/Trackey/trackey/research/EXTRACTED_HMDB51_FEATURES/run_BLACK_HAWK_DOWN_run_f_cm_np1_ba_med_27.pt,run,32
/data/dev/projects/ai/Trackey/trackey/research/EXTRACTED_HMDB51_FEATURES/run_BLACK_HAWK_DOWN_run_f_cm_np1_ba_med_30.pt,run,32
/data/dev/projects/ai/Trackey/trackey/research/EXTRACTED_HMDB51_FEATURES/run_BLACK_HAWK_DOWN_run_f_cm_np1_fr_bad_22.pt,run,32
/data/dev/projects/ai/Trackey/trackey/research/EXTRACTED_HMDB51_FEATURES/run_BLACK_HAWK_DOWN_run_f_cm_np1_fr_med_10.pt,run,32
/data/dev/projects/ai/Trackey/trackey/research/EXTRACTED_HMDB51_FEATURES/run_BLACK_HAWK_DOWN_run_f_cm_np1_le_med_12.pt,run,32
/data/dev/projects/ai/Trackey/trackey/research/EXTRACTED_HMDB51_FEATURES/run_BLACK_HAWK_DOWN_run_f_cm_np1_le_med_15.pt,run,32
/data/dev/projects/ai/Trackey/trackey/research/EXTRACTED_HMDB51_FEATURES/run_BLACK_HAWK_DOWN_run_f_cm_np1_le_med_18.pt,run,32
/data/dev/projects/ai/Trackey/trackey/research/EXTRACTED_HMDB51_FEATURES/run_BLACK_HAWK_DOWN_run_f_cm_np1_le_med_21.pt,run,32
/data/dev/projects/ai/Trackey/trackey/research/EXTRACTED_HMDB51_FEATURES/run_BLACK_HAWK_DOWN_run_f_cm_np1_ri_bad_29.pt,run,32
/data/dev/projects/ai/Trackey/trackey/research/EXTRACTED_HMDB51_FEATURES/run_BLACK_HAWK_DOWN_run_f_cm_np1_ri_med_25.pt,run,32
/data/dev/projects/ai/Trackey/trackey/research/EXTRACTED_HMDB51_FEATURES/run_BLACK_HAWK_DOWN_run_f_cm_np1_ri_med_28.pt,run,32
/data/dev/projects/ai/Trackey/trackey/research/EXTRACTED_HMDB51_FEATURES/run_BLACK_HAWK_DOWN_run_f_nm_np1_ba_med_24.pt,run,32
/data/dev/projects/ai/Trackey/trackey/research/EXTRACTED_HMDB51_FEATURES/run_BLACK_HAWK_DOWN_run_f_nm_np1_ba_med_31.pt,run,32
/data/dev/projects/ai/Trackey/trackey/research/EXTRACTED_HMDB51_FEATURES/run_BLACK_HAWK_DOWN_run_f_nm_np1_ba_med_32.pt,run,32
/data/dev/projects/ai/Trackey/trackey/research/EXTRACTED_HMDB51_FEATURES/run_BLACK_HAWK_DOWN_run_f_nm_np1_ri_med_17.pt,run,32
/data/dev/projects/ai/Trackey/trackey/research/EXTRACTED_HMDB51_FEATURES/run_BLACK_HAWK_DOWN_run_l_nm_np1_ba_med_16.pt,run,32
/data/dev/projects/ai/Trackey/trackey/research/EXTRACTED_HMDB51_FEATURES/run_BLACK_HAWK_DOWN_run_l_nm_np1_ba_med_33.pt,run,32
/data/dev/projects/ai/Trackey/trackey/research/EXTRACTED_HMDB51_FEATURES/run_BRIDGETOTERABITHIA_run_f_nm_np1_le_med_6.pt,run,32
/data/dev/projects/ai/Trackey/trackey/research/EXTRACTED_HMDB51_FEATURES/run_CastAway1_run_f_cm_np1_ri_med_2.pt,run,32
/data/dev/projects/ai/Trackey/trackey/research/EXTRACTED_HMDB51_FEATURES/run_CastAway1_run_f_cm_np1_ri_med_3.pt,run,32
/data/dev/projects/ai/Trackey/trackey/research/EXTRACTED_HMDB51_FEATURES/run_Catch_Me_If_You_Can_run_u_cm_np1_fr_med_9.pt,run,32
/data/dev/projects/ai/Trackey/trackey/research/EXTRACTED_HMDB51_FEATURES/run_Catch_Me_If_You_Can_run_u_cm_np1_le_med_8.pt,run,32
/data/dev/projects/ai/Trackey/trackey/research/EXTRACTED_HMDB51_FEATURES/run_CharlieAndTheChocolateFactory_run_f_nm_np1_fr_bad_15.pt,run,32
/data/dev/projects/ai/Trackey/trackey/research/EXTRACTED_HMDB51_FEATURES/run_CharlieAndTheChocolateFactory_run_f_nm_np1_fr_med_24.pt,run,32
/data/dev/projects/ai/Trackey/trackey/research/EXTRACTED_HMDB51_FEATURES/run_CharlieAndTheChocolateFactory_run_f_nm_np1_le_bad_16.pt,run,32
/data/dev/projects/ai/Trackey/trackey/research/EXTRACTED_HMDB51_FEATURES/run_Crash_run_f_cm_np1_fr_med_17.pt,run,32
/data/dev/projects/ai/Trackey/trackey/research/EXTRACTED_HMDB51_FEATURES/run_Crash_run_l_cm_np1_fr_med_21.pt,run,32
/data/dev/projects/ai/Trackey/trackey/research/EXTRACTED_HMDB51_FEATURES/run_Crash_run_u_nm_np1_fr_med_20.pt,run,32
/data/dev/projects/ai/Trackey/trackey/research/EXTRACTED_HMDB51_FEATURES/run_EVOLUTION_run_f_cm_np1_ba_med_0.pt,run,32
/data/dev/projects/ai/Trackey/trackey/research/EXTRACTED_HMDB51_FEATURES/run_EVOLUTION_run_f_cm_np1_fr_med_2.pt,run,32
/data/dev/projects/ai/Trackey/trackey/research/EXTRACTED_HMDB51_FEATURES/run_EVOLUTION_run_f_nm_np1_fr_med_22.pt,run,32
/data/dev/projects/ai/Trackey/trackey/research/EXTRACTED_HMDB51_FEATURES/run_EVOLUTION_run_f_nm_np2_fr_med_25.pt,run,32
/data/dev/projects/ai/Trackey/trackey/research/EXTRACTED_HMDB51_FEATURES/run_Faith_Rewarded_run_f_cm_np1_le_med_16.pt,run,32
/data/dev/projects/ai/Trackey/trackey/research/EXTRACTED_HMDB51_FEATURES/run_Faith_Rewarded_run_u_cm_np1_le_med_83.pt,run,32
/data/dev/projects/ai/Trackey/trackey/research/EXTRACTED_HMDB51_FEATURES/run_Fellowship_2_run_f_cm_np2_fr_med_5.pt,run,32
/data/dev/projects/ai/Trackey/trackey/research/EXTRACTED_HMDB51_FEATURES/run_Fellowship_6_run_f_cm_np1_fr_med_8.pt,run,32
/data/dev/projects/ai/Trackey/trackey/research/EXTRACTED_HMDB51_FEATURES/run_Fellowship_7_run_f_cm_np1_fr_med_4.pt,run,32
/data/dev/projects/ai/Trackey/trackey/research/EXTRACTED_HMDB51_FEATURES/run_Fellowship_7_run_f_cm_np1_ri_med_15.pt,run,32
/data/dev/projects/ai/Trackey/trackey/research/EXTRACTED_HMDB51_FEATURES/run_Fellowship_7_run_u_cm_np1_fr_med_5.pt,run,32
/data/dev/projects/ai/Trackey/trackey/research/EXTRACTED_HMDB51_FEATURES/run_Finding_Forrester_2_run_f_cm_np1_le_med_2.pt,run,32
/data/dev/projects/ai/Trackey/trackey/research/EXTRACTED_HMDB51_FEATURES/run_GOAL_2_living_the_dream_movie_part_2_run_f_cm_np4_fr_med_1.pt,run,32
/data/dev/projects/ai/Trackey/trackey/research/EXTRACTED_HMDB51_FEATURES/run_Glory_run_f_cm_np1_fr_med_54.pt,run,32
/data/dev/projects/ai/Trackey/trackey/research/EXTRACTED_HMDB51_FEATURES/run_Glory_run_l_cm_np3_fr_med_21.pt,run,32
/data/dev/projects/ai/Trackey/trackey/research/EXTRACTED_HMDB51_FEATURES/run_HP_PRISONER_OF_AZKABAN_run_f_cm_np1_ba_bad_27.pt,run,32
/data/dev/projects/ai/Trackey/trackey/research/EXTRACTED_HMDB51_FEATURES/run_HP_PRISONER_OF_AZKABAN_run_f_cm_np1_ba_bad_30.pt,run,32
/data/dev/projects/ai/Trackey/trackey/research/EXTRACTED_HMDB51_FEATURES/run_HP_PRISONER_OF_AZKABAN_run_f_cm_np1_ba_bad_36.pt,run,32
/data/dev/projects/ai/Trackey/trackey/research/EXTRACTED_HMDB51_FEATURES/run_HP_PRISONER_OF_AZKABAN_run_f_cm_np1_fr_bad_31.pt,run,32
/data/dev/projects/ai/Trackey/trackey/research/EXTRACTED_HMDB51_FEATURES/run_HP_PRISONER_OF_AZKABAN_run_f_cm_np1_fr_bad_37.pt,run,32
/data/dev/projects/ai/Trackey/trackey/research/EXTRACTED_HMDB51_FEATURES/run_HP_PRISONER_OF_AZKABAN_run_f_cm_np1_fr_med_0.pt,run,32
/data/dev/projects/ai/Trackey/trackey/research/EXTRACTED_HMDB51_FEATURES/run_HP_PRISONER_OF_AZKABAN_run_f_cm_np1_le_bad_35.pt,run,32
/data/dev/projects/ai/Trackey/trackey/research/EXTRACTED_HMDB51_FEATURES/run_HP_PRISONER_OF_AZKABAN_run_f_cm_np1_ri_bad_32.pt,run,32
/data/dev/projects/ai/Trackey/trackey/research/EXTRACTED_HMDB51_FEATURES/run_HP_PRISONER_OF_AZKABAN_run_f_cm_np2_fr_med_26.pt,run,32
/data/dev/projects/ai/Trackey/trackey/research/EXTRACTED_HMDB51_FEATURES/run_HP_PRISONER_OF_AZKABAN_run_f_nm_np1_fr_med_25.pt,run,32
/data/dev/projects/ai/Trackey/trackey/research/EXTRACTED_HMDB51_FEATURES/run_Hitch_Part_2_run_f_cm_np1_fr_med_8.pt,run,32
/data/dev/projects/ai/Trackey/trackey/research/EXTRACTED_HMDB51_FEATURES/run_Hitch_Part_2_run_f_nm_np1_fr_med_11.pt,run,32
/data/dev/projects/ai/Trackey/trackey/research/EXTRACTED_HMDB51_FEATURES/run_IamLegend_run_f_nm_np1_fr_med_13.pt,run,32
/data/dev/projects/ai/Trackey/trackey/research/EXTRACTED_HMDB51_FEATURES/run_IamLegend_run_f_nm_np1_le_med_3.pt,run,32
/data/dev/projects/ai/Trackey/trackey/research/EXTRACTED_HMDB51_FEATURES/run_Juno_run_f_cm_np1_ba_med_5.pt,run,32
/data/dev/projects/ai/Trackey/trackey/research/EXTRACTED_HMDB51_FEATURES/run_Juno_run_f_nm_np1_fr_med_10.pt,run,32
/data/dev/projects/ai/Trackey/trackey/research/EXTRACTED_HMDB51_FEATURES/run_KUNG_FU_HUSTLE_run_f_cm_np1_fr_med_26.pt,run,32
/data/dev/projects/ai/Trackey/trackey/research/EXTRACTED_HMDB51_FEATURES/run_KUNG_FU_HUSTLE_run_f_cm_np1_fr_med_27.pt,run,32
/data/dev/projects/ai/Trackey/trackey/research/EXTRACTED_HMDB51_FEATURES/run_KUNG_FU_HUSTLE_run_f_cm_np1_le_med_2.pt,run,32
/data/dev/projects/ai/Trackey/trackey/research/EXTRACTED_HMDB51_FEATURES/run_LONGESTYARD_run_f_cm_np1_ba_med_24.pt,run,32
/data/dev/projects/ai/Trackey/trackey/research/EXTRACTED_HMDB51_FEATURES/run_LONGESTYARD_run_f_cm_np1_le_med_15.pt,run,32
/data/dev/projects/ai/Trackey/trackey/research/EXTRACTED_HMDB51_FEATURES/run_LONGESTYARD_run_f_cm_np1_le_med_4.pt,run,32
/data/dev/projects/ai/Trackey/trackey/research/EXTRACTED_HMDB51_FEATURES/run_LONGESTYARD_run_f_cm_np1_ri_med_26.pt,run,32
/data/dev/projects/ai/Trackey/trackey/research/EXTRACTED_HMDB51_FEATURES/run_LONGESTYARD_run_f_cm_np1_ri_med_32.pt,run,32
/data/dev/projects/ai/Trackey/trackey/research/EXTRACTED_HMDB51_FEATURES/run_LittleChildren_run_f_cm_np1_ba_med_1.pt,run,32
/data/dev/projects/ai/Trackey/trackey/research/EXTRACTED_HMDB51_FEATURES/run_Man_Who_Cheated_Himself_512kb_run_f_cm_np1_fr_bad_4.pt,run,32
/data/dev/projects/ai/Trackey/trackey/research/EXTRACTED_HMDB51_FEATURES/run_Man_Who_Cheated_Himself_512kb_run_f_cm_np1_fr_med_8.pt,run,32
/data/dev/projects/ai/Trackey/trackey/research/EXTRACTED_HMDB51_FEATURES/run_Man_Who_Cheated_Himself_512kb_run_f_cm_np1_le_bad_5.pt,run,32
/data/dev/projects/ai/Trackey/trackey/research/EXTRACTED_HMDB51_FEATURES/run_MeettheFockers_run_u_nm_np1_fr_med_13.pt,run,32
/data/dev/projects/ai/Trackey/trackey/research/EXTRACTED_HMDB51_FEATURES/run_OldSchool_run_f_cm_np1_ba_med_14.pt,run,32
/data/dev/projects/ai/Trackey/trackey/research/EXTRACTED_HMDB51_FEATURES/run_Prelinger_HabitPat1954_run_f_cm_np1_ri_med_18.pt,run,32
/data/dev/projects/ai/Trackey/trackey/research/EXTRACTED_HMDB51_FEATURES/run_RATRACE_run_f_cm_np1_ba_med_14.pt,run,32
/data/dev/projects/ai/Trackey/trackey/research/EXTRACTED_HMDB51_FEATURES/run_RATRACE_run_f_cm_np1_ba_med_22.pt,run,32
/data/dev/projects/ai/Trackey/trackey/research/EXTRACTED_HMDB51_FEATURES/run_RATRACE_run_f_cm_np1_fr_med_16.pt,run,32
/data/dev/projects/ai/Trackey/trackey/research/EXTRACTED_HMDB51_FEATURES/run_RATRACE_run_f_cm_np1_le_bad_24.pt,run,32
/data/dev/projects/ai/Trackey/trackey/research/EXTRACTED_HMDB51_FEATURES/run_RATRACE_run_f_cm_np1_ri_med_13.pt,run,32
/data/dev/projects/ai/Trackey/trackey/research/EXTRACTED_HMDB51_FEATURES/run_RATRACE_run_f_cm_np1_ri_med_20.pt,run,32
/data/dev/projects/ai/Trackey/trackey/research/EXTRACTED_HMDB51_FEATURES/run_RATRACE_run_f_nm_np1_le_med_8.pt,run,32
/data/dev/projects/ai/Trackey/trackey/research/EXTRACTED_HMDB51_FEATURES/run_RATRACE_run_f_nm_np1_ri_med_7.pt,run,32
/data/dev/projects/ai/Trackey/trackey/research/EXTRACTED_HMDB51_FEATURES/run_RETURN_OF_THE_KING_run_f_cm_np1_fr_bad_10.pt,run,32
/data/dev/projects/ai/Trackey/trackey/research/EXTRACTED_HMDB51_FEATURES/run_RETURN_OF_THE_KING_run_f_cm_np1_fr_bad_32.pt,run,32
/data/dev/projects/ai/Trackey/trackey/research/EXTRACTED_HMDB51_FEATURES/run_RETURN_OF_THE_KING_run_f_cm_np1_fr_med_31.pt,run,32
/data/dev/projects/ai/Trackey/trackey/research/EXTRACTED_HMDB51_FEATURES/run_RETURN_OF_THE_KING_run_f_cm_np1_fr_med_52.pt,run,32
/data/dev/projects/ai/Trackey/trackey/research/EXTRACTED_HMDB51_FEATURES/run_RETURN_OF_THE_KING_run_f_cm_np1_ri_bad_6.pt,run,32
/data/dev/projects/ai/Trackey/trackey/research/EXTRACTED_HMDB51_FEATURES/run_RETURN_OF_THE_KING_run_f_cm_np1_ri_med_11.pt,run,32
/data/dev/projects/ai/Trackey/trackey/research/EXTRACTED_HMDB51_FEATURES/run_RETURN_OF_THE_KING_run_f_nm_np1_ba_med_43.pt,run,32
/data/dev/projects/ai/Trackey/trackey/research/EXTRACTED_HMDB51_FEATURES/run_RETURN_OF_THE_KING_run_u_cm_np1_fr_bad_46.pt,run,32
/data/dev/projects/ai/Trackey/trackey/research/EXTRACTED_HMDB51_FEATURES/run_Return_of_the_King_12_run_f_cm_np1_fr_med_1.pt,run,32
/data/dev/projects/ai/Trackey/trackey/research/EXTRACTED_HMDB51_FEATURES/run_Return_of_the_King_4_run_f_cm_np1_ri_med_5.pt,run,32
/data/dev/projects/ai/Trackey/trackey/research/EXTRACTED_HMDB51_FEATURES/run_RushHour2_run_f_cm_np1_fr_bad_1.pt,run,32
/data/dev/projects/ai/Trackey/trackey/research/EXTRACTED_HMDB51_FEATURES/run_RushHour2_run_f_cm_np1_fr_med_0.pt,run,32
/data/dev/projects/ai/Trackey/trackey/research/EXTRACTED_HMDB51_FEATURES/run_RushHour2_run_u_cm_np1_fr_bad_4.pt,run,32
/data/dev/projects/ai/Trackey/trackey/research/EXTRACTED_HMDB51_FEATURES/run_Shadow_of_a_Doubt_run_f_nm_np1_fr_med_16.pt,run,32
/data/dev/projects/ai/Trackey/trackey/research/EXTRACTED_HMDB51_FEATURES/run_Shadow_of_a_Doubt_run_u_cm_np1_ba_med_13.pt,run,32
/data/dev/projects/ai/Trackey/trackey/research/EXTRACTED_HMDB51_FEATURES/run_Superbad_run_f_nm_np1_ba_med_2.pt,run,32
/data/dev/projects/ai/Trackey/trackey/research/EXTRACTED_HMDB51_FEATURES/run_SweeneyTodd_run_f_nm_np1_ba_bad_32.pt,run,32
/data/dev/projects/ai/Trackey/trackey/research/EXTRACTED_HMDB51_FEATURES/run_THE_PROTECTOR_run_f_cm_np1_ba_med_13.pt,run,32
/data/dev/projects/ai/Trackey/trackey/research/EXTRACTED_HMDB51_FEATURES/run_THE_PROTECTOR_run_f_cm_np1_ba_med_28.pt,run,32
/data/dev/projects/ai/Trackey/trackey/research/EXTRACTED_HMDB51_FEATURES/run_THE_PROTECTOR_run_f_cm_np1_ba_med_35.pt,run,32
/data/dev/projects/ai/Trackey/trackey/research/EXTRACTED_HMDB51_FEATURES/run_THE_PROTECTOR_run_f_cm_np1_ba_med_44.pt,run,32
/data/dev/projects/ai/Trackey/trackey/research/EXTRACTED_HMDB51_FEATURES/run_THE_PROTECTOR_run_f_cm_np1_ba_med_50.pt,run,32
/data/dev/projects/ai/Trackey/trackey/research/EXTRACTED_HMDB51_FEATURES/run_THE_PROTECTOR_run_f_cm_np1_le_med_15.pt,run,32
/data/dev/projects/ai/Trackey/trackey/research/EXTRACTED_HMDB51_FEATURES/run_THE_PROTECTOR_run_f_cm_np1_le_med_42.pt,run,32
/data/dev/projects/ai/Trackey/trackey/research/EXTRACTED_HMDB51_FEATURES/run_THE_PROTECTOR_run_f_cm_np1_ri_med_101.pt,run,32
/data/dev/projects/ai/Trackey/trackey/research/EXTRACTED_HMDB51_FEATURES/run_THE_PROTECTOR_run_f_cm_np1_ri_med_70.pt,run,32
/data/dev/projects/ai/Trackey/trackey/research/EXTRACTED_HMDB51_FEATURES/run_THE_PROTECTOR_run_f_nm_np1_ba_med_12.pt,run,32
/data/dev/projects/ai/Trackey/trackey/research/EXTRACTED_HMDB51_FEATURES/run_THE_PROTECTOR_run_f_nm_np1_fr_med_21.pt,run,32
/data/dev/projects/ai/Trackey/trackey/research/EXTRACTED_HMDB51_FEATURES/run_THE_PROTECTOR_run_f_nm_np1_fr_med_71.pt,run,32
/data/dev/projects/ai/Trackey/trackey/research/EXTRACTED_HMDB51_FEATURES/run_THE_PROTECTOR_run_f_nm_np1_le_med_91.pt,run,32
/data/dev/projects/ai/Trackey/trackey/research/EXTRACTED_HMDB51_FEATURES/run_THE_PROTECTOR_run_u_cm_np1_fr_med_88.pt,run,32
/data/dev/projects/ai/Trackey/trackey/research/EXTRACTED_HMDB51_FEATURES/run_THE_PROTECTOR_run_u_cm_np1_le_med_1.pt,run,32
/data/dev/projects/ai/Trackey/trackey/research/EXTRACTED_HMDB51_FEATURES/run_TheBigBangS01E01Pilot_run_f_nm_np1_ba_med_0.pt,run,32
/data/dev/projects/ai/Trackey/trackey/research/EXTRACTED_HMDB51_FEATURES/run_TheBoondockSaints_run_f_cm_np1_ri_med_61.pt,run,32
/data/dev/projects/ai/Trackey/trackey/research/EXTRACTED_HMDB51_FEATURES/run_TheBoondockSaints_run_f_cm_np3_fr_bad_128.pt,run,32
/data/dev/projects/ai/Trackey/trackey/research/EXTRACTED_HMDB51_FEATURES/run_TheBoondockSaints_run_h_cm_np1_fr_bad_69.pt,run,32
/data/dev/projects/ai/Trackey/trackey/research/EXTRACTED_HMDB51_FEATURES/run_TheBoondockSaints_run_u_cm_np1_fr_bad_95.pt,run,32
/data/dev/projects/ai/Trackey/trackey/research/EXTRACTED_HMDB51_FEATURES/run_TheBoondockSaints_run_u_cm_np1_fr_med_121.pt,run,32
/data/dev/projects/ai/Trackey/trackey/research/EXTRACTED_HMDB51_FEATURES/run_TheBoondockSaints_run_u_nm_np1_ba_bad_93.pt,run,32
/data/dev/projects/ai/Trackey/trackey/research/EXTRACTED_HMDB51_FEATURES/run_TheLastManOnearth_run_f_cm_np1_ba_med_39.pt,run,32
/data/dev/projects/ai/Trackey/trackey/research/EXTRACTED_HMDB51_FEATURES/run_TheLastManOnearth_run_f_cm_np1_ba_med_45.pt,run,32
/data/dev/projects/ai/Trackey/trackey/research/EXTRACTED_HMDB51_FEATURES/run_TheLastManOnearth_run_f_cm_np1_fr_med_48.pt,run,32
/data/dev/projects/ai/Trackey/trackey/research/EXTRACTED_HMDB51_FEATURES/run_TheLastManOnearth_run_f_cm_np1_le_med_47.pt,run,32
/data/dev/projects/ai/Trackey/trackey/research/EXTRACTED_HMDB51_FEATURES/run_TheLastManOnearth_run_f_nm_np1_ba_bad_40.pt,run,32
/data/dev/projects/ai/Trackey/trackey/research/EXTRACTED_HMDB51_FEATURES/run_TheLastManOnearth_run_f_nm_np1_fr_bad_50.pt,run,32
/data/dev/projects/ai/Trackey/trackey/research/EXTRACTED_HMDB51_FEATURES/run_TheLastManOnearth_run_f_nm_np1_fr_med_30.pt,run,32
/data/dev/projects/ai/Trackey/trackey/research/EXTRACTED_HMDB51_FEATURES/run_TheLastManOnearth_run_f_nm_np1_fr_med_42.pt,run,32
/data/dev/projects/ai/Trackey/trackey/research/EXTRACTED_HMDB51_FEATURES/run_TheLastManOnearth_run_f_nm_np1_le_med_46.pt,run,32
/data/dev/projects/ai/Trackey/trackey/research/EXTRACTED_HMDB51_FEATURES/run_TheLastManOnearth_run_f_nm_np2_fr_med_49.pt,run,32
/data/dev/projects/ai/Trackey/trackey/research/EXTRACTED_HMDB51_FEATURES/run_TheLittleShopofHorrors_run_f_cm_np1_fr_bad_13.pt,run,32
/data/dev/projects/ai/Trackey/trackey/research/EXTRACTED_HMDB51_FEATURES/run_The_Fugitive_2_run_f_cm_np1_fr_med_1.pt,run,32
/data/dev/projects/ai/Trackey/trackey/research/EXTRACTED_HMDB51_FEATURES/run_The_Fugitive_2_run_f_cm_np1_fr_med_2.pt,run,32
/data/dev/projects/ai/Trackey/trackey/research/EXTRACTED_HMDB51_FEATURES/run_The_Fugitive_2_run_f_cm_np1_fr_med_20.pt,run,32
/data/dev/projects/ai/Trackey/trackey/research/EXTRACTED_HMDB51_FEATURES/run_The_Fugitive_2_run_f_nm_np3_fr_med_15.pt,run,32
/data/dev/projects/ai/Trackey/trackey/research/EXTRACTED_HMDB51_FEATURES/run_The_Fugitive_5_run_f_cm_np1_fr_med_1.pt,run,32
/data/dev/projects/ai/Trackey/trackey/research/EXTRACTED_HMDB51_FEATURES/run_The_Fugitive_5_run_f_cm_np2_ri_med_2.pt,run,32
/data/dev/projects/ai/Trackey/trackey/research/EXTRACTED_HMDB51_FEATURES/run_The_Fugitive_5_run_f_nm_np1_ba_med_12.pt,run,32
/data/dev/projects/ai/Trackey/trackey/research/EXTRACTED_HMDB51_FEATURES/run_The_Fugitive_5_run_f_nm_np2_fr_med_3.pt,run,32
/data/dev/projects/ai/Trackey/trackey/research/EXTRACTED_HMDB51_FEATURES/run_The_Fugitive_6_run_f_cm_np1_fr_med_19.pt,run,32
/data/dev/projects/ai/Trackey/trackey/research/EXTRACTED_HMDB51_FEATURES/run_The_House_on_Haunted_Hill_run_f_cm_np1_le_med_12.pt,run,32
/data/dev/projects/ai/Trackey/trackey/research/EXTRACTED_HMDB51_FEATURES/run_The_Matrix_1_run_f_cm_np1_fr_bad_0.pt,run,32
/data/dev/projects/ai/Trackey/trackey/research/EXTRACTED_HMDB51_FEATURES/run_The_Matrix_1_run_f_cm_np1_fr_med_1.pt,run,32
/data/dev/projects/ai/Trackey/trackey/research/EXTRACTED_HMDB51_FEATURES/run_The_Matrix_3_run_f_cm_np1_ba_med_8.pt,run,32
/data/dev/projects/ai/Trackey/trackey/research/EXTRACTED_HMDB51_FEATURES/run_The_Matrix_3_run_f_cm_np1_ri_med_7.pt,run,32
/data/dev/projects/ai/Trackey/trackey/research/EXTRACTED_HMDB51_FEATURES/run_The_Matrix_6_run_f_cm_np1_ba_med_1.pt,run,32
/data/dev/projects/ai/Trackey/trackey/research/EXTRACTED_HMDB51_FEATURES/run_The_Matrix_6_run_f_cm_np1_fr_med_2.pt,run,32
/data/dev/projects/ai/Trackey/trackey/research/EXTRACTED_HMDB51_FEATURES/run_The_Matrix_6_run_f_nm_np1_fr_med_7.pt,run,32
/data/dev/projects/ai/Trackey/trackey/research/EXTRACTED_HMDB51_FEATURES/run_The_Matrix_Revolutions_5_run_u_cm_np1_le_med_4.pt,run,32
/data/dev/projects/ai/Trackey/trackey/research/EXTRACTED_HMDB51_FEATURES/run_The_Matrix_Revolutions_5_run_u_cm_np1_ri_med_3.pt,run,32
/data/dev/projects/ai/Trackey/trackey/research/EXTRACTED_HMDB51_FEATURES/run_TrumanShow_run_f_cm_np1_ba_med_13.pt,run,32
/data/dev/projects/ai/Trackey/trackey/research/EXTRACTED_HMDB51_FEATURES/run_TrumanShow_run_f_cm_np1_le_med_3.pt,run,32
/data/dev/projects/ai/Trackey/trackey/research/EXTRACTED_HMDB51_FEATURES/run_TrumanShow_run_f_nm_np1_ba_med_19.pt,run,32
/data/dev/projects/ai/Trackey/trackey/research/EXTRACTED_HMDB51_FEATURES/run_TrumanShow_run_f_nm_np1_ba_med_21.pt,run,32
/data/dev/projects/ai/Trackey/trackey/research/EXTRACTED_HMDB51_FEATURES/run_TrumanShow_run_f_nm_np1_le_med_11.pt,run,32
/data/dev/projects/ai/Trackey/trackey/research/EXTRACTED_HMDB51_FEATURES/run_Two_Towers_1_run_f_cm_np1_fr_med_3.pt,run,32
/data/dev/projects/ai/Trackey/trackey/research/EXTRACTED_HMDB51_FEATURES/run_Two_Towers_1_run_f_cm_np2_ba_med_5.pt,run,32
/data/dev/projects/ai/Trackey/trackey/research/EXTRACTED_HMDB51_FEATURES/run_Two_Towers_1_run_f_cm_np2_fr_med_4.pt,run,32
/data/dev/projects/ai/Trackey/trackey/research/EXTRACTED_HMDB51_FEATURES/run_Two_Towers_1_run_f_cm_np3_ba_bad_2.pt,run,32
/data/dev/projects/ai/Trackey/trackey/research/EXTRACTED_HMDB51_FEATURES/run_Two_Towers_1_run_f_cm_np3_ba_med_1.pt,run,32
/data/dev/projects/ai/Trackey/trackey/research/EXTRACTED_HMDB51_FEATURES/run_Two_Towers_1_run_u_cm_np2_fr_bad_6.pt,run,32
/data/dev/projects/ai/Trackey/trackey/research/EXTRACTED_HMDB51_FEATURES/run_Veoh_Alpha_Dog_1_run_f_cm_np1_ba_med_29.pt,run,32
/data/dev/projects/ai/Trackey/trackey/research/EXTRACTED_HMDB51_FEATURES/run_Veoh_Alpha_Dog_1_run_f_cm_np3_ba_med_34.pt,run,32
/data/dev/projects/ai/Trackey/trackey/research/EXTRACTED_HMDB51_FEATURES/run_Veoh_Alpha_Dog_2_run_f_nm_np1_ba_bad_19.pt,run,32
/data/dev/projects/ai/Trackey/trackey/research/EXTRACTED_HMDB51_FEATURES/run_Veoh_Alpha_Dog_2_run_f_nm_np1_ba_med_11.pt,run,32
/data/dev/projects/ai/Trackey/trackey/research/EXTRACTED_HMDB51_FEATURES/run_Veoh_Alpha_Dog_2_run_f_nm_np1_fr_med_26.pt,run,32
/data/dev/projects/ai/Trackey/trackey/research/EXTRACTED_HMDB51_FEATURES/run_Wayne_Rooney_At_Home_Funny_Must_See_run_f_cm_np1_le_med_2.pt,run,32
/data/dev/projects/ai/Trackey/trackey/research/EXTRACTED_HMDB51_FEATURES/run_Wayne_Rooney_At_Home_Funny_Must_See_run_f_cm_np1_le_med_3.pt,run,32
/data/dev/projects/ai/Trackey/trackey/research/EXTRACTED_HMDB51_FEATURES/run_gangboy256kb_run_f_nm_np1_ba_med_1.pt,run,32
/data/dev/projects/ai/Trackey/trackey/research/EXTRACTED_HMDB51_FEATURES/run_happy_go_lovely_run_f_cm_np1_fr_goo_2.pt,run,32
/data/dev/projects/ai/Trackey/trackey/research/EXTRACTED_HMDB51_FEATURES/run_happy_go_lovely_run_f_nm_np1_ba_med_17.pt,run,32
/data/dev/projects/ai/Trackey/trackey/research/EXTRACTED_HMDB51_FEATURES/run_happy_go_lovely_run_f_nm_np1_fr_med_16.pt,run,32
/data/dev/projects/ai/Trackey/trackey/research/EXTRACTED_HMDB51_FEATURES/run_jonhs_netfreemovies_holygrail_run_f_nm_np1_fr_bad_5.pt,run,32
/data/dev/projects/ai/Trackey/trackey/research/EXTRACTED_HMDB51_FEATURES/run_likebeckam_run_f_cm_np1_ba_med_14.pt,run,32
/data/dev/projects/ai/Trackey/trackey/research/EXTRACTED_HMDB51_FEATURES/run_likebeckam_run_f_cm_np1_ba_med_2.pt,run,32
/data/dev/projects/ai/Trackey/trackey/research/EXTRACTED_HMDB51_FEATURES/run_likebeckam_run_f_cm_np1_ba_med_22.pt,run,32
/data/dev/projects/ai/Trackey/trackey/research/EXTRACTED_HMDB51_FEATURES/run_likebeckam_run_f_cm_np1_ba_med_24.pt,run,32
/data/dev/projects/ai/Trackey/trackey/research/EXTRACTED_HMDB51_FEATURES/run_likebeckam_run_f_cm_np1_fr_med_30.pt,run,32
/data/dev/projects/ai/Trackey/trackey/research/EXTRACTED_HMDB51_FEATURES/run_likebeckam_run_f_cm_np1_fr_med_4.pt,run,32
/data/dev/projects/ai/Trackey/trackey/research/EXTRACTED_HMDB51_FEATURES/run_likebeckam_run_f_cm_np1_fr_med_5.pt,run,32
/data/dev/projects/ai/Trackey/trackey/research/EXTRACTED_HMDB51_FEATURES/run_likebeckam_run_f_cm_np1_le_med_23.pt,run,32
/data/dev/projects/ai/Trackey/trackey/research/EXTRACTED_HMDB51_FEATURES/run_likebeckam_run_f_cm_np1_le_med_3.pt,run,32
/data/dev/projects/ai/Trackey/trackey/research/EXTRACTED_HMDB51_FEATURES/run_likebeckam_run_f_cm_np1_ri_med_0.pt,run,32
/data/dev/projects/ai/Trackey/trackey/research/EXTRACTED_HMDB51_FEATURES/run_likebeckam_run_f_cm_np1_ri_med_1.pt,run,32
/data/dev/projects/ai/Trackey/trackey/research/EXTRACTED_HMDB51_FEATURES/run_likebeckam_run_f_nm_np1_fr_bad_12.pt,run,32
/data/dev/projects/ai/Trackey/trackey/research/EXTRACTED_HMDB51_FEATURES/run_metacafe_coolsoccer_run_f_cm_np10_le_bad_2.pt,run,32
/data/dev/projects/ai/Trackey/trackey/research/EXTRACTED_HMDB51_FEATURES/run_metacafe_coolsoccer_run_f_cm_np1_ba_med_1.pt,run,32
/data/dev/projects/ai/Trackey/trackey/research/EXTRACTED_HMDB51_FEATURES/run_metacafe_coolsoccer_run_f_cm_np3_fr_bad_6.pt,run,32
/data/dev/projects/ai/Trackey/trackey/research/EXTRACTED_HMDB51_FEATURES/run_metacafe_coolsoccer_run_f_cm_np4_ba_bad_3.pt,run,32
/data/dev/projects/ai/Trackey/trackey/research/EXTRACTED_HMDB51_FEATURES/run_metacafe_coolsoccer_run_f_cm_np6_le_bad_8.pt,run,32
/data/dev/projects/ai/Trackey/trackey/research/EXTRACTED_HMDB51_FEATURES/run_nameunknown256kb_run_f_cm_np1_fr_med_3.pt,run,32
/data/dev/projects/ai/Trackey/trackey/research/EXTRACTED_HMDB51_FEATURES/run_prelinger_LetsPlay1949_run_f_nm_np1_fr_med_16.pt,run,32
/data/dev/projects/ai/Trackey/trackey/research/EXTRACTED_HMDB51_FEATURES/run_prelinger_they_grow_up_so_fast_1_run_f_cm_np1_ri_med_14.pt,run,32
/data/dev/projects/ai/Trackey/trackey/research/EXTRACTED_HMDB51_FEATURES/run_prelinger_they_grow_up_so_fast_1_run_f_nm_np1_ba_bad_7.pt,run,32
/data/dev/projects/ai/Trackey/trackey/research/EXTRACTED_HMDB51_FEATURES/run_prelinger_they_grow_up_so_fast_1_run_f_nm_np1_ba_med_6.pt,run,32
/data/dev/projects/ai/Trackey/trackey/research/EXTRACTED_HMDB51_FEATURES/run_veoh_harold_and_kumar_run_f_nm_np2_fr_bad_10.pt,run,32
/data/dev/projects/ai/Trackey/trackey/research/EXTRACTED_HMDB51_FEATURES/run_veoh_harold_and_kumar_run_f_nm_np2_fr_med_6.pt,run,32
/data/dev/projects/ai/Trackey/trackey/research/EXTRACTED_HMDB51_FEATURES/shake_hands_2008-2009_Folk_Song_Singing_Competition_Prize_Giving_Ceremony_shake_hands_f_cm_np2_ba_bad_1.pt,shake_hands,33
/data/dev/projects/ai/Trackey/trackey/research/EXTRACTED_HMDB51_FEATURES/shake_hands_2008-2009_Folk_Song_Singing_Competition_Prize_Giving_Ceremony_shake_hands_f_cm_np2_le_bad_0.pt,shake_hands,33
/data/dev/projects/ai/Trackey/trackey/research/EXTRACTED_HMDB51_FEATURES/shake_hands_2008_Stockholm_Water_Prize_Award_Ceremony_shake_hands_u_nm_np2_le_med_0.pt,shake_hands,33
/data/dev/projects/ai/Trackey/trackey/research/EXTRACTED_HMDB51_FEATURES/shake_hands_2009_NJEHA_Conference__Awards_Ceremony_-_Part_1_shake_hands_u_cm_np2_le_med_0.pt,shake_hands,33
/data/dev/projects/ai/Trackey/trackey/research/EXTRACTED_HMDB51_FEATURES/shake_hands_40_Trofeo_S_A_R__Princesa_Sofia_Price_Giving_Ceremony_shake_hands_f_cm_np2_le_bad_2.pt,shake_hands,33
/data/dev/projects/ai/Trackey/trackey/research/EXTRACTED_HMDB51_FEATURES/shake_hands_40_Trofeo_S_A_R__Princesa_Sofia_Price_Giving_Ceremony_shake_hands_u_cm_np2_le_med_0.pt,shake_hands,33
/data/dev/projects/ai/Trackey/trackey/research/EXTRACTED_HMDB51_FEATURES/shake_hands_40_Trofeo_S_A_R__Princesa_Sofia_Price_Giving_Ceremony_shake_hands_u_cm_np2_le_med_1.pt,shake_hands,33
/data/dev/projects/ai/Trackey/trackey/research/EXTRACTED_HMDB51_FEATURES/shake_hands_ANNA_BESSONOVA_in_Mie_WC_2009_-_Elegance_Award_Ceremony_shake_hands_u_cm_np2_le_med_0.pt,shake_hands,33
/data/dev/projects/ai/Trackey/trackey/research/EXTRACTED_HMDB51_FEATURES/shake_hands_ANNA_BESSONOVA_in_Mie_WC_2009_-_Elegance_Award_Ceremony_shake_hands_u_cm_np2_le_med_1.pt,shake_hands,33
/data/dev/projects/ai/Trackey/trackey/research/EXTRACTED_HMDB51_FEATURES/shake_hands_A_Beautiful_Mind_1_shake_hands_u_nm_np2_le_med_1.pt,shake_hands,33
/data/dev/projects/ai/Trackey/trackey/research/EXTRACTED_HMDB51_FEATURES/shake_hands_A_Beautiful_Mind_5_shake_hands_f_nm_np2_ri_med_0.pt,shake_hands,33
/data/dev/projects/ai/Trackey/trackey/research/EXTRACTED_HMDB51_FEATURES/shake_hands_A_Beautiful_Mind_6_shake_hands_f_nm_np2_le_med_8.pt,shake_hands,33
/data/dev/projects/ai/Trackey/trackey/research/EXTRACTED_HMDB51_FEATURES/shake_hands_Aishwarya_Rai_Burns_David_Letterman_in_his_own_show_shake_hands_f_cm_np2_le_bad_0.pt,shake_hands,33
/data/dev/projects/ai/Trackey/trackey/research/EXTRACTED_HMDB51_FEATURES/shake_hands_American_History_X_shake_hands_u_nm_np2_fr_med_11.pt,shake_hands,33
/data/dev/projects/ai/Trackey/trackey/research/EXTRACTED_HMDB51_FEATURES/shake_hands_Anna_Paquin-The_Late_Show_with_David_Letterman~7_16_2009_shake_hands_f_cm_np2_le_med_0.pt,shake_hands,33
/data/dev/projects/ai/Trackey/trackey/research/EXTRACTED_HMDB51_FEATURES/shake_hands_Anna_Wintour_on_David_Letterman__Part_1_shake_hands_f_cm_np2_le_med_0.pt,shake_hands,33
/data/dev/projects/ai/Trackey/trackey/research/EXTRACTED_HMDB51_FEATURES/shake_hands_BSS_2008_-_Wentworth_Miller_erh_lt_gol__Otto_Shootingstar_shake_hands_u_cm_np2_le_med_0.pt,shake_hands,33
/data/dev/projects/ai/Trackey/trackey/research/EXTRACTED_HMDB51_FEATURES/shake_hands_BSS_2008_-_Wentworth_Miller_erh_lt_gol__Otto_Shootingstar_shake_hands_u_cm_np2_le_med_1.pt,shake_hands,33
/data/dev/projects/ai/Trackey/trackey/research/EXTRACTED_HMDB51_FEATURES/shake_hands_BSS_2008_-_Wentworth_Miller_erh_lt_gol__Otto_Shootingstar_shake_hands_u_cm_np2_le_med_2.pt,shake_hands,33
/data/dev/projects/ai/Trackey/trackey/research/EXTRACTED_HMDB51_FEATURES/shake_hands_Berlusconi_keeps_Merkel_waiting_by_taking_phone_call_at_NATO_summit_shake_hands_u_cm_np2_le_med_0.pt,shake_hands,33
/data/dev/projects/ai/Trackey/trackey/research/EXTRACTED_HMDB51_FEATURES/shake_hands_Bill_Clinton_Statue_Unveiled_In_Kosovo_shake_hands_f_cm_np2_le_bad_0.pt,shake_hands,33
/data/dev/projects/ai/Trackey/trackey/research/EXTRACTED_HMDB51_FEATURES/shake_hands_Blake_Lively_On_Letterman_3-24-09_shake_hands_f_cm_np2_le_med_0.pt,shake_hands,33
/data/dev/projects/ai/Trackey/trackey/research/EXTRACTED_HMDB51_FEATURES/shake_hands_Brett_Favre_on_Letterman_shake_hands_f_cm_np2_le_med_0.pt,shake_hands,33
/data/dev/projects/ai/Trackey/trackey/research/EXTRACTED_HMDB51_FEATURES/shake_hands_Bush_Shake_Hands_CNN_mov_shake_hands_u_cm_np2_ba_med_0.pt,shake_hands,33
/data/dev/projects/ai/Trackey/trackey/research/EXTRACTED_HMDB51_FEATURES/shake_hands_Bush_Shake_Hands_CNN_mov_shake_hands_u_cm_np2_ba_med_2.pt,shake_hands,33
/data/dev/projects/ai/Trackey/trackey/research/EXTRACTED_HMDB51_FEATURES/shake_hands_Bush_Shake_Hands_CNN_mov_shake_hands_u_cm_np4_le_med_1.pt,shake_hands,33
/data/dev/projects/ai/Trackey/trackey/research/EXTRACTED_HMDB51_FEATURES/shake_hands_CSU_Cesar_Chavez_Day_Celebration_and_Award_Ceremony_2009_Part_7_shake_hands_f_cm_np2_le_med_6.pt,shake_hands,33
/data/dev/projects/ai/Trackey/trackey/research/EXTRACTED_HMDB51_FEATURES/shake_hands_CSU_Cesar_Chavez_Day_Celebration_and_Award_Ceremony_2009_Part_7_shake_hands_f_nm_np2_le_med_0.pt,shake_hands,33
/data/dev/projects/ai/Trackey/trackey/research/EXTRACTED_HMDB51_FEATURES/shake_hands_CSU_Cesar_Chavez_Day_Celebration_and_Award_Ceremony_2009_Part_7_shake_hands_f_nm_np2_le_med_1.pt,shake_hands,33
/data/dev/projects/ai/Trackey/trackey/research/EXTRACTED_HMDB51_FEATURES/shake_hands_CSU_Cesar_Chavez_Day_Celebration_and_Award_Ceremony_2009_Part_7_shake_hands_f_nm_np2_le_med_2.pt,shake_hands,33
/data/dev/projects/ai/Trackey/trackey/research/EXTRACTED_HMDB51_FEATURES/shake_hands_CSU_Cesar_Chavez_Day_Celebration_and_Award_Ceremony_2009_Part_7_shake_hands_u_cm_np2_le_med_3.pt,shake_hands,33
/data/dev/projects/ai/Trackey/trackey/research/EXTRACTED_HMDB51_FEATURES/shake_hands_CSU_Cesar_Chavez_Day_Celebration_and_Award_Ceremony_2009_Part_7_shake_hands_u_cm_np2_le_med_4.pt,shake_hands,33
/data/dev/projects/ai/Trackey/trackey/research/EXTRACTED_HMDB51_FEATURES/shake_hands_CSU_Cesar_Chavez_Day_Celebration_and_Award_Ceremony_2009_Part_7_shake_hands_u_cm_np2_le_med_5.pt,shake_hands,33
/data/dev/projects/ai/Trackey/trackey/research/EXTRACTED_HMDB51_FEATURES/shake_hands_CSU_Cesar_Chavez_Day_Celebration_and_Award_Ceremony_2009_Part_7_shake_hands_u_cm_np2_le_med_7.pt,shake_hands,33
/data/dev/projects/ai/Trackey/trackey/research/EXTRACTED_HMDB51_FEATURES/shake_hands_Celebrated_Israeli_Author_Snubs_Olmert_at_Prize_Giving_Ceremony_shake_hands_u_cm_np2_ba_med_0.pt,shake_hands,33
/data/dev/projects/ai/Trackey/trackey/research/EXTRACTED_HMDB51_FEATURES/shake_hands_Celebrated_Israeli_Author_Snubs_Olmert_at_Prize_Giving_Ceremony_shake_hands_u_cm_np2_ba_med_1.pt,shake_hands,33
/data/dev/projects/ai/Trackey/trackey/research/EXTRACTED_HMDB51_FEATURES/shake_hands_Concourse_d_elegance_Sofia_2009___PRICE_GIVING_CEREMONY_shake_hands_f_cm_np2_le_med_0.pt,shake_hands,33
/data/dev/projects/ai/Trackey/trackey/research/EXTRACTED_HMDB51_FEATURES/shake_hands_Creating_the_Right_Impression___The_Handshake_shake_hands_u_cm_np2_le_med_0.pt,shake_hands,33
/data/dev/projects/ai/Trackey/trackey/research/EXTRACTED_HMDB51_FEATURES/shake_hands_Diane_Kruger_-_Letterman_shake_hands_f_cm_np2_le_med_0.pt,shake_hands,33
/data/dev/projects/ai/Trackey/trackey/research/EXTRACTED_HMDB51_FEATURES/shake_hands_Emma_2008_Eurofinals_-_prize_giving_ceremony_Team_Pioneer_members_divx_shake_hands_f_cm_np2_ba_med_10.pt,shake_hands,33
/data/dev/projects/ai/Trackey/trackey/research/EXTRACTED_HMDB51_FEATURES/shake_hands_Emma_2008_Eurofinals_-_prize_giving_ceremony_Team_Pioneer_members_divx_shake_hands_f_cm_np2_fr_med_7.pt,shake_hands,33
/data/dev/projects/ai/Trackey/trackey/research/EXTRACTED_HMDB51_FEATURES/shake_hands_Emma_2008_Eurofinals_-_prize_giving_ceremony_Team_Pioneer_members_divx_shake_hands_f_cm_np2_le_bad_2.pt,shake_hands,33
/data/dev/projects/ai/Trackey/trackey/research/EXTRACTED_HMDB51_FEATURES/shake_hands_Emma_2008_Eurofinals_-_prize_giving_ceremony_Team_Pioneer_members_divx_shake_hands_f_cm_np2_le_med_1.pt,shake_hands,33
/data/dev/projects/ai/Trackey/trackey/research/EXTRACTED_HMDB51_FEATURES/shake_hands_Emma_2008_Eurofinals_-_prize_giving_ceremony_Team_Pioneer_members_divx_shake_hands_f_cm_np2_le_med_9.pt,shake_hands,33
/data/dev/projects/ai/Trackey/trackey/research/EXTRACTED_HMDB51_FEATURES/shake_hands_Emma_2008_Eurofinals_-_prize_giving_ceremony_Team_Pioneer_members_divx_shake_hands_u_cm_np2_le_med_0.pt,shake_hands,33
/data/dev/projects/ai/Trackey/trackey/research/EXTRACTED_HMDB51_FEATURES/shake_hands_Emma_2008_Eurofinals_-_prize_giving_ceremony_Team_Pioneer_members_divx_shake_hands_u_cm_np2_le_med_3.pt,shake_hands,33
/data/dev/projects/ai/Trackey/trackey/research/EXTRACTED_HMDB51_FEATURES/shake_hands_Emma_2008_Eurofinals_-_prize_giving_ceremony_Team_Pioneer_members_divx_shake_hands_u_cm_np2_le_med_4.pt,shake_hands,33
/data/dev/projects/ai/Trackey/trackey/research/EXTRACTED_HMDB51_FEATURES/shake_hands_Emma_2008_Eurofinals_-_prize_giving_ceremony_Team_Pioneer_members_divx_shake_hands_u_cm_np2_le_med_5.pt,shake_hands,33
/data/dev/projects/ai/Trackey/trackey/research/EXTRACTED_HMDB51_FEATURES/shake_hands_Emma_2008_Eurofinals_-_prize_giving_ceremony_Team_Pioneer_members_divx_shake_hands_u_cm_np2_le_med_6.pt,shake_hands,33
/data/dev/projects/ai/Trackey/trackey/research/EXTRACTED_HMDB51_FEATURES/shake_hands_Emma_2008_Eurofinals_-_prize_giving_ceremony_Team_Pioneer_members_divx_shake_hands_u_cm_np2_ri_med_8.pt,shake_hands,33
/data/dev/projects/ai/Trackey/trackey/research/EXTRACTED_HMDB51_FEATURES/shake_hands_Emma_Watson_on_the_David_Letterman_Late_Show_(2009)_shake_hands_f_cm_np2_le_med_0.pt,shake_hands,33
/data/dev/projects/ai/Trackey/trackey/research/EXTRACTED_HMDB51_FEATURES/shake_hands_Ethan_(Bortnick)_-_Jay_Leno_shake_hands_f_cm_np2_le_bad_0.pt,shake_hands,33
/data/dev/projects/ai/Trackey/trackey/research/EXTRACTED_HMDB51_FEATURES/shake_hands_Finding_Forrester_1_shake_hands_u_nm_np2_ba_bad_0.pt,shake_hands,33
/data/dev/projects/ai/Trackey/trackey/research/EXTRACTED_HMDB51_FEATURES/shake_hands_Finding_Forrester_2_shake_hands_u_cm_np2_le_med_0.pt,shake_hands,33
/data/dev/projects/ai/Trackey/trackey/research/EXTRACTED_HMDB51_FEATURES/shake_hands_Gerard_Butler_with_Jay_Leno_shake_hands_u_cm_np2_le_med_0.pt,shake_hands,33
/data/dev/projects/ai/Trackey/trackey/research/EXTRACTED_HMDB51_FEATURES/shake_hands_Geri_Halliwell_-_Look_At_Me_+_Interview_(Jay_Leno_1999)_shake_hands_f_cm_np2_le_med_0.pt,shake_hands,33
/data/dev/projects/ai/Trackey/trackey/research/EXTRACTED_HMDB51_FEATURES/shake_hands_Grammy_Awards_Eric_Benet_shake_hands_u_cm_np2_le_med_0.pt,shake_hands,33
/data/dev/projects/ai/Trackey/trackey/research/EXTRACTED_HMDB51_FEATURES/shake_hands_Hand_Shake_Guy_shake_hands_f_cm_np2_le_med_5.pt,shake_hands,33
/data/dev/projects/ai/Trackey/trackey/research/EXTRACTED_HMDB51_FEATURES/shake_hands_Hand_Shake_Guy_shake_hands_f_cm_np2_le_med_6.pt,shake_hands,33
/data/dev/projects/ai/Trackey/trackey/research/EXTRACTED_HMDB51_FEATURES/shake_hands_Hand_Shake_Guy_shake_hands_f_nm_np2_le_med_3.pt,shake_hands,33
/data/dev/projects/ai/Trackey/trackey/research/EXTRACTED_HMDB51_FEATURES/shake_hands_Hand_Shake_Guy_shake_hands_f_nm_np2_le_med_4.pt,shake_hands,33
/data/dev/projects/ai/Trackey/trackey/research/EXTRACTED_HMDB51_FEATURES/shake_hands_Hand_Shake_Guy_shake_hands_u_nm_np2_le_med_0.pt,shake_hands,33
/data/dev/projects/ai/Trackey/trackey/research/EXTRACTED_HMDB51_FEATURES/shake_hands_Hand_Shake_Guy_shake_hands_u_nm_np2_le_med_1.pt,shake_hands,33
/data/dev/projects/ai/Trackey/trackey/research/EXTRACTED_HMDB51_FEATURES/shake_hands_Hand_Shake_Guy_shake_hands_u_nm_np2_le_med_2.pt,shake_hands,33
/data/dev/projects/ai/Trackey/trackey/research/EXTRACTED_HMDB51_FEATURES/shake_hands_Howard_Stern_on_Jay_Leno_-_First_Appearance_Part_1_2_shake_hands_f_cm_np2_le_bad_0.pt,shake_hands,33
/data/dev/projects/ai/Trackey/trackey/research/EXTRACTED_HMDB51_FEATURES/shake_hands_Hugh_Laurie_-_Dave_Letterman_Show_shake_hands_f_cm_np2_le_med_0.pt,shake_hands,33
/data/dev/projects/ai/Trackey/trackey/research/EXTRACTED_HMDB51_FEATURES/shake_hands_INFORMS_-_Franz_Edelman_Award_Ceremony_full_length_5_of_8_shake_hands_f_nm_np2_le_med_0.pt,shake_hands,33
/data/dev/projects/ai/Trackey/trackey/research/EXTRACTED_HMDB51_FEATURES/shake_hands_INFORMS_-_Franz_Edelman_Award_Ceremony_full_length_5_of_8_shake_hands_f_nm_np2_le_med_1.pt,shake_hands,33
/data/dev/projects/ai/Trackey/trackey/research/EXTRACTED_HMDB51_FEATURES/shake_hands_IPL_Awards_Ceremony_shake_hands_f_cm_np2_ba_med_0.pt,shake_hands,33
/data/dev/projects/ai/Trackey/trackey/research/EXTRACTED_HMDB51_FEATURES/shake_hands_IPL_Awards_Ceremony_shake_hands_f_cm_np2_ba_med_1.pt,shake_hands,33
/data/dev/projects/ai/Trackey/trackey/research/EXTRACTED_HMDB51_FEATURES/shake_hands_IPL_Awards_Ceremony_shake_hands_f_cm_np2_le_med_2.pt,shake_hands,33
/data/dev/projects/ai/Trackey/trackey/research/EXTRACTED_HMDB51_FEATURES/shake_hands_IPL_Awards_Ceremony_shake_hands_f_cm_np2_le_med_4.pt,shake_hands,33
/data/dev/projects/ai/Trackey/trackey/research/EXTRACTED_HMDB51_FEATURES/shake_hands_IPL_Awards_Ceremony_shake_hands_u_cm_np2_ba_med_3.pt,shake_hands,33
/data/dev/projects/ai/Trackey/trackey/research/EXTRACTED_HMDB51_FEATURES/shake_hands_IPL_Awards_Ceremony_shake_hands_u_cm_np2_ba_med_5.pt,shake_hands,33
/data/dev/projects/ai/Trackey/trackey/research/EXTRACTED_HMDB51_FEATURES/shake_hands_IPL_Awards_Ceremony_shake_hands_u_cm_np2_ba_med_6.pt,shake_hands,33
/data/dev/projects/ai/Trackey/trackey/research/EXTRACTED_HMDB51_FEATURES/shake_hands_IPL_Awards_Ceremony_shake_hands_u_cm_np2_ba_med_7.pt,shake_hands,33
/data/dev/projects/ai/Trackey/trackey/research/EXTRACTED_HMDB51_FEATURES/shake_hands_Inter-forum_futsal_tournament__prize_giving_ceremony_shake_hands_u_cm_np2_ba_med_0.pt,shake_hands,33
/data/dev/projects/ai/Trackey/trackey/research/EXTRACTED_HMDB51_FEATURES/shake_hands_Inter-forum_futsal_tournament__prize_giving_ceremony_shake_hands_u_cm_np2_le_med_1.pt,shake_hands,33
/data/dev/projects/ai/Trackey/trackey/research/EXTRACTED_HMDB51_FEATURES/shake_hands_Inter-forum_futsal_tournament__prize_giving_ceremony_shake_hands_u_cm_np2_le_med_2.pt,shake_hands,33
/data/dev/projects/ai/Trackey/trackey/research/EXTRACTED_HMDB51_FEATURES/shake_hands_Inter-forum_futsal_tournament__prize_giving_ceremony_shake_hands_u_cm_np2_le_med_3.pt,shake_hands,33
/data/dev/projects/ai/Trackey/trackey/research/EXTRACTED_HMDB51_FEATURES/shake_hands_Jay_Leno_-_17_years_of_Mel_Gibson_on_the_Tonight_Show_shake_hands_u_cm_np2_le_med_0.pt,shake_hands,33
/data/dev/projects/ai/Trackey/trackey/research/EXTRACTED_HMDB51_FEATURES/shake_hands_Jay_Leno_@_David_Letterman_shake_hands_f_cm_np2_le_med_0.pt,shake_hands,33
/data/dev/projects/ai/Trackey/trackey/research/EXTRACTED_HMDB51_FEATURES/shake_hands_Johnny_Vegas_Presents_An_Award_shake_hands_u_cm_np2_ri_med_0.pt,shake_hands,33
/data/dev/projects/ai/Trackey/trackey/research/EXTRACTED_HMDB51_FEATURES/shake_hands_Johnny_Vegas_Presents_An_Award_shake_hands_u_cm_np2_ri_med_1.pt,shake_hands,33
/data/dev/projects/ai/Trackey/trackey/research/EXTRACTED_HMDB51_FEATURES/shake_hands_Kibaki_and_Raila_shake_hands_-_Jan_24__08_shake_hands_u_cm_np2_fr_med_0.pt,shake_hands,33
/data/dev/projects/ai/Trackey/trackey/research/EXTRACTED_HMDB51_FEATURES/shake_hands_Kibaki_and_Raila_shake_hands_-_Jan_24__08_shake_hands_u_cm_np2_le_med_1.pt,shake_hands,33
/data/dev/projects/ai/Trackey/trackey/research/EXTRACTED_HMDB51_FEATURES/shake_hands_Kibaki_and_Raila_shake_hands_-_Jan_24__08_shake_hands_u_cm_np2_le_med_2.pt,shake_hands,33
/data/dev/projects/ai/Trackey/trackey/research/EXTRACTED_HMDB51_FEATURES/shake_hands_Meet_shake_hands_u_cm_np2_le_med_0.pt,shake_hands,33
/data/dev/projects/ai/Trackey/trackey/research/EXTRACTED_HMDB51_FEATURES/shake_hands_Meet_shake_hands_u_cm_np2_le_med_1.pt,shake_hands,33
/data/dev/projects/ai/Trackey/trackey/research/EXTRACTED_HMDB51_FEATURES/shake_hands_Meeting_with_Boyko_Borisov__Prime_Minister_of_Bulgaria_shake_hands_u_cm_np2_le_med_0.pt,shake_hands,33
/data/dev/projects/ai/Trackey/trackey/research/EXTRACTED_HMDB51_FEATURES/shake_hands_Meeting_with_Boyko_Borisov__Prime_Minister_of_Bulgaria_shake_hands_u_cm_np2_le_med_1.pt,shake_hands,33
/data/dev/projects/ai/Trackey/trackey/research/EXTRACTED_HMDB51_FEATURES/shake_hands_Obama__Barroso_shake_hands_in_Prague_shake_hands_u_cm_np2_le_med_0.pt,shake_hands,33
/data/dev/projects/ai/Trackey/trackey/research/EXTRACTED_HMDB51_FEATURES/shake_hands_Obama_and_Chavez_shaking_hands_shake_hands_u_cm_np2_fr_med_0.pt,shake_hands,33
/data/dev/projects/ai/Trackey/trackey/research/EXTRACTED_HMDB51_FEATURES/shake_hands_Pambos_and_Maria_at_the_Slavi_s_Show_shake_hands_f_cm_np2_le_bad_0.pt,shake_hands,33
/data/dev/projects/ai/Trackey/trackey/research/EXTRACTED_HMDB51_FEATURES/shake_hands_Pambos_and_Maria_at_the_Slavi_s_Show_shake_hands_f_cm_np2_le_bad_1.pt,shake_hands,33
/data/dev/projects/ai/Trackey/trackey/research/EXTRACTED_HMDB51_FEATURES/shake_hands_Paramotor_Worlds_2009-_Prize_Giving_Ceremony_shake_hands_f_cm_np2_ba_med_1.pt,shake_hands,33
/data/dev/projects/ai/Trackey/trackey/research/EXTRACTED_HMDB51_FEATURES/shake_hands_Paramotor_Worlds_2009-_Prize_Giving_Ceremony_shake_hands_f_cm_np2_ri_med_0.pt,shake_hands,33
/data/dev/projects/ai/Trackey/trackey/research/EXTRACTED_HMDB51_FEATURES/shake_hands_Patricia_Arquette_on_Letterman_2007_shake_hands_f_cm_np2_le_med_0.pt,shake_hands,33
/data/dev/projects/ai/Trackey/trackey/research/EXTRACTED_HMDB51_FEATURES/shake_hands_Pittsburgh_Penguins_Awards_Ceremony_2009_shake_hands_u_cm_np2_le_med_0.pt,shake_hands,33
/data/dev/projects/ai/Trackey/trackey/research/EXTRACTED_HMDB51_FEATURES/shake_hands_Pittsburgh_Penguins_Awards_Ceremony_2009_shake_hands_u_cm_np2_le_med_1.pt,shake_hands,33
/data/dev/projects/ai/Trackey/trackey/research/EXTRACTED_HMDB51_FEATURES/shake_hands_Pittsburgh_Penguins_Awards_Ceremony_2009_shake_hands_u_cm_np2_le_med_2.pt,shake_hands,33
/data/dev/projects/ai/Trackey/trackey/research/EXTRACTED_HMDB51_FEATURES/shake_hands_Price_giving_ceremony_shake_hands_f_cm_np2_ba_bad_4.pt,shake_hands,33
/data/dev/projects/ai/Trackey/trackey/research/EXTRACTED_HMDB51_FEATURES/shake_hands_Price_giving_ceremony_shake_hands_f_cm_np2_ba_med_1.pt,shake_hands,33
/data/dev/projects/ai/Trackey/trackey/research/EXTRACTED_HMDB51_FEATURES/shake_hands_Price_giving_ceremony_shake_hands_f_cm_np4_le_med_2.pt,shake_hands,33
/data/dev/projects/ai/Trackey/trackey/research/EXTRACTED_HMDB51_FEATURES/shake_hands_Price_giving_ceremony_shake_hands_f_cm_np4_le_med_3.pt,shake_hands,33
/data/dev/projects/ai/Trackey/trackey/research/EXTRACTED_HMDB51_FEATURES/shake_hands_Prix_de_Lausanne_2009_-_Prizegiving_Ceremony_Part_2_shake_hands_u_cm_np2_ba_med_1.pt,shake_hands,33
/data/dev/projects/ai/Trackey/trackey/research/EXTRACTED_HMDB51_FEATURES/shake_hands_Prix_de_Lausanne_2009_-_Prizegiving_Ceremony_Part_2_shake_hands_u_cm_np2_le_med_0.pt,shake_hands,33
/data/dev/projects/ai/Trackey/trackey/research/EXTRACTED_HMDB51_FEATURES/shake_hands_Prize_Giving_Ceremony_1_shake_hands_f_cm_np1_ri_med_0.pt,shake_hands,33
/data/dev/projects/ai/Trackey/trackey/research/EXTRACTED_HMDB51_FEATURES/shake_hands_Prize_Giving_Ceremony_1_shake_hands_f_cm_np2_ba_med_2.pt,shake_hands,33
/data/dev/projects/ai/Trackey/trackey/research/EXTRACTED_HMDB51_FEATURES/shake_hands_Prize_Giving_Ceremony_1_shake_hands_f_cm_np2_le_med_1.pt,shake_hands,33
/data/dev/projects/ai/Trackey/trackey/research/EXTRACTED_HMDB51_FEATURES/shake_hands_Prize_Giving_Ceremony_of_MWC_VI_shake_hands_u_cm_np2_le_med_0.pt,shake_hands,33
/data/dev/projects/ai/Trackey/trackey/research/EXTRACTED_HMDB51_FEATURES/shake_hands_RailsConf_09-___Ruby_Heroes_Award_Ceremony__shake_hands_u_cm_np2_ba_med_6.pt,shake_hands,33
/data/dev/projects/ai/Trackey/trackey/research/EXTRACTED_HMDB51_FEATURES/shake_hands_RailsConf_09-___Ruby_Heroes_Award_Ceremony__shake_hands_u_cm_np2_ba_med_7.pt,shake_hands,33
/data/dev/projects/ai/Trackey/trackey/research/EXTRACTED_HMDB51_FEATURES/shake_hands_RailsConf_09-___Ruby_Heroes_Award_Ceremony__shake_hands_u_cm_np2_le_med_0.pt,shake_hands,33
/data/dev/projects/ai/Trackey/trackey/research/EXTRACTED_HMDB51_FEATURES/shake_hands_RailsConf_09-___Ruby_Heroes_Award_Ceremony__shake_hands_u_cm_np2_le_med_1.pt,shake_hands,33
/data/dev/projects/ai/Trackey/trackey/research/EXTRACTED_HMDB51_FEATURES/shake_hands_RailsConf_09-___Ruby_Heroes_Award_Ceremony__shake_hands_u_cm_np2_le_med_2.pt,shake_hands,33
/data/dev/projects/ai/Trackey/trackey/research/EXTRACTED_HMDB51_FEATURES/shake_hands_RailsConf_09-___Ruby_Heroes_Award_Ceremony__shake_hands_u_cm_np2_le_med_5.pt,shake_hands,33
/data/dev/projects/ai/Trackey/trackey/research/EXTRACTED_HMDB51_FEATURES/shake_hands_RailsConf_09-___Ruby_Heroes_Award_Ceremony__shake_hands_u_cm_np2_ri_med_3.pt,shake_hands,33
/data/dev/projects/ai/Trackey/trackey/research/EXTRACTED_HMDB51_FEATURES/shake_hands_RailsConf_09-___Ruby_Heroes_Award_Ceremony__shake_hands_u_cm_np2_ri_med_4.pt,shake_hands,33
/data/dev/projects/ai/Trackey/trackey/research/EXTRACTED_HMDB51_FEATURES/shake_hands_Ronin_Paintball_Club_-_MY-NPL_2009_Malacca_Prize_Giving_Ceremony_Part_2_shake_hands_u_cm_np2_ba_med_1.pt,shake_hands,33
/data/dev/projects/ai/Trackey/trackey/research/EXTRACTED_HMDB51_FEATURES/shake_hands_Ronin_Paintball_Club_-_MY-NPL_2009_Malacca_Prize_Giving_Ceremony_Part_2_shake_hands_u_cm_np2_ba_med_2.pt,shake_hands,33
/data/dev/projects/ai/Trackey/trackey/research/EXTRACTED_HMDB51_FEATURES/shake_hands_Ronin_Paintball_Club_-_MY-NPL_2009_Malacca_Prize_Giving_Ceremony_Part_2_shake_hands_u_cm_np2_ba_med_3.pt,shake_hands,33
/data/dev/projects/ai/Trackey/trackey/research/EXTRACTED_HMDB51_FEATURES/shake_hands_Sido_geht_w_hlen_-_Sido_trifft_Frank-Walter_Steinmeier_shake_hands_u_cm_np2_le_med_0.pt,shake_hands,33
/data/dev/projects/ai/Trackey/trackey/research/EXTRACTED_HMDB51_FEATURES/shake_hands_Slavi_Trifonov_-_Gaco_Bacov_11_02_08_shake_hands_u_cm_np2_le_bad_0.pt,shake_hands,33
/data/dev/projects/ai/Trackey/trackey/research/EXTRACTED_HMDB51_FEATURES/shake_hands_Smosh_-_Handshake_shake_hands_u_cm_np2_le_med_0.pt,shake_hands,33
/data/dev/projects/ai/Trackey/trackey/research/EXTRACTED_HMDB51_FEATURES/shake_hands_Sonny_Rollins_Polar_Music__Prize_2007_Award_Ceremony_shake_hands_u_nm_np2_fr_med_1.pt,shake_hands,33
/data/dev/projects/ai/Trackey/trackey/research/EXTRACTED_HMDB51_FEATURES/shake_hands_Sonny_Rollins_Polar_Music__Prize_2007_Award_Ceremony_shake_hands_u_nm_np2_le_med_0.pt,shake_hands,33
/data/dev/projects/ai/Trackey/trackey/research/EXTRACTED_HMDB51_FEATURES/shake_hands_Speech_Day_2009_(Part_9)_shake_hands_f_cm_np2_le_med_2.pt,shake_hands,33
/data/dev/projects/ai/Trackey/trackey/research/EXTRACTED_HMDB51_FEATURES/shake_hands_Speech_Day_2009_(Part_9)_shake_hands_f_cm_np2_le_med_3.pt,shake_hands,33
/data/dev/projects/ai/Trackey/trackey/research/EXTRACTED_HMDB51_FEATURES/shake_hands_Speech_Day_2009_(Part_9)_shake_hands_f_cm_np2_le_med_4.pt,shake_hands,33
/data/dev/projects/ai/Trackey/trackey/research/EXTRACTED_HMDB51_FEATURES/shake_hands_Speech_Day_2009_(Part_9)_shake_hands_f_cm_np2_le_med_5.pt,shake_hands,33
/data/dev/projects/ai/Trackey/trackey/research/EXTRACTED_HMDB51_FEATURES/shake_hands_Speech_Day_2009_(Part_9)_shake_hands_f_cm_np2_le_med_6.pt,shake_hands,33
/data/dev/projects/ai/Trackey/trackey/research/EXTRACTED_HMDB51_FEATURES/shake_hands_Speech_Day_2009_(Part_9)_shake_hands_f_cm_np2_le_med_7.pt,shake_hands,33
/data/dev/projects/ai/Trackey/trackey/research/EXTRACTED_HMDB51_FEATURES/shake_hands_Speech_Day_2009_(Part_9)_shake_hands_f_nm_np2_le_med_0.pt,shake_hands,33
/data/dev/projects/ai/Trackey/trackey/research/EXTRACTED_HMDB51_FEATURES/shake_hands_Speech_Day_2009_(Part_9)_shake_hands_f_nm_np2_le_med_1.pt,shake_hands,33
/data/dev/projects/ai/Trackey/trackey/research/EXTRACTED_HMDB51_FEATURES/shake_hands_The_Fugitive_6_shake_hands_u_nm_np2_ri_med_5.pt,shake_hands,33
/data/dev/projects/ai/Trackey/trackey/research/EXTRACTED_HMDB51_FEATURES/shake_hands_The_McCain-Obama_Post-Debate__Handshake__shake_hands_u_cm_np2_le_med_0.pt,shake_hands,33
/data/dev/projects/ai/Trackey/trackey/research/EXTRACTED_HMDB51_FEATURES/shake_hands_Veoh_Alpha_Dog_1_shake_hands_u_cm_np2_ri_med_0.pt,shake_hands,33
/data/dev/projects/ai/Trackey/trackey/research/EXTRACTED_HMDB51_FEATURES/shake_hands_Vor_dem_Treffen_Merkel_shake_hands_f_cm_np2_fr_med_1.pt,shake_hands,33
/data/dev/projects/ai/Trackey/trackey/research/EXTRACTED_HMDB51_FEATURES/shake_hands_Vor_dem_Treffen_Merkel_shake_hands_f_cm_np2_le_med_2.pt,shake_hands,33
/data/dev/projects/ai/Trackey/trackey/research/EXTRACTED_HMDB51_FEATURES/shake_hands_Vor_dem_Treffen_Merkel_shake_hands_f_nm_np2_le_med_0.pt,shake_hands,33
/data/dev/projects/ai/Trackey/trackey/research/EXTRACTED_HMDB51_FEATURES/shake_hands_Wahlkampfauftakt_mit_Frank-Walter_Steinmeier_und_Matthias_Platzeck_in_Potsdam_shake_hands_u_cm_np2_fr_med_1.pt,shake_hands,33
/data/dev/projects/ai/Trackey/trackey/research/EXTRACTED_HMDB51_FEATURES/shake_hands_Wahlkampfauftakt_mit_Frank-Walter_Steinmeier_und_Matthias_Platzeck_in_Potsdam_shake_hands_u_cm_np2_le_med_0.pt,shake_hands,33
/data/dev/projects/ai/Trackey/trackey/research/EXTRACTED_HMDB51_FEATURES/shake_hands_Wrestling_World_Cup_2008_-_FW-_Team_-_Award_Ceremony_shake_hands_f_cm_np2_fr_med_1.pt,shake_hands,33
/data/dev/projects/ai/Trackey/trackey/research/EXTRACTED_HMDB51_FEATURES/shake_hands_Wrestling_World_Cup_2008_-_FW-_Team_-_Award_Ceremony_shake_hands_f_cm_np2_fr_med_6.pt,shake_hands,33
/data/dev/projects/ai/Trackey/trackey/research/EXTRACTED_HMDB51_FEATURES/shake_hands_Wrestling_World_Cup_2008_-_FW-_Team_-_Award_Ceremony_shake_hands_f_cm_np2_fr_med_7.pt,shake_hands,33
/data/dev/projects/ai/Trackey/trackey/research/EXTRACTED_HMDB51_FEATURES/shake_hands_Wrestling_World_Cup_2008_-_FW-_Team_-_Award_Ceremony_shake_hands_f_cm_np2_fr_med_8.pt,shake_hands,33
/data/dev/projects/ai/Trackey/trackey/research/EXTRACTED_HMDB51_FEATURES/shake_hands_Wrestling_World_Cup_2008_-_FW-_Team_-_Award_Ceremony_shake_hands_f_cm_np2_le_bad_5.pt,shake_hands,33
/data/dev/projects/ai/Trackey/trackey/research/EXTRACTED_HMDB51_FEATURES/shake_hands_Wrestling_World_Cup_2008_-_FW-_Team_-_Award_Ceremony_shake_hands_f_cm_np2_le_med_3.pt,shake_hands,33
/data/dev/projects/ai/Trackey/trackey/research/EXTRACTED_HMDB51_FEATURES/shake_hands_Wrestling_World_Cup_2008_-_FW-_Team_-_Award_Ceremony_shake_hands_f_cm_np2_le_med_4.pt,shake_hands,33
/data/dev/projects/ai/Trackey/trackey/research/EXTRACTED_HMDB51_FEATURES/shake_hands_Wrestling_World_Cup_2008_-_FW-_Team_-_Award_Ceremony_shake_hands_u_cm_np2_fr_med_0.pt,shake_hands,33
/data/dev/projects/ai/Trackey/trackey/research/EXTRACTED_HMDB51_FEATURES/shake_hands_Wrestling_World_Cup_2008_-_FW-_Team_-_Award_Ceremony_shake_hands_u_cm_np2_fr_med_2.pt,shake_hands,33
/data/dev/projects/ai/Trackey/trackey/research/EXTRACTED_HMDB51_FEATURES/shake_hands_bat_boiko_v_zabranena_ljubov_shake_hands_u_cm_np2_le_goo_0.pt,shake_hands,33
/data/dev/projects/ai/Trackey/trackey/research/EXTRACTED_HMDB51_FEATURES/shake_hands_d173_graveyard_call_price_giving_ceremony_shake_hands_f_cm_np2_ba_med_4.pt,shake_hands,33
/data/dev/projects/ai/Trackey/trackey/research/EXTRACTED_HMDB51_FEATURES/shake_hands_d173_graveyard_call_price_giving_ceremony_shake_hands_f_cm_np2_ba_med_5.pt,shake_hands,33
/data/dev/projects/ai/Trackey/trackey/research/EXTRACTED_HMDB51_FEATURES/shake_hands_d173_graveyard_call_price_giving_ceremony_shake_hands_f_cm_np2_fr_med_2.pt,shake_hands,33
/data/dev/projects/ai/Trackey/trackey/research/EXTRACTED_HMDB51_FEATURES/shake_hands_d173_graveyard_call_price_giving_ceremony_shake_hands_f_cm_np2_le_med_0.pt,shake_hands,33
/data/dev/projects/ai/Trackey/trackey/research/EXTRACTED_HMDB51_FEATURES/shake_hands_d173_graveyard_call_price_giving_ceremony_shake_hands_f_cm_np2_le_med_6.pt,shake_hands,33
/data/dev/projects/ai/Trackey/trackey/research/EXTRACTED_HMDB51_FEATURES/shake_hands_johnny_depp_Oscar_Annual_Academy_Awards_shake_hands_u_cm_np2_le_bad_0.pt,shake_hands,33
/data/dev/projects/ai/Trackey/trackey/research/EXTRACTED_HMDB51_FEATURES/shake_hands_music_idol3_v_zalata_vliza_boiko_borisov_shake_hands_f_cm_np2_ri_bad_0.pt,shake_hands,33
/data/dev/projects/ai/Trackey/trackey/research/EXTRACTED_HMDB51_FEATURES/shake_hands_qane_e_Boyko_Borisov_shake_hands_f_cm_np2_le_med_0.pt,shake_hands,33
/data/dev/projects/ai/Trackey/trackey/research/EXTRACTED_HMDB51_FEATURES/shake_hands_veoh_harold_and_kumar_shake_hands_f_cm_np2_ba_med_8.pt,shake_hands,33
/data/dev/projects/ai/Trackey/trackey/research/EXTRACTED_HMDB51_FEATURES/shoot_ball_10YearOldYouthBasketballStarBaller_shoot_ball_f_cm_np1_ba_med_3.pt,shoot_ball,34
/data/dev/projects/ai/Trackey/trackey/research/EXTRACTED_HMDB51_FEATURES/shoot_ball_10YearOldYouthBasketballStarBaller_shoot_ball_f_nm_np1_ba_med_11.pt,shoot_ball,34
/data/dev/projects/ai/Trackey/trackey/research/EXTRACTED_HMDB51_FEATURES/shoot_ball_10YearOldYouthBasketballStarBaller_shoot_ball_f_nm_np1_ba_med_12.pt,shoot_ball,34
/data/dev/projects/ai/Trackey/trackey/research/EXTRACTED_HMDB51_FEATURES/shoot_ball_10YearOldYouthBasketballStarBaller_shoot_ball_f_nm_np1_ba_med_13.pt,shoot_ball,34
/data/dev/projects/ai/Trackey/trackey/research/EXTRACTED_HMDB51_FEATURES/shoot_ball_10YearOldYouthBasketballStarBaller_shoot_ball_f_nm_np1_ba_med_14.pt,shoot_ball,34
/data/dev/projects/ai/Trackey/trackey/research/EXTRACTED_HMDB51_FEATURES/shoot_ball_10YearOldYouthBasketballStarBaller_shoot_ball_f_nm_np1_ba_med_16.pt,shoot_ball,34
/data/dev/projects/ai/Trackey/trackey/research/EXTRACTED_HMDB51_FEATURES/shoot_ball_10YearOldYouthBasketballStarBaller_shoot_ball_f_nm_np1_ri_med_10.pt,shoot_ball,34
/data/dev/projects/ai/Trackey/trackey/research/EXTRACTED_HMDB51_FEATURES/shoot_ball_10YearOldYouthBasketballStarBaller_shoot_ball_f_nm_np1_ri_med_15.pt,shoot_ball,34
/data/dev/projects/ai/Trackey/trackey/research/EXTRACTED_HMDB51_FEATURES/shoot_ball_3PointJumpShotPractice-09_21_07_shoot_ball_f_nm_np1_ri_med_0.pt,shoot_ball,34
/data/dev/projects/ai/Trackey/trackey/research/EXTRACTED_HMDB51_FEATURES/shoot_ball_3PointJumpShotPractice-09_21_07_shoot_ball_f_nm_np1_ri_med_1.pt,shoot_ball,34
/data/dev/projects/ai/Trackey/trackey/research/EXTRACTED_HMDB51_FEATURES/shoot_ball_3PointJumpShotPractice-09_21_07_shoot_ball_f_nm_np1_ri_med_2.pt,shoot_ball,34
/data/dev/projects/ai/Trackey/trackey/research/EXTRACTED_HMDB51_FEATURES/shoot_ball_3PointJumpShotPractice-09_21_07_shoot_ball_f_nm_np1_ri_med_3.pt,shoot_ball,34
/data/dev/projects/ai/Trackey/trackey/research/EXTRACTED_HMDB51_FEATURES/shoot_ball_3PointJumpShotPractice-09_21_07_shoot_ball_f_nm_np1_ri_med_4.pt,shoot_ball,34
/data/dev/projects/ai/Trackey/trackey/research/EXTRACTED_HMDB51_FEATURES/shoot_ball_3PointJumpShotPractice-09_21_07_shoot_ball_f_nm_np1_ri_med_5.pt,shoot_ball,34
/data/dev/projects/ai/Trackey/trackey/research/EXTRACTED_HMDB51_FEATURES/shoot_ball_3PointJumpShotPractice-09_21_07_shoot_ball_f_nm_np1_ri_med_6.pt,shoot_ball,34
/data/dev/projects/ai/Trackey/trackey/research/EXTRACTED_HMDB51_FEATURES/shoot_ball_3PointJumpShotPractice-09_21_07_shoot_ball_f_nm_np1_ri_med_7.pt,shoot_ball,34
/data/dev/projects/ai/Trackey/trackey/research/EXTRACTED_HMDB51_FEATURES/shoot_ball_3PointJumpShotPractice-09_21_07_shoot_ball_f_nm_np1_ri_med_8.pt,shoot_ball,34
/data/dev/projects/ai/Trackey/trackey/research/EXTRACTED_HMDB51_FEATURES/shoot_ball_8yroldBasketballhighlight2006_shoot_ball_f_cm_np1_le_med_0.pt,shoot_ball,34
/data/dev/projects/ai/Trackey/trackey/research/EXTRACTED_HMDB51_FEATURES/shoot_ball_AdamandAlvonplayingbasketball1_shoot_ball_f_cm_np1_ba_med_7.pt,shoot_ball,34
/data/dev/projects/ai/Trackey/trackey/research/EXTRACTED_HMDB51_FEATURES/shoot_ball_AdamandAlvonplayingbasketball1_shoot_ball_f_cm_np1_le_med_1.pt,shoot_ball,34
/data/dev/projects/ai/Trackey/trackey/research/EXTRACTED_HMDB51_FEATURES/shoot_ball_AdamandAlvonplayingbasketball1_shoot_ball_f_cm_np1_le_med_10.pt,shoot_ball,34
/data/dev/projects/ai/Trackey/trackey/research/EXTRACTED_HMDB51_FEATURES/shoot_ball_AdamandAlvonplayingbasketball1_shoot_ball_f_cm_np1_le_med_13.pt,shoot_ball,34
/data/dev/projects/ai/Trackey/trackey/research/EXTRACTED_HMDB51_FEATURES/shoot_ball_AdamandAlvonplayingbasketball1_shoot_ball_f_cm_np1_le_med_4.pt,shoot_ball,34
/data/dev/projects/ai/Trackey/trackey/research/EXTRACTED_HMDB51_FEATURES/shoot_ball_AdamandAlvonplayingbasketball1_shoot_ball_f_cm_np1_le_med_6.pt,shoot_ball,34
/data/dev/projects/ai/Trackey/trackey/research/EXTRACTED_HMDB51_FEATURES/shoot_ball_AdamandAlvonplayingbasketball1_shoot_ball_f_nm_np1_ba_med_11.pt,shoot_ball,34
/data/dev/projects/ai/Trackey/trackey/research/EXTRACTED_HMDB51_FEATURES/shoot_ball_AdamandAlvonplayingbasketball1_shoot_ball_u_cm_np1_le_med_0.pt,shoot_ball,34
/data/dev/projects/ai/Trackey/trackey/research/EXTRACTED_HMDB51_FEATURES/shoot_ball_AdamandAlvonplayingbasketball2_shoot_ball_f_cm_np1_le_med_0.pt,shoot_ball,34
/data/dev/projects/ai/Trackey/trackey/research/EXTRACTED_HMDB51_FEATURES/shoot_ball_Anamazingbasketballshot_shoot_ball_f_cm_np1_ba_med_0.pt,shoot_ball,34
/data/dev/projects/ai/Trackey/trackey/research/EXTRACTED_HMDB51_FEATURES/shoot_ball_BrandonWebmanplayingbasketball_shoot_ball_f_nm_np1_ba_med_1.pt,shoot_ball,34
/data/dev/projects/ai/Trackey/trackey/research/EXTRACTED_HMDB51_FEATURES/shoot_ball_BrandonWebmanplayingbasketball_shoot_ball_f_nm_np1_ba_med_3.pt,shoot_ball,34
/data/dev/projects/ai/Trackey/trackey/research/EXTRACTED_HMDB51_FEATURES/shoot_ball_BrandonWebmanplayingbasketball_shoot_ball_f_nm_np1_ba_med_4.pt,shoot_ball,34
/data/dev/projects/ai/Trackey/trackey/research/EXTRACTED_HMDB51_FEATURES/shoot_ball_BrandonWebmanplayingbasketball_shoot_ball_f_nm_np1_ba_med_5.pt,shoot_ball,34
/data/dev/projects/ai/Trackey/trackey/research/EXTRACTED_HMDB51_FEATURES/shoot_ball_BrandonWebmanplayingbasketball_shoot_ball_f_nm_np1_ba_med_6.pt,shoot_ball,34
/data/dev/projects/ai/Trackey/trackey/research/EXTRACTED_HMDB51_FEATURES/shoot_ball_BrandonWebmanplayingbasketball_shoot_ball_f_nm_np1_ba_med_7.pt,shoot_ball,34
/data/dev/projects/ai/Trackey/trackey/research/EXTRACTED_HMDB51_FEATURES/shoot_ball_BrandonWebmanplayingbasketball_shoot_ball_f_nm_np1_ba_med_8.pt,shoot_ball,34
/data/dev/projects/ai/Trackey/trackey/research/EXTRACTED_HMDB51_FEATURES/shoot_ball_BrandonWebmanplayingbasketball_shoot_ball_f_nm_np1_le_med_0.pt,shoot_ball,34
/data/dev/projects/ai/Trackey/trackey/research/EXTRACTED_HMDB51_FEATURES/shoot_ball_BrandonWebmanplayingbasketball_shoot_ball_f_nm_np1_le_med_2.pt,shoot_ball,34
/data/dev/projects/ai/Trackey/trackey/research/EXTRACTED_HMDB51_FEATURES/shoot_ball_Clay_sBasketballSkillz_shoot_ball_f_nm_np1_ba_med_13.pt,shoot_ball,34
/data/dev/projects/ai/Trackey/trackey/research/EXTRACTED_HMDB51_FEATURES/shoot_ball_Clay_sBasketballSkillz_shoot_ball_f_nm_np1_ba_med_14.pt,shoot_ball,34
/data/dev/projects/ai/Trackey/trackey/research/EXTRACTED_HMDB51_FEATURES/shoot_ball_Clay_sBasketballSkillz_shoot_ball_f_nm_np1_ba_med_15.pt,shoot_ball,34
/data/dev/projects/ai/Trackey/trackey/research/EXTRACTED_HMDB51_FEATURES/shoot_ball_Clay_sBasketballSkillz_shoot_ball_f_nm_np1_ba_med_2.pt,shoot_ball,34
/data/dev/projects/ai/Trackey/trackey/research/EXTRACTED_HMDB51_FEATURES/shoot_ball_Clay_sBasketballSkillz_shoot_ball_f_nm_np1_ba_med_3.pt,shoot_ball,34
/data/dev/projects/ai/Trackey/trackey/research/EXTRACTED_HMDB51_FEATURES/shoot_ball_Clay_sBasketballSkillz_shoot_ball_f_nm_np1_ba_med_4.pt,shoot_ball,34
/data/dev/projects/ai/Trackey/trackey/research/EXTRACTED_HMDB51_FEATURES/shoot_ball_Clay_sBasketballSkillz_shoot_ball_f_nm_np1_ba_med_5.pt,shoot_ball,34
/data/dev/projects/ai/Trackey/trackey/research/EXTRACTED_HMDB51_FEATURES/shoot_ball_Clay_sBasketballSkillz_shoot_ball_f_nm_np1_ba_med_6.pt,shoot_ball,34
/data/dev/projects/ai/Trackey/trackey/research/EXTRACTED_HMDB51_FEATURES/shoot_ball_Clay_sBasketballSkillz_shoot_ball_f_nm_np1_ba_med_7.pt,shoot_ball,34
/data/dev/projects/ai/Trackey/trackey/research/EXTRACTED_HMDB51_FEATURES/shoot_ball_Clay_sBasketballSkillz_shoot_ball_u_nm_np1_ba_med_10.pt,shoot_ball,34
/data/dev/projects/ai/Trackey/trackey/research/EXTRACTED_HMDB51_FEATURES/shoot_ball_Clay_sBasketballSkillz_shoot_ball_u_nm_np1_ba_med_11.pt,shoot_ball,34
/data/dev/projects/ai/Trackey/trackey/research/EXTRACTED_HMDB51_FEATURES/shoot_ball_Clay_sBasketballSkillz_shoot_ball_u_nm_np1_ba_med_12.pt,shoot_ball,34
/data/dev/projects/ai/Trackey/trackey/research/EXTRACTED_HMDB51_FEATURES/shoot_ball_Clay_sBasketballSkillz_shoot_ball_u_nm_np1_ba_med_16.pt,shoot_ball,34
/data/dev/projects/ai/Trackey/trackey/research/EXTRACTED_HMDB51_FEATURES/shoot_ball_Clay_sBasketballSkillz_shoot_ball_u_nm_np1_ba_med_17.pt,shoot_ball,34
/data/dev/projects/ai/Trackey/trackey/research/EXTRACTED_HMDB51_FEATURES/shoot_ball_Clay_sBasketballSkillz_shoot_ball_u_nm_np1_ba_med_9.pt,shoot_ball,34
/data/dev/projects/ai/Trackey/trackey/research/EXTRACTED_HMDB51_FEATURES/shoot_ball_Finding_Forrester_1_shoot_ball_f_nm_np1_le_bad_3.pt,shoot_ball,34
/data/dev/projects/ai/Trackey/trackey/research/EXTRACTED_HMDB51_FEATURES/shoot_ball_Finding_Forrester_3_shoot_ball_f_nm_np2_ba_med_3.pt,shoot_ball,34
/data/dev/projects/ai/Trackey/trackey/research/EXTRACTED_HMDB51_FEATURES/shoot_ball_Finding_Forrester_3_shoot_ball_f_nm_np2_ba_med_5.pt,shoot_ball,34
/data/dev/projects/ai/Trackey/trackey/research/EXTRACTED_HMDB51_FEATURES/shoot_ball_Finding_Forrester_3_shoot_ball_f_nm_np2_ba_med_6.pt,shoot_ball,34
/data/dev/projects/ai/Trackey/trackey/research/EXTRACTED_HMDB51_FEATURES/shoot_ball_Finding_Forrester_3_shoot_ball_f_nm_np2_ba_med_8.pt,shoot_ball,34
/data/dev/projects/ai/Trackey/trackey/research/EXTRACTED_HMDB51_FEATURES/shoot_ball_Finding_Forrester_3_shoot_ball_f_nm_np2_ba_med_9.pt,shoot_ball,34
/data/dev/projects/ai/Trackey/trackey/research/EXTRACTED_HMDB51_FEATURES/shoot_ball_Finding_Forrester_3_shoot_ball_h_nm_np2_le_med_4.pt,shoot_ball,34
/data/dev/projects/ai/Trackey/trackey/research/EXTRACTED_HMDB51_FEATURES/shoot_ball_Finding_Forrester_3_shoot_ball_u_nm_np2_fr_med_2.pt,shoot_ball,34
/data/dev/projects/ai/Trackey/trackey/research/EXTRACTED_HMDB51_FEATURES/shoot_ball_ImprovingBasketballSkills-BasketballCrossover_shoot_ball_f_nm_np1_fr_med_0.pt,shoot_ball,34
/data/dev/projects/ai/Trackey/trackey/research/EXTRACTED_HMDB51_FEATURES/shoot_ball_ImprovingBasketballSkills-BasketballNBA3-PointShots_shoot_ball_f_nm_np1_ri_med_0.pt,shoot_ball,34
/data/dev/projects/ai/Trackey/trackey/research/EXTRACTED_HMDB51_FEATURES/shoot_ball_ImprovingBasketballSkills-BasketballNBA3-PointShots_shoot_ball_f_nm_np1_ri_med_1.pt,shoot_ball,34
/data/dev/projects/ai/Trackey/trackey/research/EXTRACTED_HMDB51_FEATURES/shoot_ball_ImprovingBasketballSkills-BasketballNBA3-PointShots_shoot_ball_f_nm_np1_ri_med_2.pt,shoot_ball,34
/data/dev/projects/ai/Trackey/trackey/research/EXTRACTED_HMDB51_FEATURES/shoot_ball_ImprovingBasketballSkills-BasketballTeardropJumpShot_shoot_ball_f_nm_np1_ba_med_0.pt,shoot_ball,34
/data/dev/projects/ai/Trackey/trackey/research/EXTRACTED_HMDB51_FEATURES/shoot_ball_ImprovingBasketballSkills-BasketballTurnaroundFadeAway_shoot_ball_f_nm_np1_ri_med_0.pt,shoot_ball,34
/data/dev/projects/ai/Trackey/trackey/research/EXTRACTED_HMDB51_FEATURES/shoot_ball_JashaunKidsWhoRipAmazingBasketball_shoot_ball_f_cm_np1_ba_med_6.pt,shoot_ball,34
/data/dev/projects/ai/Trackey/trackey/research/EXTRACTED_HMDB51_FEATURES/shoot_ball_JashaunKidsWhoRipAmazingBasketball_shoot_ball_f_cm_np1_le_med_4.pt,shoot_ball,34
/data/dev/projects/ai/Trackey/trackey/research/EXTRACTED_HMDB51_FEATURES/shoot_ball_JashaunKidsWhoRipAmazingBasketball_shoot_ball_f_cm_np1_le_med_5.pt,shoot_ball,34
/data/dev/projects/ai/Trackey/trackey/research/EXTRACTED_HMDB51_FEATURES/shoot_ball_JashaunKidsWhoRipAmazingBasketball_shoot_ball_u_cm_np1_le_med_3.pt,shoot_ball,34
/data/dev/projects/ai/Trackey/trackey/research/EXTRACTED_HMDB51_FEATURES/shoot_ball_KELVIN_shoot_ball_u_cm_np1_ba_med_0.pt,shoot_ball,34
/data/dev/projects/ai/Trackey/trackey/research/EXTRACTED_HMDB51_FEATURES/shoot_ball_KELVIN_shoot_ball_u_cm_np1_ba_med_1.pt,shoot_ball,34
/data/dev/projects/ai/Trackey/trackey/research/EXTRACTED_HMDB51_FEATURES/shoot_ball_KELVIN_shoot_ball_u_cm_np1_ba_med_2.pt,shoot_ball,34
/data/dev/projects/ai/Trackey/trackey/research/EXTRACTED_HMDB51_FEATURES/shoot_ball_KELVIN_shoot_ball_u_cm_np1_ba_med_3.pt,shoot_ball,34
/data/dev/projects/ai/Trackey/trackey/research/EXTRACTED_HMDB51_FEATURES/shoot_ball_KELVIN_shoot_ball_u_cm_np1_ba_med_4.pt,shoot_ball,34
/data/dev/projects/ai/Trackey/trackey/research/EXTRACTED_HMDB51_FEATURES/shoot_ball_KELVIN_shoot_ball_u_cm_np1_ba_med_5.pt,shoot_ball,34
/data/dev/projects/ai/Trackey/trackey/research/EXTRACTED_HMDB51_FEATURES/shoot_ball_KELVIN_shoot_ball_u_cm_np1_ba_med_6.pt,shoot_ball,34
/data/dev/projects/ai/Trackey/trackey/research/EXTRACTED_HMDB51_FEATURES/shoot_ball_KELVIN_shoot_ball_u_cm_np1_ba_med_7.pt,shoot_ball,34
/data/dev/projects/ai/Trackey/trackey/research/EXTRACTED_HMDB51_FEATURES/shoot_ball_LearnToShootFromTheMaster_shoot_ball_f_cm_np1_ba_med_6.pt,shoot_ball,34
/data/dev/projects/ai/Trackey/trackey/research/EXTRACTED_HMDB51_FEATURES/shoot_ball_LearnToShootFromTheMaster_shoot_ball_f_nm_np1_ba_med_0.pt,shoot_ball,34
/data/dev/projects/ai/Trackey/trackey/research/EXTRACTED_HMDB51_FEATURES/shoot_ball_LearnToShootFromTheMaster_shoot_ball_f_nm_np1_ba_med_1.pt,shoot_ball,34
/data/dev/projects/ai/Trackey/trackey/research/EXTRACTED_HMDB51_FEATURES/shoot_ball_LearnToShootFromTheMaster_shoot_ball_f_nm_np1_ba_med_2.pt,shoot_ball,34
/data/dev/projects/ai/Trackey/trackey/research/EXTRACTED_HMDB51_FEATURES/shoot_ball_LearnToShootFromTheMaster_shoot_ball_f_nm_np1_ba_med_3.pt,shoot_ball,34
/data/dev/projects/ai/Trackey/trackey/research/EXTRACTED_HMDB51_FEATURES/shoot_ball_LearnToShootFromTheMaster_shoot_ball_f_nm_np1_ba_med_4.pt,shoot_ball,34
/data/dev/projects/ai/Trackey/trackey/research/EXTRACTED_HMDB51_FEATURES/shoot_ball_LearnToShootFromTheMaster_shoot_ball_f_nm_np1_ba_med_5.pt,shoot_ball,34
/data/dev/projects/ai/Trackey/trackey/research/EXTRACTED_HMDB51_FEATURES/shoot_ball_LeeHomandBlackieplayingbasketball_shoot_ball_f_cm_np1_ri_med_0.pt,shoot_ball,34
/data/dev/projects/ai/Trackey/trackey/research/EXTRACTED_HMDB51_FEATURES/shoot_ball_LeeHomandBlackieplayingbasketball_shoot_ball_u_cm_np1_le_med_2.pt,shoot_ball,34
/data/dev/projects/ai/Trackey/trackey/research/EXTRACTED_HMDB51_FEATURES/shoot_ball_LeeHomandBlackieplayingbasketball_shoot_ball_u_cm_np1_ri_med_1.pt,shoot_ball,34
/data/dev/projects/ai/Trackey/trackey/research/EXTRACTED_HMDB51_FEATURES/shoot_ball_LeeHomandBlackieplayingbasketball_shoot_ball_u_cm_np1_ri_med_3.pt,shoot_ball,34
/data/dev/projects/ai/Trackey/trackey/research/EXTRACTED_HMDB51_FEATURES/shoot_ball_PlayingBasketballGotWater_shoot_ball_f_nm_np1_ba_med_0.pt,shoot_ball,34
/data/dev/projects/ai/Trackey/trackey/research/EXTRACTED_HMDB51_FEATURES/shoot_ball_PlayingBasketballGotWater_shoot_ball_f_nm_np1_ba_med_3.pt,shoot_ball,34
/data/dev/projects/ai/Trackey/trackey/research/EXTRACTED_HMDB51_FEATURES/shoot_ball_PlayingBasketballGotWater_shoot_ball_f_nm_np1_ba_med_4.pt,shoot_ball,34
/data/dev/projects/ai/Trackey/trackey/research/EXTRACTED_HMDB51_FEATURES/shoot_ball_PlayingBasketballGotWater_shoot_ball_f_nm_np1_ba_med_6.pt,shoot_ball,34
/data/dev/projects/ai/Trackey/trackey/research/EXTRACTED_HMDB51_FEATURES/shoot_ball_PlayingBasketballGotWater_shoot_ball_f_nm_np1_ba_med_8.pt,shoot_ball,34
/data/dev/projects/ai/Trackey/trackey/research/EXTRACTED_HMDB51_FEATURES/shoot_ball_PlayingBasketballGotWater_shoot_ball_f_nm_np1_ri_med_1.pt,shoot_ball,34
/data/dev/projects/ai/Trackey/trackey/research/EXTRACTED_HMDB51_FEATURES/shoot_ball_PlayingBasketballGotWater_shoot_ball_f_nm_np1_ri_med_2.pt,shoot_ball,34
/data/dev/projects/ai/Trackey/trackey/research/EXTRACTED_HMDB51_FEATURES/shoot_ball_PlayingBasketball_shoot_ball_f_nm_np1_ba_med_6.pt,shoot_ball,34
/data/dev/projects/ai/Trackey/trackey/research/EXTRACTED_HMDB51_FEATURES/shoot_ball_PlayingBasketball_shoot_ball_f_nm_np1_ba_med_7.pt,shoot_ball,34
/data/dev/projects/ai/Trackey/trackey/research/EXTRACTED_HMDB51_FEATURES/shoot_ball_PlayingBasketball_shoot_ball_f_nm_np1_ri_med_1.pt,shoot_ball,34
/data/dev/projects/ai/Trackey/trackey/research/EXTRACTED_HMDB51_FEATURES/shoot_ball_PlayingBasketball_shoot_ball_f_nm_np1_ri_med_2.pt,shoot_ball,34
/data/dev/projects/ai/Trackey/trackey/research/EXTRACTED_HMDB51_FEATURES/shoot_ball_PlayingBasketball_shoot_ball_f_nm_np1_ri_med_5.pt,shoot_ball,34
/data/dev/projects/ai/Trackey/trackey/research/EXTRACTED_HMDB51_FEATURES/shoot_ball_ReggieMillerTakesonThreeAverageGuysinaShootout_shoot_ball_f_cm_np1_fr_med_15.pt,shoot_ball,34
/data/dev/projects/ai/Trackey/trackey/research/EXTRACTED_HMDB51_FEATURES/shoot_ball_ReggieMillerTakesonThreeAverageGuysinaShootout_shoot_ball_u_cm_np1_fr_med_14.pt,shoot_ball,34
/data/dev/projects/ai/Trackey/trackey/research/EXTRACTED_HMDB51_FEATURES/shoot_ball_ReggieMillerTakesonThreeAverageGuysinaShootout_shoot_ball_u_nm_np1_ba_med_0.pt,shoot_ball,34
/data/dev/projects/ai/Trackey/trackey/research/EXTRACTED_HMDB51_FEATURES/shoot_ball_ReggieMillerTakesonThreeAverageGuysinaShootout_shoot_ball_u_nm_np1_ba_med_1.pt,shoot_ball,34
/data/dev/projects/ai/Trackey/trackey/research/EXTRACTED_HMDB51_FEATURES/shoot_ball_ReggieMillerTakesonThreeAverageGuysinaShootout_shoot_ball_u_nm_np1_ba_med_10.pt,shoot_ball,34
/data/dev/projects/ai/Trackey/trackey/research/EXTRACTED_HMDB51_FEATURES/shoot_ball_ReggieMillerTakesonThreeAverageGuysinaShootout_shoot_ball_u_nm_np1_ba_med_11.pt,shoot_ball,34
/data/dev/projects/ai/Trackey/trackey/research/EXTRACTED_HMDB51_FEATURES/shoot_ball_ReggieMillerTakesonThreeAverageGuysinaShootout_shoot_ball_u_nm_np1_ba_med_12.pt,shoot_ball,34
/data/dev/projects/ai/Trackey/trackey/research/EXTRACTED_HMDB51_FEATURES/shoot_ball_ReggieMillerTakesonThreeAverageGuysinaShootout_shoot_ball_u_nm_np1_ba_med_13.pt,shoot_ball,34
/data/dev/projects/ai/Trackey/trackey/research/EXTRACTED_HMDB51_FEATURES/shoot_ball_ReggieMillerTakesonThreeAverageGuysinaShootout_shoot_ball_u_nm_np1_ba_med_16.pt,shoot_ball,34
/data/dev/projects/ai/Trackey/trackey/research/EXTRACTED_HMDB51_FEATURES/shoot_ball_ReggieMillerTakesonThreeAverageGuysinaShootout_shoot_ball_u_nm_np1_ba_med_17.pt,shoot_ball,34
/data/dev/projects/ai/Trackey/trackey/research/EXTRACTED_HMDB51_FEATURES/shoot_ball_ReggieMillerTakesonThreeAverageGuysinaShootout_shoot_ball_u_nm_np1_ba_med_18.pt,shoot_ball,34
/data/dev/projects/ai/Trackey/trackey/research/EXTRACTED_HMDB51_FEATURES/shoot_ball_ReggieMillerTakesonThreeAverageGuysinaShootout_shoot_ball_u_nm_np1_ba_med_19.pt,shoot_ball,34
/data/dev/projects/ai/Trackey/trackey/research/EXTRACTED_HMDB51_FEATURES/shoot_ball_ReggieMillerTakesonThreeAverageGuysinaShootout_shoot_ball_u_nm_np1_ba_med_2.pt,shoot_ball,34
/data/dev/projects/ai/Trackey/trackey/research/EXTRACTED_HMDB51_FEATURES/shoot_ball_ReggieMillerTakesonThreeAverageGuysinaShootout_shoot_ball_u_nm_np1_ba_med_3.pt,shoot_ball,34
/data/dev/projects/ai/Trackey/trackey/research/EXTRACTED_HMDB51_FEATURES/shoot_ball_ReggieMillerTakesonThreeAverageGuysinaShootout_shoot_ball_u_nm_np1_ba_med_4.pt,shoot_ball,34
/data/dev/projects/ai/Trackey/trackey/research/EXTRACTED_HMDB51_FEATURES/shoot_ball_ReggieMillerTakesonThreeAverageGuysinaShootout_shoot_ball_u_nm_np1_ba_med_5.pt,shoot_ball,34
/data/dev/projects/ai/Trackey/trackey/research/EXTRACTED_HMDB51_FEATURES/shoot_ball_ReggieMillerTakesonThreeAverageGuysinaShootout_shoot_ball_u_nm_np1_ba_med_6.pt,shoot_ball,34
/data/dev/projects/ai/Trackey/trackey/research/EXTRACTED_HMDB51_FEATURES/shoot_ball_ReggieMillerTakesonThreeAverageGuysinaShootout_shoot_ball_u_nm_np1_ba_med_7.pt,shoot_ball,34
/data/dev/projects/ai/Trackey/trackey/research/EXTRACTED_HMDB51_FEATURES/shoot_ball_ReggieMillerTakesonThreeAverageGuysinaShootout_shoot_ball_u_nm_np1_ba_med_8.pt,shoot_ball,34
/data/dev/projects/ai/Trackey/trackey/research/EXTRACTED_HMDB51_FEATURES/shoot_ball_ReggieMillerTakesonThreeAverageGuysinaShootout_shoot_ball_u_nm_np1_ba_med_9.pt,shoot_ball,34
/data/dev/projects/ai/Trackey/trackey/research/EXTRACTED_HMDB51_FEATURES/shoot_ball_ReggieMillerTakesonThreeAverageGuysinaShootout_shoot_ball_u_nm_np1_le_med_20.pt,shoot_ball,34
/data/dev/projects/ai/Trackey/trackey/research/EXTRACTED_HMDB51_FEATURES/shoot_ball_SarahPlayingBasketBall_shoot_ball_f_cm_np1_le_med_0.pt,shoot_ball,34
/data/dev/projects/ai/Trackey/trackey/research/EXTRACTED_HMDB51_FEATURES/shoot_ball_WeTheKingsplaying_shoot_ball_f_cm_np1_ri_med_0.pt,shoot_ball,34
/data/dev/projects/ai/Trackey/trackey/research/EXTRACTED_HMDB51_FEATURES/shoot_ball_WeTheKingsplaying_shoot_ball_u_cm_np1_ba_med_2.pt,shoot_ball,34
/data/dev/projects/ai/Trackey/trackey/research/EXTRACTED_HMDB51_FEATURES/shoot_ball_WeTheKingsplaying_shoot_ball_u_cm_np1_ba_med_3.pt,shoot_ball,34
/data/dev/projects/ai/Trackey/trackey/research/EXTRACTED_HMDB51_FEATURES/shoot_ball_WeTheKingsplaying_shoot_ball_u_cm_np1_ba_med_4.pt,shoot_ball,34
/data/dev/projects/ai/Trackey/trackey/research/EXTRACTED_HMDB51_FEATURES/shoot_ball_WeTheKingsplaying_shoot_ball_u_cm_np1_ba_med_5.pt,shoot_ball,34
/data/dev/projects/ai/Trackey/trackey/research/EXTRACTED_HMDB51_FEATURES/shoot_ball_WeTheKingsplaying_shoot_ball_u_cm_np1_ba_med_6.pt,shoot_ball,34
/data/dev/projects/ai/Trackey/trackey/research/EXTRACTED_HMDB51_FEATURES/shoot_ball_WeTheKingsplaying_shoot_ball_u_cm_np1_ba_med_7.pt,shoot_ball,34
/data/dev/projects/ai/Trackey/trackey/research/EXTRACTED_HMDB51_FEATURES/shoot_ball_WeTheKingsplaying_shoot_ball_u_cm_np1_ri_med_1.pt,shoot_ball,34
/data/dev/projects/ai/Trackey/trackey/research/EXTRACTED_HMDB51_FEATURES/shoot_bow_11408ErikaRecurvefront_shoot_bow_u_nm_np1_fr_med_0.pt,shoot_bow,35
/data/dev/projects/ai/Trackey/trackey/research/EXTRACTED_HMDB51_FEATURES/shoot_bow_11408ErikaRecurvefront_shoot_bow_u_nm_np1_fr_med_1.pt,shoot_bow,35
/data/dev/projects/ai/Trackey/trackey/research/EXTRACTED_HMDB51_FEATURES/shoot_bow_11_4_08ErikaRecurveBack_shoot_bow_u_nm_np1_ba_med_0.pt,shoot_bow,35
/data/dev/projects/ai/Trackey/trackey/research/EXTRACTED_HMDB51_FEATURES/shoot_bow_11_4_08ErikaRecurveBack_shoot_bow_u_nm_np1_ba_med_1.pt,shoot_bow,35
/data/dev/projects/ai/Trackey/trackey/research/EXTRACTED_HMDB51_FEATURES/shoot_bow_6arrowswithin30seconds_shoot_bow_f_nm_np1_fr_med_0.pt,shoot_bow,35
/data/dev/projects/ai/Trackey/trackey/research/EXTRACTED_HMDB51_FEATURES/shoot_bow_6arrowswithin30seconds_shoot_bow_f_nm_np1_fr_med_1.pt,shoot_bow,35
/data/dev/projects/ai/Trackey/trackey/research/EXTRACTED_HMDB51_FEATURES/shoot_bow_6arrowswithin30seconds_shoot_bow_f_nm_np1_fr_med_2.pt,shoot_bow,35
/data/dev/projects/ai/Trackey/trackey/research/EXTRACTED_HMDB51_FEATURES/shoot_bow_6arrowswithin30seconds_shoot_bow_f_nm_np1_fr_med_3.pt,shoot_bow,35
/data/dev/projects/ai/Trackey/trackey/research/EXTRACTED_HMDB51_FEATURES/shoot_bow_6arrowswithin30seconds_shoot_bow_f_nm_np1_fr_med_4.pt,shoot_bow,35
/data/dev/projects/ai/Trackey/trackey/research/EXTRACTED_HMDB51_FEATURES/shoot_bow_6arrowswithin30seconds_shoot_bow_f_nm_np1_fr_med_5.pt,shoot_bow,35
/data/dev/projects/ai/Trackey/trackey/research/EXTRACTED_HMDB51_FEATURES/shoot_bow_ArcherShootsFOBArrowat100Yards_shoot_bow_u_nm_np1_fr_med_0.pt,shoot_bow,35
/data/dev/projects/ai/Trackey/trackey/research/EXTRACTED_HMDB51_FEATURES/shoot_bow_ArcherShootsFOBArrowat100Yards_shoot_bow_u_nm_np1_fr_med_1.pt,shoot_bow,35
/data/dev/projects/ai/Trackey/trackey/research/EXTRACTED_HMDB51_FEATURES/shoot_bow_ArcheryFastShooting_shoot_bow_u_nm_np1_fr_med_0.pt,shoot_bow,35
/data/dev/projects/ai/Trackey/trackey/research/EXTRACTED_HMDB51_FEATURES/shoot_bow_ArcheryFastShooting_shoot_bow_u_nm_np1_fr_med_1.pt,shoot_bow,35
/data/dev/projects/ai/Trackey/trackey/research/EXTRACTED_HMDB51_FEATURES/shoot_bow_ArcheryFastShooting_shoot_bow_u_nm_np1_fr_med_10.pt,shoot_bow,35
/data/dev/projects/ai/Trackey/trackey/research/EXTRACTED_HMDB51_FEATURES/shoot_bow_ArcheryFastShooting_shoot_bow_u_nm_np1_fr_med_11.pt,shoot_bow,35
/data/dev/projects/ai/Trackey/trackey/research/EXTRACTED_HMDB51_FEATURES/shoot_bow_ArcheryFastShooting_shoot_bow_u_nm_np1_fr_med_12.pt,shoot_bow,35
/data/dev/projects/ai/Trackey/trackey/research/EXTRACTED_HMDB51_FEATURES/shoot_bow_ArcheryFastShooting_shoot_bow_u_nm_np1_fr_med_13.pt,shoot_bow,35
/data/dev/projects/ai/Trackey/trackey/research/EXTRACTED_HMDB51_FEATURES/shoot_bow_ArcheryFastShooting_shoot_bow_u_nm_np1_fr_med_14.pt,shoot_bow,35
/data/dev/projects/ai/Trackey/trackey/research/EXTRACTED_HMDB51_FEATURES/shoot_bow_ArcheryFastShooting_shoot_bow_u_nm_np1_fr_med_15.pt,shoot_bow,35
/data/dev/projects/ai/Trackey/trackey/research/EXTRACTED_HMDB51_FEATURES/shoot_bow_ArcheryFastShooting_shoot_bow_u_nm_np1_fr_med_16.pt,shoot_bow,35
/data/dev/projects/ai/Trackey/trackey/research/EXTRACTED_HMDB51_FEATURES/shoot_bow_ArcheryFastShooting_shoot_bow_u_nm_np1_fr_med_17.pt,shoot_bow,35
/data/dev/projects/ai/Trackey/trackey/research/EXTRACTED_HMDB51_FEATURES/shoot_bow_ArcheryFastShooting_shoot_bow_u_nm_np1_fr_med_18.pt,shoot_bow,35
/data/dev/projects/ai/Trackey/trackey/research/EXTRACTED_HMDB51_FEATURES/shoot_bow_ArcheryFastShooting_shoot_bow_u_nm_np1_fr_med_19.pt,shoot_bow,35
/data/dev/projects/ai/Trackey/trackey/research/EXTRACTED_HMDB51_FEATURES/shoot_bow_ArcheryFastShooting_shoot_bow_u_nm_np1_fr_med_2.pt,shoot_bow,35
/data/dev/projects/ai/Trackey/trackey/research/EXTRACTED_HMDB51_FEATURES/shoot_bow_ArcheryFastShooting_shoot_bow_u_nm_np1_fr_med_20.pt,shoot_bow,35
/data/dev/projects/ai/Trackey/trackey/research/EXTRACTED_HMDB51_FEATURES/shoot_bow_ArcheryFastShooting_shoot_bow_u_nm_np1_fr_med_21.pt,shoot_bow,35
/data/dev/projects/ai/Trackey/trackey/research/EXTRACTED_HMDB51_FEATURES/shoot_bow_ArcheryFastShooting_shoot_bow_u_nm_np1_fr_med_22.pt,shoot_bow,35
/data/dev/projects/ai/Trackey/trackey/research/EXTRACTED_HMDB51_FEATURES/shoot_bow_ArcheryFastShooting_shoot_bow_u_nm_np1_fr_med_23.pt,shoot_bow,35
/data/dev/projects/ai/Trackey/trackey/research/EXTRACTED_HMDB51_FEATURES/shoot_bow_ArcheryFastShooting_shoot_bow_u_nm_np1_fr_med_3.pt,shoot_bow,35
/data/dev/projects/ai/Trackey/trackey/research/EXTRACTED_HMDB51_FEATURES/shoot_bow_ArcheryFastShooting_shoot_bow_u_nm_np1_fr_med_4.pt,shoot_bow,35
/data/dev/projects/ai/Trackey/trackey/research/EXTRACTED_HMDB51_FEATURES/shoot_bow_ArcheryFastShooting_shoot_bow_u_nm_np1_fr_med_5.pt,shoot_bow,35
/data/dev/projects/ai/Trackey/trackey/research/EXTRACTED_HMDB51_FEATURES/shoot_bow_ArcheryFastShooting_shoot_bow_u_nm_np1_fr_med_6.pt,shoot_bow,35
/data/dev/projects/ai/Trackey/trackey/research/EXTRACTED_HMDB51_FEATURES/shoot_bow_ArcheryFastShooting_shoot_bow_u_nm_np1_fr_med_7.pt,shoot_bow,35
/data/dev/projects/ai/Trackey/trackey/research/EXTRACTED_HMDB51_FEATURES/shoot_bow_ArcheryFastShooting_shoot_bow_u_nm_np1_fr_med_8.pt,shoot_bow,35
/data/dev/projects/ai/Trackey/trackey/research/EXTRACTED_HMDB51_FEATURES/shoot_bow_ArcheryFastShooting_shoot_bow_u_nm_np1_fr_med_9.pt,shoot_bow,35
/data/dev/projects/ai/Trackey/trackey/research/EXTRACTED_HMDB51_FEATURES/shoot_bow_ArcheryMaster_shoot_bow_u_cm_np1_fr_med_4.pt,shoot_bow,35
/data/dev/projects/ai/Trackey/trackey/research/EXTRACTED_HMDB51_FEATURES/shoot_bow_ArcheryMaster_shoot_bow_u_cm_np1_fr_med_5.pt,shoot_bow,35
/data/dev/projects/ai/Trackey/trackey/research/EXTRACTED_HMDB51_FEATURES/shoot_bow_ArcheryMaster_shoot_bow_u_cm_np1_ri_med_0.pt,shoot_bow,35
/data/dev/projects/ai/Trackey/trackey/research/EXTRACTED_HMDB51_FEATURES/shoot_bow_ArcheryMaster_shoot_bow_u_cm_np1_ri_med_1.pt,shoot_bow,35
/data/dev/projects/ai/Trackey/trackey/research/EXTRACTED_HMDB51_FEATURES/shoot_bow_ArcheryMaster_shoot_bow_u_cm_np1_ri_med_2.pt,shoot_bow,35
/data/dev/projects/ai/Trackey/trackey/research/EXTRACTED_HMDB51_FEATURES/shoot_bow_ArcheryMaster_shoot_bow_u_cm_np1_ri_med_3.pt,shoot_bow,35
/data/dev/projects/ai/Trackey/trackey/research/EXTRACTED_HMDB51_FEATURES/shoot_bow_ArcherySVK_shoot_bow_u_cm_np1_fr_med_0.pt,shoot_bow,35
/data/dev/projects/ai/Trackey/trackey/research/EXTRACTED_HMDB51_FEATURES/shoot_bow_ArcherySVK_shoot_bow_u_cm_np1_fr_med_1.pt,shoot_bow,35
/data/dev/projects/ai/Trackey/trackey/research/EXTRACTED_HMDB51_FEATURES/shoot_bow_ArcherySVK_shoot_bow_u_cm_np1_fr_med_2.pt,shoot_bow,35
/data/dev/projects/ai/Trackey/trackey/research/EXTRACTED_HMDB51_FEATURES/shoot_bow_Erikafrontrecurve6june08_shoot_bow_u_nm_np1_fr_med_0.pt,shoot_bow,35
/data/dev/projects/ai/Trackey/trackey/research/EXTRACTED_HMDB51_FEATURES/shoot_bow_Fellowship_5_shoot_bow_h_cm_np1_fr_med_7.pt,shoot_bow,35
/data/dev/projects/ai/Trackey/trackey/research/EXTRACTED_HMDB51_FEATURES/shoot_bow_Fellowship_5_shoot_bow_h_nm_np1_fr_goo_3.pt,shoot_bow,35
/data/dev/projects/ai/Trackey/trackey/research/EXTRACTED_HMDB51_FEATURES/shoot_bow_Fellowship_5_shoot_bow_h_nm_np1_fr_goo_4.pt,shoot_bow,35
/data/dev/projects/ai/Trackey/trackey/research/EXTRACTED_HMDB51_FEATURES/shoot_bow_Fellowship_5_shoot_bow_u_cm_np1_fr_med_13.pt,shoot_bow,35
/data/dev/projects/ai/Trackey/trackey/research/EXTRACTED_HMDB51_FEATURES/shoot_bow_Fellowship_5_shoot_bow_u_nm_np1_fr_goo_6.pt,shoot_bow,35
/data/dev/projects/ai/Trackey/trackey/research/EXTRACTED_HMDB51_FEATURES/shoot_bow_Fellowship_7_shoot_bow_f_nm_np1_fr_bad_6.pt,shoot_bow,35
/data/dev/projects/ai/Trackey/trackey/research/EXTRACTED_HMDB51_FEATURES/shoot_bow_Fellowship_7_shoot_bow_h_nm_np1_fr_goo_10.pt,shoot_bow,35
/data/dev/projects/ai/Trackey/trackey/research/EXTRACTED_HMDB51_FEATURES/shoot_bow_Fellowship_7_shoot_bow_h_nm_np1_fr_med_8.pt,shoot_bow,35
/data/dev/projects/ai/Trackey/trackey/research/EXTRACTED_HMDB51_FEATURES/shoot_bow_Fellowship_7_shoot_bow_u_nm_np1_fr_goo_7.pt,shoot_bow,35
/data/dev/projects/ai/Trackey/trackey/research/EXTRACTED_HMDB51_FEATURES/shoot_bow_HannahFront22May08_shoot_bow_u_nm_np1_fr_med_0.pt,shoot_bow,35
/data/dev/projects/ai/Trackey/trackey/research/EXTRACTED_HMDB51_FEATURES/shoot_bow_HannahFront22May08_shoot_bow_u_nm_np1_fr_med_1.pt,shoot_bow,35
/data/dev/projects/ai/Trackey/trackey/research/EXTRACTED_HMDB51_FEATURES/shoot_bow_Hannahfront23may08_shoot_bow_u_nm_np1_fr_med_0.pt,shoot_bow,35
/data/dev/projects/ai/Trackey/trackey/research/EXTRACTED_HMDB51_FEATURES/shoot_bow_Hannahfront23may08_shoot_bow_u_nm_np1_fr_med_1.pt,shoot_bow,35
/data/dev/projects/ai/Trackey/trackey/research/EXTRACTED_HMDB51_FEATURES/shoot_bow_JuanReneSerranoSemifinal_shoot_bow_u_cm_np1_fr_goo_0.pt,shoot_bow,35
/data/dev/projects/ai/Trackey/trackey/research/EXTRACTED_HMDB51_FEATURES/shoot_bow_JuanReneSerranoSemifinal_shoot_bow_u_cm_np1_fr_goo_1.pt,shoot_bow,35
/data/dev/projects/ai/Trackey/trackey/research/EXTRACTED_HMDB51_FEATURES/shoot_bow_JuanReneSerranoSemifinal_shoot_bow_u_cm_np1_fr_goo_6.pt,shoot_bow,35
/data/dev/projects/ai/Trackey/trackey/research/EXTRACTED_HMDB51_FEATURES/shoot_bow_JuanReneSerranoSemifinal_shoot_bow_u_cm_np1_fr_goo_7.pt,shoot_bow,35
/data/dev/projects/ai/Trackey/trackey/research/EXTRACTED_HMDB51_FEATURES/shoot_bow_JuanReneSerranoSemifinal_shoot_bow_u_cm_np1_fr_med_3.pt,shoot_bow,35
/data/dev/projects/ai/Trackey/trackey/research/EXTRACTED_HMDB51_FEATURES/shoot_bow_JuanReneSerranoSemifinal_shoot_bow_u_cm_np1_le_goo_2.pt,shoot_bow,35
/data/dev/projects/ai/Trackey/trackey/research/EXTRACTED_HMDB51_FEATURES/shoot_bow_JuanReneSerranoSemifinal_shoot_bow_u_cm_np1_le_goo_4.pt,shoot_bow,35
/data/dev/projects/ai/Trackey/trackey/research/EXTRACTED_HMDB51_FEATURES/shoot_bow_JuanReneSerranoSemifinal_shoot_bow_u_cm_np1_le_goo_5.pt,shoot_bow,35
/data/dev/projects/ai/Trackey/trackey/research/EXTRACTED_HMDB51_FEATURES/shoot_bow_KLArchery1_shoot_bow_u_cm_np1_fr_med_0.pt,shoot_bow,35
/data/dev/projects/ai/Trackey/trackey/research/EXTRACTED_HMDB51_FEATURES/shoot_bow_KLArchery_shoot_bow_u_cm_np1_fr_med_0.pt,shoot_bow,35
/data/dev/projects/ai/Trackey/trackey/research/EXTRACTED_HMDB51_FEATURES/shoot_bow_MegaPrecisionArchery_shoot_bow_u_nm_np1_fr_med_0.pt,shoot_bow,35
/data/dev/projects/ai/Trackey/trackey/research/EXTRACTED_HMDB51_FEATURES/shoot_bow_MegaPrecisionArchery_shoot_bow_u_nm_np1_fr_med_1.pt,shoot_bow,35
/data/dev/projects/ai/Trackey/trackey/research/EXTRACTED_HMDB51_FEATURES/shoot_bow_MegaPrecisionArchery_shoot_bow_u_nm_np1_fr_med_2.pt,shoot_bow,35
/data/dev/projects/ai/Trackey/trackey/research/EXTRACTED_HMDB51_FEATURES/shoot_bow_MegaPrecisionArchery_shoot_bow_u_nm_np1_fr_med_3.pt,shoot_bow,35
/data/dev/projects/ai/Trackey/trackey/research/EXTRACTED_HMDB51_FEATURES/shoot_bow_MegaPrecisionArchery_shoot_bow_u_nm_np1_fr_med_4.pt,shoot_bow,35
/data/dev/projects/ai/Trackey/trackey/research/EXTRACTED_HMDB51_FEATURES/shoot_bow_MegaPrecisionArchery_shoot_bow_u_nm_np1_fr_med_5.pt,shoot_bow,35
/data/dev/projects/ai/Trackey/trackey/research/EXTRACTED_HMDB51_FEATURES/shoot_bow_Meshooting3_shoot_bow_u_cm_np1_fr_med_0.pt,shoot_bow,35
/data/dev/projects/ai/Trackey/trackey/research/EXTRACTED_HMDB51_FEATURES/shoot_bow_Meshooting3_shoot_bow_u_cm_np1_fr_med_1.pt,shoot_bow,35
/data/dev/projects/ai/Trackey/trackey/research/EXTRACTED_HMDB51_FEATURES/shoot_bow_Meshooting3_shoot_bow_u_cm_np1_fr_med_2.pt,shoot_bow,35
/data/dev/projects/ai/Trackey/trackey/research/EXTRACTED_HMDB51_FEATURES/shoot_bow_OhKyoMoon_shoot_bow_u_cm_np1_fr_med_0.pt,shoot_bow,35
/data/dev/projects/ai/Trackey/trackey/research/EXTRACTED_HMDB51_FEATURES/shoot_bow_P3Martin_shoot_bow_u_cm_np1_fr_goo_0.pt,shoot_bow,35
/data/dev/projects/ai/Trackey/trackey/research/EXTRACTED_HMDB51_FEATURES/shoot_bow_ParkKyungMo_shoot_bow_f_cm_np2_fr_med_0.pt,shoot_bow,35
/data/dev/projects/ai/Trackey/trackey/research/EXTRACTED_HMDB51_FEATURES/shoot_bow_Return_of_the_King_1_shoot_bow_u_cm_np1_fr_med_9.pt,shoot_bow,35
/data/dev/projects/ai/Trackey/trackey/research/EXTRACTED_HMDB51_FEATURES/shoot_bow_Return_of_the_King_7_shoot_bow_u_nm_np10_ba_med_2.pt,shoot_bow,35
/data/dev/projects/ai/Trackey/trackey/research/EXTRACTED_HMDB51_FEATURES/shoot_bow_Return_of_the_King_9_shoot_bow_u_cm_np2_fr_med_9.pt,shoot_bow,35
/data/dev/projects/ai/Trackey/trackey/research/EXTRACTED_HMDB51_FEATURES/shoot_bow_Shootingarecurve_shoot_bow_u_cm_np1_fr_med_5.pt,shoot_bow,35
/data/dev/projects/ai/Trackey/trackey/research/EXTRACTED_HMDB51_FEATURES/shoot_bow_Shootingarecurve_shoot_bow_u_nm_np1_fr_med_0.pt,shoot_bow,35
/data/dev/projects/ai/Trackey/trackey/research/EXTRACTED_HMDB51_FEATURES/shoot_bow_Shootingarecurve_shoot_bow_u_nm_np1_fr_med_1.pt,shoot_bow,35
/data/dev/projects/ai/Trackey/trackey/research/EXTRACTED_HMDB51_FEATURES/shoot_bow_Shootingarecurve_shoot_bow_u_nm_np1_fr_med_2.pt,shoot_bow,35
/data/dev/projects/ai/Trackey/trackey/research/EXTRACTED_HMDB51_FEATURES/shoot_bow_Shootingarecurve_shoot_bow_u_nm_np1_fr_med_3.pt,shoot_bow,35
/data/dev/projects/ai/Trackey/trackey/research/EXTRACTED_HMDB51_FEATURES/shoot_bow_Shootingarecurve_shoot_bow_u_nm_np1_fr_med_4.pt,shoot_bow,35
/data/dev/projects/ai/Trackey/trackey/research/EXTRACTED_HMDB51_FEATURES/shoot_bow_TURKISHRECURVEBOW_shoot_bow_u_cm_np1_ba_med_0.pt,shoot_bow,35
/data/dev/projects/ai/Trackey/trackey/research/EXTRACTED_HMDB51_FEATURES/shoot_bow_TURKISHRECURVEBOW_shoot_bow_u_cm_np1_ba_med_1.pt,shoot_bow,35
/data/dev/projects/ai/Trackey/trackey/research/EXTRACTED_HMDB51_FEATURES/shoot_bow_TurkishBowAdnan_shoot_bow_u_cm_np1_fr_goo_0.pt,shoot_bow,35
/data/dev/projects/ai/Trackey/trackey/research/EXTRACTED_HMDB51_FEATURES/shoot_bow_TurkishBowDrOzveri_shoot_bow_u_cm_np1_fr_med_0.pt,shoot_bow,35
/data/dev/projects/ai/Trackey/trackey/research/EXTRACTED_HMDB51_FEATURES/shoot_bow_TurkishBowDrOzveri_shoot_bow_u_cm_np1_fr_med_1.pt,shoot_bow,35
/data/dev/projects/ai/Trackey/trackey/research/EXTRACTED_HMDB51_FEATURES/shoot_bow_TurkishBowDrOzveri_shoot_bow_u_cm_np1_fr_med_2.pt,shoot_bow,35
/data/dev/projects/ai/Trackey/trackey/research/EXTRACTED_HMDB51_FEATURES/shoot_bow_Two_Towers_4_shoot_bow_f_nm_np1_le_med_1.pt,shoot_bow,35
/data/dev/projects/ai/Trackey/trackey/research/EXTRACTED_HMDB51_FEATURES/shoot_bow_Two_Towers_4_shoot_bow_h_cm_np1_fr_goo_2.pt,shoot_bow,35
/data/dev/projects/ai/Trackey/trackey/research/EXTRACTED_HMDB51_FEATURES/shoot_bow_Two_Towers_6_shoot_bow_u_nm_np1_fr_med_2.pt,shoot_bow,35
/data/dev/projects/ai/Trackey/trackey/research/EXTRACTED_HMDB51_FEATURES/shoot_bow_Updatedvideoofmeshootingteamusaarchery_shoot_bow_f_nm_np1_ba_med_0.pt,shoot_bow,35
/data/dev/projects/ai/Trackey/trackey/research/EXTRACTED_HMDB51_FEATURES/shoot_bow_Updatedvideoofmeshootingteamusaarchery_shoot_bow_f_nm_np1_ri_med_1.pt,shoot_bow,35
/data/dev/projects/ai/Trackey/trackey/research/EXTRACTED_HMDB51_FEATURES/shoot_bow_Updatedvideoofmeshootingteamusaarchery_shoot_bow_f_nm_np1_ri_med_5.pt,shoot_bow,35
/data/dev/projects/ai/Trackey/trackey/research/EXTRACTED_HMDB51_FEATURES/shoot_bow_Updatedvideoofmeshootingteamusaarchery_shoot_bow_u_cm_np1_ba_med_6.pt,shoot_bow,35
/data/dev/projects/ai/Trackey/trackey/research/EXTRACTED_HMDB51_FEATURES/shoot_bow_Updatedvideoofmeshootingteamusaarchery_shoot_bow_u_cm_np1_ri_med_4.pt,shoot_bow,35
/data/dev/projects/ai/Trackey/trackey/research/EXTRACTED_HMDB51_FEATURES/shoot_bow_Updatedvideoofmeshootingteamusaarchery_shoot_bow_u_nm_np1_ba_med_2.pt,shoot_bow,35
/data/dev/projects/ai/Trackey/trackey/research/EXTRACTED_HMDB51_FEATURES/shoot_bow_Updatedvideoofmeshootingteamusaarchery_shoot_bow_u_nm_np1_ba_med_7.pt,shoot_bow,35
/data/dev/projects/ai/Trackey/trackey/research/EXTRACTED_HMDB51_FEATURES/shoot_bow_Updatedvideoofmeshootingteamusaarchery_shoot_bow_u_nm_np1_fr_med_3.pt,shoot_bow,35
/data/dev/projects/ai/Trackey/trackey/research/EXTRACTED_HMDB51_FEATURES/shoot_bow_Updatedvideoofmeshootingteamusaarchery_shoot_bow_u_nm_np1_fr_med_8.pt,shoot_bow,35
/data/dev/projects/ai/Trackey/trackey/research/EXTRACTED_HMDB51_FEATURES/shoot_bow_Updatedvideoofmeshootingteamusaarchery_shoot_bow_u_nm_np1_fr_med_9.pt,shoot_bow,35
/data/dev/projects/ai/Trackey/trackey/research/EXTRACTED_HMDB51_FEATURES/shoot_bow_erikafrontcompound6feb09_shoot_bow_f_nm_np1_fr_med_0.pt,shoot_bow,35
/data/dev/projects/ai/Trackey/trackey/research/EXTRACTED_HMDB51_FEATURES/shoot_bow_techniquefrontshot_shoot_bow_u_cm_np1_fr_med_0.pt,shoot_bow,35
/data/dev/projects/ai/Trackey/trackey/research/EXTRACTED_HMDB51_FEATURES/shoot_bow_trainingat70m_shoot_bow_u_cm_np1_fr_med_0.pt,shoot_bow,35
/data/dev/projects/ai/Trackey/trackey/research/EXTRACTED_HMDB51_FEATURES/shoot_gun_2xFullautoGlocks_shoot_gun_u_cm_np1_le_med_0.pt,shoot_gun,36
/data/dev/projects/ai/Trackey/trackey/research/EXTRACTED_HMDB51_FEATURES/shoot_gun_American_History_X_shoot_gun_u_cm_np1_ba_med_36.pt,shoot_gun,36
/data/dev/projects/ai/Trackey/trackey/research/EXTRACTED_HMDB51_FEATURES/shoot_gun_American_History_X_shoot_gun_u_cm_np1_fr_med_2.pt,shoot_gun,36
/data/dev/projects/ai/Trackey/trackey/research/EXTRACTED_HMDB51_FEATURES/shoot_gun_American_History_X_shoot_gun_u_cm_np1_le_med_4.pt,shoot_gun,36
/data/dev/projects/ai/Trackey/trackey/research/EXTRACTED_HMDB51_FEATURES/shoot_gun_American_History_X_shoot_gun_u_nm_np1_fr_goo_49.pt,shoot_gun,36
/data/dev/projects/ai/Trackey/trackey/research/EXTRACTED_HMDB51_FEATURES/shoot_gun_Aplacetoshoot_shoot_gun_u_cm_np1_ba_med_3.pt,shoot_gun,36
/data/dev/projects/ai/Trackey/trackey/research/EXTRACTED_HMDB51_FEATURES/shoot_gun_Aplacetoshoot_shoot_gun_u_cm_np1_le_med_0.pt,shoot_gun,36
/data/dev/projects/ai/Trackey/trackey/research/EXTRACTED_HMDB51_FEATURES/shoot_gun_Aplacetoshoot_shoot_gun_u_cm_np1_le_med_1.pt,shoot_gun,36
/data/dev/projects/ai/Trackey/trackey/research/EXTRACTED_HMDB51_FEATURES/shoot_gun_Aplacetoshoot_shoot_gun_u_cm_np1_le_med_2.pt,shoot_gun,36
/data/dev/projects/ai/Trackey/trackey/research/EXTRACTED_HMDB51_FEATURES/shoot_gun_AprilshootinganMP5_shoot_gun_u_nm_np1_ri_med_0.pt,shoot_gun,36
/data/dev/projects/ai/Trackey/trackey/research/EXTRACTED_HMDB51_FEATURES/shoot_gun_DefensivePistolShootingTechniques_shoot_gun_f_nm_np1_fr_med_0.pt,shoot_gun,36
/data/dev/projects/ai/Trackey/trackey/research/EXTRACTED_HMDB51_FEATURES/shoot_gun_DefensivePistolShootingTechniques_shoot_gun_f_nm_np1_fr_med_1.pt,shoot_gun,36
/data/dev/projects/ai/Trackey/trackey/research/EXTRACTED_HMDB51_FEATURES/shoot_gun_DefensivePistolShootingTechniques_shoot_gun_f_nm_np1_fr_med_3.pt,shoot_gun,36
/data/dev/projects/ai/Trackey/trackey/research/EXTRACTED_HMDB51_FEATURES/shoot_gun_DefensivePistolShootingTechniques_shoot_gun_f_nm_np1_fr_med_6.pt,shoot_gun,36
/data/dev/projects/ai/Trackey/trackey/research/EXTRACTED_HMDB51_FEATURES/shoot_gun_DefensivePistolShootingTechniques_shoot_gun_f_nm_np1_ri_med_5.pt,shoot_gun,36
/data/dev/projects/ai/Trackey/trackey/research/EXTRACTED_HMDB51_FEATURES/shoot_gun_DefensivePistolShootingTechniques_shoot_gun_u_nm_np1_fr_med_2.pt,shoot_gun,36
/data/dev/projects/ai/Trackey/trackey/research/EXTRACTED_HMDB51_FEATURES/shoot_gun_Dual9mm_shoot_gun_u_cm_np1_ri_goo_0.pt,shoot_gun,36
/data/dev/projects/ai/Trackey/trackey/research/EXTRACTED_HMDB51_FEATURES/shoot_gun_Fastestguninthewest_shoot_gun_f_nm_np1_ri_med_0.pt,shoot_gun,36
/data/dev/projects/ai/Trackey/trackey/research/EXTRACTED_HMDB51_FEATURES/shoot_gun_FirearmsTraining_shoot_gun_f_cm_np1_ri_med_0.pt,shoot_gun,36
/data/dev/projects/ai/Trackey/trackey/research/EXTRACTED_HMDB51_FEATURES/shoot_gun_FirearmsTraining_shoot_gun_f_cm_np1_ri_med_1.pt,shoot_gun,36
/data/dev/projects/ai/Trackey/trackey/research/EXTRACTED_HMDB51_FEATURES/shoot_gun_FirearmsTraining_shoot_gun_f_nm_np1_ri_med_7.pt,shoot_gun,36
/data/dev/projects/ai/Trackey/trackey/research/EXTRACTED_HMDB51_FEATURES/shoot_gun_FirearmsTraining_shoot_gun_f_nm_np2_le_med_10.pt,shoot_gun,36
/data/dev/projects/ai/Trackey/trackey/research/EXTRACTED_HMDB51_FEATURES/shoot_gun_FirearmsTraining_shoot_gun_u_cm_np1_ba_med_5.pt,shoot_gun,36
/data/dev/projects/ai/Trackey/trackey/research/EXTRACTED_HMDB51_FEATURES/shoot_gun_FirearmsTraining_shoot_gun_u_cm_np1_ri_med_2.pt,shoot_gun,36
/data/dev/projects/ai/Trackey/trackey/research/EXTRACTED_HMDB51_FEATURES/shoot_gun_FirearmsTraining_shoot_gun_u_cm_np1_ri_med_8.pt,shoot_gun,36
/data/dev/projects/ai/Trackey/trackey/research/EXTRACTED_HMDB51_FEATURES/shoot_gun_FirearmsTraining_shoot_gun_u_nm_np1_ri_goo_6.pt,shoot_gun,36
/data/dev/projects/ai/Trackey/trackey/research/EXTRACTED_HMDB51_FEATURES/shoot_gun_FirearmsTraining_shoot_gun_u_nm_np1_ri_goo_9.pt,shoot_gun,36
/data/dev/projects/ai/Trackey/trackey/research/EXTRACTED_HMDB51_FEATURES/shoot_gun_FirearmsTraining_shoot_gun_u_nm_np1_ri_med_11.pt,shoot_gun,36
/data/dev/projects/ai/Trackey/trackey/research/EXTRACTED_HMDB51_FEATURES/shoot_gun_FirearmsTraining_shoot_gun_u_nm_np1_ri_med_3.pt,shoot_gun,36
/data/dev/projects/ai/Trackey/trackey/research/EXTRACTED_HMDB51_FEATURES/shoot_gun_FirearmsTraining_shoot_gun_u_nm_np1_ri_med_4.pt,shoot_gun,36
/data/dev/projects/ai/Trackey/trackey/research/EXTRACTED_HMDB51_FEATURES/shoot_gun_GLOCK17_shoot_gun_f_nm_np1_fr_med_3.pt,shoot_gun,36
/data/dev/projects/ai/Trackey/trackey/research/EXTRACTED_HMDB51_FEATURES/shoot_gun_GLOCK17_shoot_gun_f_nm_np1_fr_med_4.pt,shoot_gun,36
/data/dev/projects/ai/Trackey/trackey/research/EXTRACTED_HMDB51_FEATURES/shoot_gun_GLOCK17_shoot_gun_f_nm_np1_fr_med_5.pt,shoot_gun,36
/data/dev/projects/ai/Trackey/trackey/research/EXTRACTED_HMDB51_FEATURES/shoot_gun_GLOCK17_shoot_gun_u_nm_np1_fr_med_6.pt,shoot_gun,36
/data/dev/projects/ai/Trackey/trackey/research/EXTRACTED_HMDB51_FEATURES/shoot_gun_GLOCK17_shoot_gun_u_nm_np1_ri_goo_7.pt,shoot_gun,36
/data/dev/projects/ai/Trackey/trackey/research/EXTRACTED_HMDB51_FEATURES/shoot_gun_GLOCK17_shoot_gun_u_nm_np1_ri_goo_8.pt,shoot_gun,36
/data/dev/projects/ai/Trackey/trackey/research/EXTRACTED_HMDB51_FEATURES/shoot_gun_GLOCK17_shoot_gun_u_nm_np1_ri_med_0.pt,shoot_gun,36
/data/dev/projects/ai/Trackey/trackey/research/EXTRACTED_HMDB51_FEATURES/shoot_gun_GLOCK17_shoot_gun_u_nm_np1_ri_med_1.pt,shoot_gun,36
/data/dev/projects/ai/Trackey/trackey/research/EXTRACTED_HMDB51_FEATURES/shoot_gun_GLOCK17_shoot_gun_u_nm_np1_ri_med_2.pt,shoot_gun,36
/data/dev/projects/ai/Trackey/trackey/research/EXTRACTED_HMDB51_FEATURES/shoot_gun_Glory_shoot_gun_h_nm_np1_fr_goo_12.pt,shoot_gun,36
/data/dev/projects/ai/Trackey/trackey/research/EXTRACTED_HMDB51_FEATURES/shoot_gun_Glory_shoot_gun_u_nm_np1_fr_goo_11.pt,shoot_gun,36
/data/dev/projects/ai/Trackey/trackey/research/EXTRACTED_HMDB51_FEATURES/shoot_gun_Glory_shoot_gun_u_nm_np1_fr_med_48.pt,shoot_gun,36
/data/dev/projects/ai/Trackey/trackey/research/EXTRACTED_HMDB51_FEATURES/shoot_gun_Glory_shoot_gun_u_nm_np1_le_med_45.pt,shoot_gun,36
/data/dev/projects/ai/Trackey/trackey/research/EXTRACTED_HMDB51_FEATURES/shoot_gun_Glory_shoot_gun_u_nm_np1_le_med_47.pt,shoot_gun,36
/data/dev/projects/ai/Trackey/trackey/research/EXTRACTED_HMDB51_FEATURES/shoot_gun_Glory_shoot_gun_u_nm_np2_le_med_57.pt,shoot_gun,36
/data/dev/projects/ai/Trackey/trackey/research/EXTRACTED_HMDB51_FEATURES/shoot_gun_Hip_Firing_the_SAW_shoot_gun_u_cm_np1_ba_med_0.pt,shoot_gun,36
/data/dev/projects/ai/Trackey/trackey/research/EXTRACTED_HMDB51_FEATURES/shoot_gun_Hip_Firing_the_SAW_shoot_gun_u_cm_np1_ba_med_1.pt,shoot_gun,36
/data/dev/projects/ai/Trackey/trackey/research/EXTRACTED_HMDB51_FEATURES/shoot_gun_Hip_Firing_the_SAW_shoot_gun_u_cm_np1_ba_med_2.pt,shoot_gun,36
/data/dev/projects/ai/Trackey/trackey/research/EXTRACTED_HMDB51_FEATURES/shoot_gun_Italian_Job_1_shoot_gun_u_cm_np1_fr_med_4.pt,shoot_gun,36
/data/dev/projects/ai/Trackey/trackey/research/EXTRACTED_HMDB51_FEATURES/shoot_gun_Italian_Job_1_shoot_gun_u_nm_np1_fr_med_3.pt,shoot_gun,36
/data/dev/projects/ai/Trackey/trackey/research/EXTRACTED_HMDB51_FEATURES/shoot_gun_Italian_Job_2_shoot_gun_u_nm_np1_fr_med_0.pt,shoot_gun,36
/data/dev/projects/ai/Trackey/trackey/research/EXTRACTED_HMDB51_FEATURES/shoot_gun_Italian_Job_2_shoot_gun_u_nm_np1_ri_med_1.pt,shoot_gun,36
/data/dev/projects/ai/Trackey/trackey/research/EXTRACTED_HMDB51_FEATURES/shoot_gun_MeShootin2_shoot_gun_u_nm_np1_ri_med_0.pt,shoot_gun,36
/data/dev/projects/ai/Trackey/trackey/research/EXTRACTED_HMDB51_FEATURES/shoot_gun_MeShootin2_shoot_gun_u_nm_np1_ri_med_1.pt,shoot_gun,36
/data/dev/projects/ai/Trackey/trackey/research/EXTRACTED_HMDB51_FEATURES/shoot_gun_MeShootin2_shoot_gun_u_nm_np1_ri_med_2.pt,shoot_gun,36
/data/dev/projects/ai/Trackey/trackey/research/EXTRACTED_HMDB51_FEATURES/shoot_gun_Pirates_5_shoot_gun_h_nm_np1_le_goo_2.pt,shoot_gun,36
/data/dev/projects/ai/Trackey/trackey/research/EXTRACTED_HMDB51_FEATURES/shoot_gun_Pirates_5_shoot_gun_u_nm_np1_fr_goo_4.pt,shoot_gun,36
/data/dev/projects/ai/Trackey/trackey/research/EXTRACTED_HMDB51_FEATURES/shoot_gun_Shootingagunforthefirsttimeever_shoot_gun_u_cm_np1_ri_med_0.pt,shoot_gun,36
/data/dev/projects/ai/Trackey/trackey/research/EXTRACTED_HMDB51_FEATURES/shoot_gun_Shootingagunforthefirsttimeever_shoot_gun_u_cm_np1_ri_med_1.pt,shoot_gun,36
/data/dev/projects/ai/Trackey/trackey/research/EXTRACTED_HMDB51_FEATURES/shoot_gun_Shootingattherange_shoot_gun_f_cm_np1_ri_med_2.pt,shoot_gun,36
/data/dev/projects/ai/Trackey/trackey/research/EXTRACTED_HMDB51_FEATURES/shoot_gun_Shootingattherange_shoot_gun_f_nm_np1_ri_med_0.pt,shoot_gun,36
/data/dev/projects/ai/Trackey/trackey/research/EXTRACTED_HMDB51_FEATURES/shoot_gun_Shootingattherange_shoot_gun_f_nm_np1_ri_med_3.pt,shoot_gun,36
/data/dev/projects/ai/Trackey/trackey/research/EXTRACTED_HMDB51_FEATURES/shoot_gun_Shootingattherange_shoot_gun_u_nm_np1_ri_med_1.pt,shoot_gun,36
/data/dev/projects/ai/Trackey/trackey/research/EXTRACTED_HMDB51_FEATURES/shoot_gun_TanyaShooting_shoot_gun_u_cm_np1_ri_med_2.pt,shoot_gun,36
/data/dev/projects/ai/Trackey/trackey/research/EXTRACTED_HMDB51_FEATURES/shoot_gun_TanyaShooting_shoot_gun_u_nm_np1_ba_med_0.pt,shoot_gun,36
/data/dev/projects/ai/Trackey/trackey/research/EXTRACTED_HMDB51_FEATURES/shoot_gun_TanyaShooting_shoot_gun_u_nm_np1_ba_med_1.pt,shoot_gun,36
/data/dev/projects/ai/Trackey/trackey/research/EXTRACTED_HMDB51_FEATURES/shoot_gun_TanyaShooting_shoot_gun_u_nm_np1_ri_med_3.pt,shoot_gun,36
/data/dev/projects/ai/Trackey/trackey/research/EXTRACTED_HMDB51_FEATURES/shoot_gun_TanyaShooting_shoot_gun_u_nm_np1_ri_med_4.pt,shoot_gun,36
/data/dev/projects/ai/Trackey/trackey/research/EXTRACTED_HMDB51_FEATURES/shoot_gun_TheBoondockSaints_shoot_gun_u_cm_np1_fr_med_107.pt,shoot_gun,36
/data/dev/projects/ai/Trackey/trackey/research/EXTRACTED_HMDB51_FEATURES/shoot_gun_TheBoondockSaints_shoot_gun_u_cm_np1_ri_med_109.pt,shoot_gun,36
/data/dev/projects/ai/Trackey/trackey/research/EXTRACTED_HMDB51_FEATURES/shoot_gun_The_Matrix_4_shoot_gun_u_nm_np2_fr_goo_2.pt,shoot_gun,36
/data/dev/projects/ai/Trackey/trackey/research/EXTRACTED_HMDB51_FEATURES/shoot_gun_The_Matrix_5_shoot_gun_f_nm_np4_le_med_3.pt,shoot_gun,36
/data/dev/projects/ai/Trackey/trackey/research/EXTRACTED_HMDB51_FEATURES/shoot_gun_The_Matrix_5_shoot_gun_h_cm_np1_fr_goo_5.pt,shoot_gun,36
/data/dev/projects/ai/Trackey/trackey/research/EXTRACTED_HMDB51_FEATURES/shoot_gun_The_Matrix_5_shoot_gun_h_nm_np1_fr_goo_8.pt,shoot_gun,36
/data/dev/projects/ai/Trackey/trackey/research/EXTRACTED_HMDB51_FEATURES/shoot_gun_The_Matrix_5_shoot_gun_u_cm_np1_fr_goo_2.pt,shoot_gun,36
/data/dev/projects/ai/Trackey/trackey/research/EXTRACTED_HMDB51_FEATURES/shoot_gun_The_Matrix_5_shoot_gun_u_cm_np1_fr_goo_4.pt,shoot_gun,36
/data/dev/projects/ai/Trackey/trackey/research/EXTRACTED_HMDB51_FEATURES/shoot_gun_The_Matrix_5_shoot_gun_u_nm_np1_fr_med_9.pt,shoot_gun,36
/data/dev/projects/ai/Trackey/trackey/research/EXTRACTED_HMDB51_FEATURES/shoot_gun_The_Matrix_6_shoot_gun_f_nm_np1_ba_med_3.pt,shoot_gun,36
/data/dev/projects/ai/Trackey/trackey/research/EXTRACTED_HMDB51_FEATURES/shoot_gun_The_Matrix_6_shoot_gun_u_nm_np1_ri_goo_4.pt,shoot_gun,36
/data/dev/projects/ai/Trackey/trackey/research/EXTRACTED_HMDB51_FEATURES/shoot_gun_The_Matrix_6_shoot_gun_u_nm_np3_fr_goo_5.pt,shoot_gun,36
/data/dev/projects/ai/Trackey/trackey/research/EXTRACTED_HMDB51_FEATURES/shoot_gun_TiffanywithSpringfieldArmoryXD9_shoot_gun_u_nm_np1_ri_med_0.pt,shoot_gun,36
/data/dev/projects/ai/Trackey/trackey/research/EXTRACTED_HMDB51_FEATURES/shoot_gun_TiffanywithSpringfieldArmoryXD9_shoot_gun_u_nm_np1_ri_med_1.pt,shoot_gun,36
/data/dev/projects/ai/Trackey/trackey/research/EXTRACTED_HMDB51_FEATURES/shoot_gun_TiffanywithSpringfieldArmoryXD9_shoot_gun_u_nm_np1_ri_med_2.pt,shoot_gun,36
/data/dev/projects/ai/Trackey/trackey/research/EXTRACTED_HMDB51_FEATURES/shoot_gun_TiffanywithSpringfieldArmoryXD9_shoot_gun_u_nm_np1_ri_med_3.pt,shoot_gun,36
/data/dev/projects/ai/Trackey/trackey/research/EXTRACTED_HMDB51_FEATURES/shoot_gun_Todd_Jarrett_on_pistol_shooting_shoot_gun_u_nm_np1_fr_med_0.pt,shoot_gun,36
/data/dev/projects/ai/Trackey/trackey/research/EXTRACTED_HMDB51_FEATURES/shoot_gun_Veoh_Alpha_Dog_1_shoot_gun_f_nm_np3_fr_med_16.pt,shoot_gun,36
/data/dev/projects/ai/Trackey/trackey/research/EXTRACTED_HMDB51_FEATURES/shoot_gun_Veoh_Alpha_Dog_1_shoot_gun_u_nm_np1_fr_goo_18.pt,shoot_gun,36
/data/dev/projects/ai/Trackey/trackey/research/EXTRACTED_HMDB51_FEATURES/shoot_gun_Veoh_Alpha_Dog_2_shoot_gun_u_nm_np1_fr_med_21.pt,shoot_gun,36
/data/dev/projects/ai/Trackey/trackey/research/EXTRACTED_HMDB51_FEATURES/shoot_gun_deserteagle_shoot_gun_u_cm_np1_ri_goo_0.pt,shoot_gun,36
/data/dev/projects/ai/Trackey/trackey/research/EXTRACTED_HMDB51_FEATURES/shoot_gun_dualdeserteagle_shoot_gun_f_cm_np1_le_med_0.pt,shoot_gun,36
/data/dev/projects/ai/Trackey/trackey/research/EXTRACTED_HMDB51_FEATURES/shoot_gun_fastestgunalive_shoot_gun_f_cm_np1_fr_med_0.pt,shoot_gun,36
/data/dev/projects/ai/Trackey/trackey/research/EXTRACTED_HMDB51_FEATURES/shoot_gun_fastestgunalive_shoot_gun_u_cm_np1_ba_med_1.pt,shoot_gun,36
/data/dev/projects/ai/Trackey/trackey/research/EXTRACTED_HMDB51_FEATURES/shoot_gun_fastestgunalive_shoot_gun_u_cm_np1_fr_med_2.pt,shoot_gun,36
/data/dev/projects/ai/Trackey/trackey/research/EXTRACTED_HMDB51_FEATURES/shoot_gun_fastestgunalive_shoot_gun_u_cm_np1_fr_med_3.pt,shoot_gun,36
/data/dev/projects/ai/Trackey/trackey/research/EXTRACTED_HMDB51_FEATURES/shoot_gun_shooting_shoot_gun_u_nm_np1_le_med_0.pt,shoot_gun,36
/data/dev/projects/ai/Trackey/trackey/research/EXTRACTED_HMDB51_FEATURES/shoot_gun_shooting_shoot_gun_u_nm_np1_le_med_1.pt,shoot_gun,36
/data/dev/projects/ai/Trackey/trackey/research/EXTRACTED_HMDB51_FEATURES/shoot_gun_shooting_shoot_gun_u_nm_np1_le_med_2.pt,shoot_gun,36
/data/dev/projects/ai/Trackey/trackey/research/EXTRACTED_HMDB51_FEATURES/shoot_gun_shooting_shoot_gun_u_nm_np1_le_med_3.pt,shoot_gun,36
/data/dev/projects/ai/Trackey/trackey/research/EXTRACTED_HMDB51_FEATURES/shoot_gun_shooting_shoot_gun_u_nm_np1_le_med_4.pt,shoot_gun,36
/data/dev/projects/ai/Trackey/trackey/research/EXTRACTED_HMDB51_FEATURES/shoot_gun_shooting_shoot_gun_u_nm_np1_le_med_5.pt,shoot_gun,36
/data/dev/projects/ai/Trackey/trackey/research/EXTRACTED_HMDB51_FEATURES/shoot_gun_shooting_shoot_gun_u_nm_np1_le_med_6.pt,shoot_gun,36
/data/dev/projects/ai/Trackey/trackey/research/EXTRACTED_HMDB51_FEATURES/shoot_gun_shooting_shoot_gun_u_nm_np1_le_med_7.pt,shoot_gun,36
/data/dev/projects/ai/Trackey/trackey/research/EXTRACTED_HMDB51_FEATURES/shoot_gun_shooting_shoot_gun_u_nm_np1_le_med_8.pt,shoot_gun,36
/data/dev/projects/ai/Trackey/trackey/research/EXTRACTED_HMDB51_FEATURES/sit_20060723sfjffsomelikeitwarmed_sit_u_nm_np1_fr_goo_1.pt,sit,37
/data/dev/projects/ai/Trackey/trackey/research/EXTRACTED_HMDB51_FEATURES/sit_50_FIRST_DATES_sit_f_cm_np1_fr_med_24.pt,sit,37
/data/dev/projects/ai/Trackey/trackey/research/EXTRACTED_HMDB51_FEATURES/sit_50_FIRST_DATES_sit_f_nm_np1_le_med_4.pt,sit,37
/data/dev/projects/ai/Trackey/trackey/research/EXTRACTED_HMDB51_FEATURES/sit_AMADEUS_sit_u_nm_np1_fr_med_4.pt,sit,37
/data/dev/projects/ai/Trackey/trackey/research/EXTRACTED_HMDB51_FEATURES/sit_A_Beautiful_Mind_3_sit_f_cm_np1_fr_med_6.pt,sit,37
/data/dev/projects/ai/Trackey/trackey/research/EXTRACTED_HMDB51_FEATURES/sit_A_Beautiful_Mind_3_sit_f_cm_np1_le_med_4.pt,sit,37
/data/dev/projects/ai/Trackey/trackey/research/EXTRACTED_HMDB51_FEATURES/sit_A_Beautiful_Mind_5_sit_u_cm_np1_ri_med_1.pt,sit,37
/data/dev/projects/ai/Trackey/trackey/research/EXTRACTED_HMDB51_FEATURES/sit_AboutABoy_sit_u_cm_np1_ri_med_1.pt,sit,37
/data/dev/projects/ai/Trackey/trackey/research/EXTRACTED_HMDB51_FEATURES/sit_AgentCodyBanks_sit_u_cm_np1_fr_goo_4.pt,sit,37
/data/dev/projects/ai/Trackey/trackey/research/EXTRACTED_HMDB51_FEATURES/sit_AllThePresidentMen_sit_f_nm_np1_fr_goo_3.pt,sit,37
/data/dev/projects/ai/Trackey/trackey/research/EXTRACTED_HMDB51_FEATURES/sit_AllThePresidentMen_sit_f_nm_np1_ri_med_7.pt,sit,37
/data/dev/projects/ai/Trackey/trackey/research/EXTRACTED_HMDB51_FEATURES/sit_AmericanGangster_sit_f_cm_np1_fr_med_70.pt,sit,37
/data/dev/projects/ai/Trackey/trackey/research/EXTRACTED_HMDB51_FEATURES/sit_AmericanGangster_sit_f_cm_np1_le_bad_11.pt,sit,37
/data/dev/projects/ai/Trackey/trackey/research/EXTRACTED_HMDB51_FEATURES/sit_AmericanGangster_sit_f_cm_np1_le_med_43.pt,sit,37
/data/dev/projects/ai/Trackey/trackey/research/EXTRACTED_HMDB51_FEATURES/sit_AmericanGangster_sit_f_cm_np2_fr_med_59.pt,sit,37
/data/dev/projects/ai/Trackey/trackey/research/EXTRACTED_HMDB51_FEATURES/sit_AmericanGangster_sit_u_cm_np1_ba_bad_16.pt,sit,37
/data/dev/projects/ai/Trackey/trackey/research/EXTRACTED_HMDB51_FEATURES/sit_AmericanGangster_sit_u_cm_np1_fr_med_26.pt,sit,37
/data/dev/projects/ai/Trackey/trackey/research/EXTRACTED_HMDB51_FEATURES/sit_AmericanGangster_sit_u_cm_np1_le_med_61.pt,sit,37
/data/dev/projects/ai/Trackey/trackey/research/EXTRACTED_HMDB51_FEATURES/sit_AmericanGangster_sit_u_cm_np1_ri_bad_10.pt,sit,37
/data/dev/projects/ai/Trackey/trackey/research/EXTRACTED_HMDB51_FEATURES/sit_AmericanGangster_sit_u_cm_np1_ri_med_25.pt,sit,37
/data/dev/projects/ai/Trackey/trackey/research/EXTRACTED_HMDB51_FEATURES/sit_AmericanGangster_sit_u_nm_np1_fr_med_29.pt,sit,37
/data/dev/projects/ai/Trackey/trackey/research/EXTRACTED_HMDB51_FEATURES/sit_American_History_X_sit_f_cm_np1_le_med_27.pt,sit,37
/data/dev/projects/ai/Trackey/trackey/research/EXTRACTED_HMDB51_FEATURES/sit_American_History_X_sit_f_nm_np1_fr_med_24.pt,sit,37
/data/dev/projects/ai/Trackey/trackey/research/EXTRACTED_HMDB51_FEATURES/sit_American_History_X_sit_u_cm_np1_fr_goo_39.pt,sit,37
/data/dev/projects/ai/Trackey/trackey/research/EXTRACTED_HMDB51_FEATURES/sit_American_History_X_sit_u_cm_np1_fr_med_6.pt,sit,37
/data/dev/projects/ai/Trackey/trackey/research/EXTRACTED_HMDB51_FEATURES/sit_American_History_X_sit_u_cm_np1_fr_med_8.pt,sit,37
/data/dev/projects/ai/Trackey/trackey/research/EXTRACTED_HMDB51_FEATURES/sit_BATMAN_BEGINS_sit_u_cm_np1_ba_med_10.pt,sit,37
/data/dev/projects/ai/Trackey/trackey/research/EXTRACTED_HMDB51_FEATURES/sit_BIG_FISH_sit_f_nm_np1_fr_med_17.pt,sit,37
/data/dev/projects/ai/Trackey/trackey/research/EXTRACTED_HMDB51_FEATURES/sit_BLACK_HAWK_DOWN_sit_u_cm_np1_ri_med_2.pt,sit,37
/data/dev/projects/ai/Trackey/trackey/research/EXTRACTED_HMDB51_FEATURES/sit_BRIDGETOTERABITHIA_sit_f_nm_np1_fr_med_0.pt,sit,37
/data/dev/projects/ai/Trackey/trackey/research/EXTRACTED_HMDB51_FEATURES/sit_BRIDGETOTERABITHIA_sit_u_nm_np1_fr_med_4.pt,sit,37
/data/dev/projects/ai/Trackey/trackey/research/EXTRACTED_HMDB51_FEATURES/sit_CastAway1_sit_f_nm_np1_le_med_25.pt,sit,37
/data/dev/projects/ai/Trackey/trackey/research/EXTRACTED_HMDB51_FEATURES/sit_CastAway2_sit_f_cm_np1_ri_med_2.pt,sit,37
/data/dev/projects/ai/Trackey/trackey/research/EXTRACTED_HMDB51_FEATURES/sit_Catch_Me_If_You_Can_sit_u_cm_np1_fr_med_6.pt,sit,37
/data/dev/projects/ai/Trackey/trackey/research/EXTRACTED_HMDB51_FEATURES/sit_CharlieAndTheChocolateFactory_sit_f_nm_np1_fr_med_3.pt,sit,37
/data/dev/projects/ai/Trackey/trackey/research/EXTRACTED_HMDB51_FEATURES/sit_CharlieAndTheChocolateFactory_sit_f_nm_np1_le_med_7.pt,sit,37
/data/dev/projects/ai/Trackey/trackey/research/EXTRACTED_HMDB51_FEATURES/sit_Crash_sit_f_cm_np1_fr_med_5.pt,sit,37
/data/dev/projects/ai/Trackey/trackey/research/EXTRACTED_HMDB51_FEATURES/sit_Crash_sit_u_cm_np1_fr_med_19.pt,sit,37
/data/dev/projects/ai/Trackey/trackey/research/EXTRACTED_HMDB51_FEATURES/sit_Crash_sit_u_cm_np1_ri_med_22.pt,sit,37
/data/dev/projects/ai/Trackey/trackey/research/EXTRACTED_HMDB51_FEATURES/sit_Crash_sit_u_nm_np1_le_goo_26.pt,sit,37
/data/dev/projects/ai/Trackey/trackey/research/EXTRACTED_HMDB51_FEATURES/sit_EasternPromises_sit_f_cm_np1_ri_med_3.pt,sit,37
/data/dev/projects/ai/Trackey/trackey/research/EXTRACTED_HMDB51_FEATURES/sit_EasternPromises_sit_f_nm_np1_fr_med_2.pt,sit,37
/data/dev/projects/ai/Trackey/trackey/research/EXTRACTED_HMDB51_FEATURES/sit_EasternPromises_sit_f_nm_np1_ri_med_4.pt,sit,37
/data/dev/projects/ai/Trackey/trackey/research/EXTRACTED_HMDB51_FEATURES/sit_Eurotrip_sit_u_cm_np1_fr_med_0.pt,sit,37
/data/dev/projects/ai/Trackey/trackey/research/EXTRACTED_HMDB51_FEATURES/sit_Eurotrip_sit_u_nm_np1_fr_goo_2.pt,sit,37
/data/dev/projects/ai/Trackey/trackey/research/EXTRACTED_HMDB51_FEATURES/sit_Eurotrip_sit_u_nm_np1_fr_goo_3.pt,sit,37
/data/dev/projects/ai/Trackey/trackey/research/EXTRACTED_HMDB51_FEATURES/sit_Finding_Forrester_1_sit_u_cm_np1_le_med_9.pt,sit,37
/data/dev/projects/ai/Trackey/trackey/research/EXTRACTED_HMDB51_FEATURES/sit_Finding_Forrester_2_sit_u_cm_np1_ri_bad_3.pt,sit,37
/data/dev/projects/ai/Trackey/trackey/research/EXTRACTED_HMDB51_FEATURES/sit_Finding_Forrester_4_sit_u_cm_np1_fr_med_3.pt,sit,37
/data/dev/projects/ai/Trackey/trackey/research/EXTRACTED_HMDB51_FEATURES/sit_Finding_Forrester_5_sit_u_cm_np1_fr_med_2.pt,sit,37
/data/dev/projects/ai/Trackey/trackey/research/EXTRACTED_HMDB51_FEATURES/sit_Glory_sit_u_cm_np1_le_med_27.pt,sit,37
/data/dev/projects/ai/Trackey/trackey/research/EXTRACTED_HMDB51_FEATURES/sit_HP_PRISONER_OF_AZKABAN_sit_f_cm_np1_fr_med_20.pt,sit,37
/data/dev/projects/ai/Trackey/trackey/research/EXTRACTED_HMDB51_FEATURES/sit_HP_PRISONER_OF_AZKABAN_sit_f_cm_np1_fr_med_3.pt,sit,37
/data/dev/projects/ai/Trackey/trackey/research/EXTRACTED_HMDB51_FEATURES/sit_HP_PRISONER_OF_AZKABAN_sit_f_cm_np1_le_bad_16.pt,sit,37
/data/dev/projects/ai/Trackey/trackey/research/EXTRACTED_HMDB51_FEATURES/sit_HP_PRISONER_OF_AZKABAN_sit_f_cm_np1_le_med_1.pt,sit,37
/data/dev/projects/ai/Trackey/trackey/research/EXTRACTED_HMDB51_FEATURES/sit_HP_PRISONER_OF_AZKABAN_sit_u_cm_np1_ri_med_10.pt,sit,37
/data/dev/projects/ai/Trackey/trackey/research/EXTRACTED_HMDB51_FEATURES/sit_Hitch_Part_2_sit_u_cm_np1_le_med_9.pt,sit,37
/data/dev/projects/ai/Trackey/trackey/research/EXTRACTED_HMDB51_FEATURES/sit_IamLegendII_sit_f_cm_np1_fr_med_7.pt,sit,37
/data/dev/projects/ai/Trackey/trackey/research/EXTRACTED_HMDB51_FEATURES/sit_IamLegendII_sit_f_nm_np1_le_med_4.pt,sit,37
/data/dev/projects/ai/Trackey/trackey/research/EXTRACTED_HMDB51_FEATURES/sit_IamLegend_sit_f_cm_np1_fr_med_21.pt,sit,37
/data/dev/projects/ai/Trackey/trackey/research/EXTRACTED_HMDB51_FEATURES/sit_IamLegend_sit_f_cm_np1_fr_med_24.pt,sit,37
/data/dev/projects/ai/Trackey/trackey/research/EXTRACTED_HMDB51_FEATURES/sit_IamLegend_sit_f_nm_np1_le_med_1.pt,sit,37
/data/dev/projects/ai/Trackey/trackey/research/EXTRACTED_HMDB51_FEATURES/sit_IamLegend_sit_u_cm_np1_ri_med_11.pt,sit,37
/data/dev/projects/ai/Trackey/trackey/research/EXTRACTED_HMDB51_FEATURES/sit_IndianaJonesandTheTempleofDoom_sit_u_nm_np1_fr_med_0.pt,sit,37
/data/dev/projects/ai/Trackey/trackey/research/EXTRACTED_HMDB51_FEATURES/sit_Juno_sit_f_cm_np1_fr_med_4.pt,sit,37
/data/dev/projects/ai/Trackey/trackey/research/EXTRACTED_HMDB51_FEATURES/sit_Juno_sit_u_cm_np1_fr_goo_7.pt,sit,37
/data/dev/projects/ai/Trackey/trackey/research/EXTRACTED_HMDB51_FEATURES/sit_KUNG_FU_HUSTLE_sit_f_nm_np1_fr_med_43.pt,sit,37
/data/dev/projects/ai/Trackey/trackey/research/EXTRACTED_HMDB51_FEATURES/sit_LONGESTYARD_sit_f_nm_np1_ba_med_29.pt,sit,37
/data/dev/projects/ai/Trackey/trackey/research/EXTRACTED_HMDB51_FEATURES/sit_LONGESTYARD_sit_u_nm_np1_ba_med_8.pt,sit,37
/data/dev/projects/ai/Trackey/trackey/research/EXTRACTED_HMDB51_FEATURES/sit_Man_Who_Cheated_Himself_512kb_sit_u_cm_np1_fr_med_3.pt,sit,37
/data/dev/projects/ai/Trackey/trackey/research/EXTRACTED_HMDB51_FEATURES/sit_Man_Who_Cheated_Himself_512kb_sit_u_cm_np1_ri_med_6.pt,sit,37
/data/dev/projects/ai/Trackey/trackey/research/EXTRACTED_HMDB51_FEATURES/sit_NOVA_ELEGANTUNIVERSE3_sit_f_nm_np1_fr_med_2.pt,sit,37
/data/dev/projects/ai/Trackey/trackey/research/EXTRACTED_HMDB51_FEATURES/sit_NoCountryForOldMen_sit_f_nm_np1_fr_goo_4.pt,sit,37
/data/dev/projects/ai/Trackey/trackey/research/EXTRACTED_HMDB51_FEATURES/sit_NoCountryForOldMen_sit_f_nm_np1_ri_med_6.pt,sit,37
/data/dev/projects/ai/Trackey/trackey/research/EXTRACTED_HMDB51_FEATURES/sit_NoCountryForOldMen_sit_u_nm_np1_fr_goo_1.pt,sit,37
/data/dev/projects/ai/Trackey/trackey/research/EXTRACTED_HMDB51_FEATURES/sit_Oceans11_sit_u_nm_np1_fr_med_0.pt,sit,37
/data/dev/projects/ai/Trackey/trackey/research/EXTRACTED_HMDB51_FEATURES/sit_Oceans12_sit_h_cm_np1_le_goo_16.pt,sit,37
/data/dev/projects/ai/Trackey/trackey/research/EXTRACTED_HMDB51_FEATURES/sit_Oceans12_sit_u_cm_np1_le_med_0.pt,sit,37
/data/dev/projects/ai/Trackey/trackey/research/EXTRACTED_HMDB51_FEATURES/sit_Oceans13_sit_u_nm_np1_fr_med_1.pt,sit,37
/data/dev/projects/ai/Trackey/trackey/research/EXTRACTED_HMDB51_FEATURES/sit_Panic_in_the_Streets_sit_f_nm_np1_le_med_7.pt,sit,37
/data/dev/projects/ai/Trackey/trackey/research/EXTRACTED_HMDB51_FEATURES/sit_Pirates_5_sit_f_nm_np1_fr_med_11.pt,sit,37
/data/dev/projects/ai/Trackey/trackey/research/EXTRACTED_HMDB51_FEATURES/sit_Prelinger_ActYourA1949_sit_u_cm_np1_ri_med_2.pt,sit,37
/data/dev/projects/ai/Trackey/trackey/research/EXTRACTED_HMDB51_FEATURES/sit_Prelinger_FamilyLi1949_sit_f_cm_np1_fr_med_0.pt,sit,37
/data/dev/projects/ai/Trackey/trackey/research/EXTRACTED_HMDB51_FEATURES/sit_Prelinger_HabitPat1954_sit_u_cm_np1_le_med_8.pt,sit,37
/data/dev/projects/ai/Trackey/trackey/research/EXTRACTED_HMDB51_FEATURES/sit_Prelinger_LetYours1940_sit_u_nm_np1_fr_med_0.pt,sit,37
/data/dev/projects/ai/Trackey/trackey/research/EXTRACTED_HMDB51_FEATURES/sit_RATRACE_sit_f_cm_np1_ri_goo_33.pt,sit,37
/data/dev/projects/ai/Trackey/trackey/research/EXTRACTED_HMDB51_FEATURES/sit_RETURN_OF_THE_KING_sit_f_nm_np1_le_bad_8.pt,sit,37
/data/dev/projects/ai/Trackey/trackey/research/EXTRACTED_HMDB51_FEATURES/sit_RETURN_OF_THE_KING_sit_u_cm_np1_le_med_7.pt,sit,37
/data/dev/projects/ai/Trackey/trackey/research/EXTRACTED_HMDB51_FEATURES/sit_RomeEpisode1_sit_u_cm_np1_fr_goo_1.pt,sit,37
/data/dev/projects/ai/Trackey/trackey/research/EXTRACTED_HMDB51_FEATURES/sit_SellingasaCareer_sit_u_nm_np1_ri_med_3.pt,sit,37
/data/dev/projects/ai/Trackey/trackey/research/EXTRACTED_HMDB51_FEATURES/sit_Shadow_of_a_Doubt_sit_u_cm_np1_fr_med_11.pt,sit,37
/data/dev/projects/ai/Trackey/trackey/research/EXTRACTED_HMDB51_FEATURES/sit_Sixthsense_sit_u_cm_np1_fr_med_3.pt,sit,37
/data/dev/projects/ai/Trackey/trackey/research/EXTRACTED_HMDB51_FEATURES/sit_SweeneyTodd_sit_f_cm_np1_fr_bad_16.pt,sit,37
/data/dev/projects/ai/Trackey/trackey/research/EXTRACTED_HMDB51_FEATURES/sit_SweeneyTodd_sit_f_nm_np1_fr_bad_34.pt,sit,37
/data/dev/projects/ai/Trackey/trackey/research/EXTRACTED_HMDB51_FEATURES/sit_SweeneyTodd_sit_u_cm_np1_fr_med_14.pt,sit,37
/data/dev/projects/ai/Trackey/trackey/research/EXTRACTED_HMDB51_FEATURES/sit_SweeneyTodd_sit_u_cm_np1_fr_med_21.pt,sit,37
/data/dev/projects/ai/Trackey/trackey/research/EXTRACTED_HMDB51_FEATURES/sit_SweeneyTodd_sit_u_cm_np1_le_med_19.pt,sit,37
/data/dev/projects/ai/Trackey/trackey/research/EXTRACTED_HMDB51_FEATURES/sit_SweeneyTodd_sit_u_nm_np1_le_med_20.pt,sit,37
/data/dev/projects/ai/Trackey/trackey/research/EXTRACTED_HMDB51_FEATURES/sit_TheBoondockSaints_sit_f_cm_np1_ri_med_42.pt,sit,37
/data/dev/projects/ai/Trackey/trackey/research/EXTRACTED_HMDB51_FEATURES/sit_TheBoondockSaints_sit_f_nm_np1_fr_med_71.pt,sit,37
/data/dev/projects/ai/Trackey/trackey/research/EXTRACTED_HMDB51_FEATURES/sit_TheBoondockSaints_sit_u_cm_np1_fr_bad_56.pt,sit,37
/data/dev/projects/ai/Trackey/trackey/research/EXTRACTED_HMDB51_FEATURES/sit_TheBoondockSaints_sit_u_cm_np1_fr_med_29.pt,sit,37
/data/dev/projects/ai/Trackey/trackey/research/EXTRACTED_HMDB51_FEATURES/sit_TheBoondockSaints_sit_u_cm_np1_fr_med_34.pt,sit,37
/data/dev/projects/ai/Trackey/trackey/research/EXTRACTED_HMDB51_FEATURES/sit_TheBoondockSaints_sit_u_cm_np1_le_med_15.pt,sit,37
/data/dev/projects/ai/Trackey/trackey/research/EXTRACTED_HMDB51_FEATURES/sit_TheBoondockSaints_sit_u_nm_np10_ba_med_0.pt,sit,37
/data/dev/projects/ai/Trackey/trackey/research/EXTRACTED_HMDB51_FEATURES/sit_TheLastManOnearth_sit_f_nm_np1_ri_med_51.pt,sit,37
/data/dev/projects/ai/Trackey/trackey/research/EXTRACTED_HMDB51_FEATURES/sit_TheLastManOnearth_sit_u_cm_np1_fr_med_23.pt,sit,37
/data/dev/projects/ai/Trackey/trackey/research/EXTRACTED_HMDB51_FEATURES/sit_TheLastManOnearth_sit_u_cm_np1_fr_med_52.pt,sit,37
/data/dev/projects/ai/Trackey/trackey/research/EXTRACTED_HMDB51_FEATURES/sit_TheLastManOnearth_sit_u_nm_np1_ri_med_5.pt,sit,37
/data/dev/projects/ai/Trackey/trackey/research/EXTRACTED_HMDB51_FEATURES/sit_TheLittleShopofHorrors_sit_f_nm_np1_ri_med_7.pt,sit,37
/data/dev/projects/ai/Trackey/trackey/research/EXTRACTED_HMDB51_FEATURES/sit_TheLittleShopofHorrors_sit_u_cm_np1_fr_med_4.pt,sit,37
/data/dev/projects/ai/Trackey/trackey/research/EXTRACTED_HMDB51_FEATURES/sit_ThePerfectScore_sit_u_cm_np1_fr_med_0.pt,sit,37
/data/dev/projects/ai/Trackey/trackey/research/EXTRACTED_HMDB51_FEATURES/sit_ThePerfectScore_sit_u_cm_np1_fr_med_1.pt,sit,37
/data/dev/projects/ai/Trackey/trackey/research/EXTRACTED_HMDB51_FEATURES/sit_ThePerfectScore_sit_u_cm_np1_fr_med_2.pt,sit,37
/data/dev/projects/ai/Trackey/trackey/research/EXTRACTED_HMDB51_FEATURES/sit_ThePerfectScore_sit_u_cm_np1_fr_med_7.pt,sit,37
/data/dev/projects/ai/Trackey/trackey/research/EXTRACTED_HMDB51_FEATURES/sit_ThePerfectScore_sit_u_nm_np1_ri_med_10.pt,sit,37
/data/dev/projects/ai/Trackey/trackey/research/EXTRACTED_HMDB51_FEATURES/sit_TheRoyalTenenbaums_sit_u_nm_np1_fr_med_2.pt,sit,37
/data/dev/projects/ai/Trackey/trackey/research/EXTRACTED_HMDB51_FEATURES/sit_TheRoyalTenenbaums_sit_u_nm_np1_fr_med_4.pt,sit,37
/data/dev/projects/ai/Trackey/trackey/research/EXTRACTED_HMDB51_FEATURES/sit_The_Departed_-_Part_1_sit_u_nm_np1_fr_med_9.pt,sit,37
/data/dev/projects/ai/Trackey/trackey/research/EXTRACTED_HMDB51_FEATURES/sit_The_Departed_-_Part_2_sit_u_nm_np1_fr_goo_1.pt,sit,37
/data/dev/projects/ai/Trackey/trackey/research/EXTRACTED_HMDB51_FEATURES/sit_The_Fugitive_2_sit_f_cm_np1_fr_med_8.pt,sit,37
/data/dev/projects/ai/Trackey/trackey/research/EXTRACTED_HMDB51_FEATURES/sit_The_House_on_Haunted_Hill_sit_u_cm_np1_fr_med_17.pt,sit,37
/data/dev/projects/ai/Trackey/trackey/research/EXTRACTED_HMDB51_FEATURES/sit_ThreeStories_sit_u_cm_np1_fr_med_1.pt,sit,37
/data/dev/projects/ai/Trackey/trackey/research/EXTRACTED_HMDB51_FEATURES/sit_TrumanShow_sit_f_cm_np1_ri_med_15.pt,sit,37
/data/dev/projects/ai/Trackey/trackey/research/EXTRACTED_HMDB51_FEATURES/sit_TrumanShow_sit_f_nm_np1_le_med_37.pt,sit,37
/data/dev/projects/ai/Trackey/trackey/research/EXTRACTED_HMDB51_FEATURES/sit_TrumanShow_sit_u_nm_np1_fr_med_14.pt,sit,37
/data/dev/projects/ai/Trackey/trackey/research/EXTRACTED_HMDB51_FEATURES/sit_Veoh_Alpha_Dog_2_sit_f_nm_np1_fr_med_0.pt,sit,37
/data/dev/projects/ai/Trackey/trackey/research/EXTRACTED_HMDB51_FEATURES/sit_WhatDreamsMayCome_sit_f_cm_np1_le_bad_3.pt,sit,37
/data/dev/projects/ai/Trackey/trackey/research/EXTRACTED_HMDB51_FEATURES/sit_WhatDreamsMayCome_sit_f_cm_np1_ri_bad_0.pt,sit,37
/data/dev/projects/ai/Trackey/trackey/research/EXTRACTED_HMDB51_FEATURES/sit_likebeckam_sit_f_cm_np1_ba_med_35.pt,sit,37
/data/dev/projects/ai/Trackey/trackey/research/EXTRACTED_HMDB51_FEATURES/sit_likebeckam_sit_f_cm_np1_fr_med_26.pt,sit,37
/data/dev/projects/ai/Trackey/trackey/research/EXTRACTED_HMDB51_FEATURES/sit_likebeckam_sit_f_cm_np1_le_med_28.pt,sit,37
/data/dev/projects/ai/Trackey/trackey/research/EXTRACTED_HMDB51_FEATURES/sit_likebeckam_sit_f_nm_np1_le_bad_29.pt,sit,37
/data/dev/projects/ai/Trackey/trackey/research/EXTRACTED_HMDB51_FEATURES/sit_nameunknown256kb_sit_u_nm_np1_fr_med_1.pt,sit,37
/data/dev/projects/ai/Trackey/trackey/research/EXTRACTED_HMDB51_FEATURES/sit_prelinger_ControlY1950_sit_f_cm_np1_fr_med_1.pt,sit,37
/data/dev/projects/ai/Trackey/trackey/research/EXTRACTED_HMDB51_FEATURES/sit_prelinger_ControlY1950_sit_f_nm_np2_ri_med_4.pt,sit,37
/data/dev/projects/ai/Trackey/trackey/research/EXTRACTED_HMDB51_FEATURES/sit_prelinger_LetsBeGo1953_sit_f_nm_np2_fr_med_6.pt,sit,37
/data/dev/projects/ai/Trackey/trackey/research/EXTRACTED_HMDB51_FEATURES/sit_prelinger_LetsPlay1949_sit_f_nm_np1_fr_med_8.pt,sit,37
/data/dev/projects/ai/Trackey/trackey/research/EXTRACTED_HMDB51_FEATURES/sit_prelinger_LetsPlay1949_sit_u_cm_np1_le_med_9.pt,sit,37
/data/dev/projects/ai/Trackey/trackey/research/EXTRACTED_HMDB51_FEATURES/sit_prideandprejudice1_sit_f_cm_np1_ba_med_5.pt,sit,37
/data/dev/projects/ai/Trackey/trackey/research/EXTRACTED_HMDB51_FEATURES/sit_prideandprejudice1_sit_f_nm_np1_ri_med_10.pt,sit,37
/data/dev/projects/ai/Trackey/trackey/research/EXTRACTED_HMDB51_FEATURES/sit_prideandprejudice1_sit_u_nm_np1_ba_med_3.pt,sit,37
/data/dev/projects/ai/Trackey/trackey/research/EXTRACTED_HMDB51_FEATURES/situp_5_Min_Tone_Abs_Workout_2__Fitness_Training_w__Tammy_situp_f_nm_np1_fr_goo_2.pt,situp,38
/data/dev/projects/ai/Trackey/trackey/research/EXTRACTED_HMDB51_FEATURES/situp_5_Min_Tone_Abs_Workout_2__Fitness_Training_w__Tammy_situp_f_nm_np1_fr_goo_3.pt,situp,38
/data/dev/projects/ai/Trackey/trackey/research/EXTRACTED_HMDB51_FEATURES/situp_5_Min_Tone_Abs_Workout_2__Fitness_Training_w__Tammy_situp_f_nm_np1_fr_goo_4.pt,situp,38
/data/dev/projects/ai/Trackey/trackey/research/EXTRACTED_HMDB51_FEATURES/situp_5_Min_Tone_Abs_Workout_2__Fitness_Training_w__Tammy_situp_f_nm_np1_le_goo_0.pt,situp,38
/data/dev/projects/ai/Trackey/trackey/research/EXTRACTED_HMDB51_FEATURES/situp_5_Min_Tone_Abs_Workout_2__Fitness_Training_w__Tammy_situp_f_nm_np1_le_goo_1.pt,situp,38
/data/dev/projects/ai/Trackey/trackey/research/EXTRACTED_HMDB51_FEATURES/situp_5_Min_Tone_Abs_Workout_2__Fitness_Training_w__Tammy_situp_f_nm_np1_le_goo_5.pt,situp,38
/data/dev/projects/ai/Trackey/trackey/research/EXTRACTED_HMDB51_FEATURES/situp_6_Minute_Abs_Routine_situp_f_nm_np1_ri_bad_0.pt,situp,38
/data/dev/projects/ai/Trackey/trackey/research/EXTRACTED_HMDB51_FEATURES/situp_6_Minute_Abs_Routine_situp_f_nm_np1_ri_bad_3.pt,situp,38
/data/dev/projects/ai/Trackey/trackey/research/EXTRACTED_HMDB51_FEATURES/situp_6_Minute_Abs_Routine_situp_f_nm_np1_ri_bad_4.pt,situp,38
/data/dev/projects/ai/Trackey/trackey/research/EXTRACTED_HMDB51_FEATURES/situp_6_Minute_Abs_Routine_situp_f_nm_np2_le_bad_1.pt,situp,38
/data/dev/projects/ai/Trackey/trackey/research/EXTRACTED_HMDB51_FEATURES/situp_6_Minute_Abs_Routine_situp_f_nm_np2_le_bad_2.pt,situp,38
/data/dev/projects/ai/Trackey/trackey/research/EXTRACTED_HMDB51_FEATURES/situp_6_Minute_Abs_Routine_situp_f_nm_np2_le_bad_5.pt,situp,38
/data/dev/projects/ai/Trackey/trackey/research/EXTRACTED_HMDB51_FEATURES/situp_AKC_coach_Torrin_Rhodan_showing_situp_kettlebell_movements_situp_f_cm_np1_le_goo_0.pt,situp,38
/data/dev/projects/ai/Trackey/trackey/research/EXTRACTED_HMDB51_FEATURES/situp_AKC_coach_Torrin_Rhodan_showing_situp_kettlebell_movements_situp_f_cm_np1_le_goo_1.pt,situp,38
/data/dev/projects/ai/Trackey/trackey/research/EXTRACTED_HMDB51_FEATURES/situp_AKC_coach_Torrin_Rhodan_showing_situp_kettlebell_movements_situp_f_cm_np1_le_goo_2.pt,situp,38
/data/dev/projects/ai/Trackey/trackey/research/EXTRACTED_HMDB51_FEATURES/situp_Ab_Workout__(_6_pack_abs_)_[_ab_exercises_for_ripped_abs_]_situp_f_nm_np1_le_goo_0.pt,situp,38
/data/dev/projects/ai/Trackey/trackey/research/EXTRACTED_HMDB51_FEATURES/situp_Ab_Workout__(_6_pack_abs_)_[_ab_exercises_for_ripped_abs_]_situp_f_nm_np1_le_goo_1.pt,situp,38
/data/dev/projects/ai/Trackey/trackey/research/EXTRACTED_HMDB51_FEATURES/situp_Ab_Workout__(_6_pack_abs_)_[_ab_exercises_for_ripped_abs_]_situp_f_nm_np1_le_goo_2.pt,situp,38
/data/dev/projects/ai/Trackey/trackey/research/EXTRACTED_HMDB51_FEATURES/situp_Abs__Situps__Crunches_situp_u_cm_np1_ri_goo_0.pt,situp,38
/data/dev/projects/ai/Trackey/trackey/research/EXTRACTED_HMDB51_FEATURES/situp_Abs__Situps__Crunches_situp_u_cm_np1_ri_goo_1.pt,situp,38
/data/dev/projects/ai/Trackey/trackey/research/EXTRACTED_HMDB51_FEATURES/situp_Abs__Situps__Crunches_situp_u_cm_np1_ri_goo_2.pt,situp,38
/data/dev/projects/ai/Trackey/trackey/research/EXTRACTED_HMDB51_FEATURES/situp_Abs__Situps__Crunches_situp_u_cm_np2_ri_goo_3.pt,situp,38
/data/dev/projects/ai/Trackey/trackey/research/EXTRACTED_HMDB51_FEATURES/situp_Abs__Situps__Crunches_situp_u_nm_np3_ri_goo_4.pt,situp,38
/data/dev/projects/ai/Trackey/trackey/research/EXTRACTED_HMDB51_FEATURES/situp_Abs__Situps__Crunches_situp_u_nm_np3_ri_goo_5.pt,situp,38
/data/dev/projects/ai/Trackey/trackey/research/EXTRACTED_HMDB51_FEATURES/situp_Abs__Situps__Crunches_situp_u_nm_np3_ri_goo_6.pt,situp,38
/data/dev/projects/ai/Trackey/trackey/research/EXTRACTED_HMDB51_FEATURES/situp_Army_situp_video_for_ROTC_cadets_situp_f_cm_np1_le_med_0.pt,situp,38
/data/dev/projects/ai/Trackey/trackey/research/EXTRACTED_HMDB51_FEATURES/situp_Army_situp_video_for_ROTC_cadets_situp_f_cm_np1_le_med_1.pt,situp,38
/data/dev/projects/ai/Trackey/trackey/research/EXTRACTED_HMDB51_FEATURES/situp_Army_situp_video_for_ROTC_cadets_situp_f_cm_np1_le_med_2.pt,situp,38
/data/dev/projects/ai/Trackey/trackey/research/EXTRACTED_HMDB51_FEATURES/situp_Basic_Exercise_Plans_-_How_to_Perform_a_Sit-Up_situp_f_nm_np1_ri_goo_0.pt,situp,38
/data/dev/projects/ai/Trackey/trackey/research/EXTRACTED_HMDB51_FEATURES/situp_Basic_Exercise_Plans_-_How_to_Perform_a_Sit-Up_situp_f_nm_np1_ri_goo_1.pt,situp,38
/data/dev/projects/ai/Trackey/trackey/research/EXTRACTED_HMDB51_FEATURES/situp_Body_Flex_-_How2_-_Sit-Up_situp_f_nm_np1_le_goo_0.pt,situp,38
/data/dev/projects/ai/Trackey/trackey/research/EXTRACTED_HMDB51_FEATURES/situp_Body_Flex_-_How2_-_Sit-Up_situp_f_nm_np1_le_goo_1.pt,situp,38
/data/dev/projects/ai/Trackey/trackey/research/EXTRACTED_HMDB51_FEATURES/situp_Body_Flex_-_How2_-_Sit-Up_situp_f_nm_np1_le_goo_2.pt,situp,38
/data/dev/projects/ai/Trackey/trackey/research/EXTRACTED_HMDB51_FEATURES/situp_Britney_Spears__Ab_Workout_Revealed_Video_situp_f_cm_np1_ri_goo_0.pt,situp,38
/data/dev/projects/ai/Trackey/trackey/research/EXTRACTED_HMDB51_FEATURES/situp_Britney_Spears__Ab_Workout_Revealed_Video_situp_f_cm_np1_ri_goo_1.pt,situp,38
/data/dev/projects/ai/Trackey/trackey/research/EXTRACTED_HMDB51_FEATURES/situp_Britney_Spears__Ab_Workout_Revealed_Video_situp_f_cm_np1_ri_goo_2.pt,situp,38
/data/dev/projects/ai/Trackey/trackey/research/EXTRACTED_HMDB51_FEATURES/situp_Excercise_Demo_-_Proper_Sit-up_situp_f_nm_np1_ri_goo_0.pt,situp,38
/data/dev/projects/ai/Trackey/trackey/research/EXTRACTED_HMDB51_FEATURES/situp_Excercise_Demo_-_Proper_Sit-up_situp_f_nm_np1_ri_goo_1.pt,situp,38
/data/dev/projects/ai/Trackey/trackey/research/EXTRACTED_HMDB51_FEATURES/situp_Get_six_pack_abs_in_6_minutes_on_your_couch__This_Works!_situp_f_nm_np1_ba_med_0.pt,situp,38
/data/dev/projects/ai/Trackey/trackey/research/EXTRACTED_HMDB51_FEATURES/situp_Get_six_pack_abs_in_6_minutes_on_your_couch__This_Works!_situp_f_nm_np1_ba_med_1.pt,situp,38
/data/dev/projects/ai/Trackey/trackey/research/EXTRACTED_HMDB51_FEATURES/situp_Get_six_pack_abs_in_6_minutes_on_your_couch__This_Works!_situp_f_nm_np1_ba_med_2.pt,situp,38
/data/dev/projects/ai/Trackey/trackey/research/EXTRACTED_HMDB51_FEATURES/situp_How_To_Workout_On_Vacation_-_How_to_Do_Crunches_Exercises_on_Vacation_situp_f_nm_np1_ba_goo_2.pt,situp,38
/data/dev/projects/ai/Trackey/trackey/research/EXTRACTED_HMDB51_FEATURES/situp_How_To_Workout_On_Vacation_-_How_to_Do_Crunches_Exercises_on_Vacation_situp_f_nm_np1_le_goo_0.pt,situp,38
/data/dev/projects/ai/Trackey/trackey/research/EXTRACTED_HMDB51_FEATURES/situp_How_To_Workout_On_Vacation_-_How_to_Do_Crunches_Exercises_on_Vacation_situp_f_nm_np1_le_goo_1.pt,situp,38
/data/dev/projects/ai/Trackey/trackey/research/EXTRACTED_HMDB51_FEATURES/situp_How_to_Do_Proper_Situps_situp_f_cm_np1_le_goo_0.pt,situp,38
/data/dev/projects/ai/Trackey/trackey/research/EXTRACTED_HMDB51_FEATURES/situp_How_to_Do_Proper_Situps_situp_f_cm_np1_le_goo_1.pt,situp,38
/data/dev/projects/ai/Trackey/trackey/research/EXTRACTED_HMDB51_FEATURES/situp_How_to_Do_Proper_Situps_situp_f_cm_np1_le_goo_2.pt,situp,38
/data/dev/projects/ai/Trackey/trackey/research/EXTRACTED_HMDB51_FEATURES/situp_How_to_Train_for_Boxing_-_Sit_Up_Techniques_for_Boxing_Training_situp_f_cm_np1_le_med_0.pt,situp,38
/data/dev/projects/ai/Trackey/trackey/research/EXTRACTED_HMDB51_FEATURES/situp_How_to_Train_for_Boxing_-_Sit_Up_Techniques_for_Boxing_Training_situp_f_cm_np1_le_med_1.pt,situp,38
/data/dev/projects/ai/Trackey/trackey/research/EXTRACTED_HMDB51_FEATURES/situp_How_to_Train_for_Boxing_-_Sit_Up_Techniques_for_Boxing_Training_situp_f_cm_np1_le_med_2.pt,situp,38
/data/dev/projects/ai/Trackey/trackey/research/EXTRACTED_HMDB51_FEATURES/situp_How_to_get_a_six_pack_in_3minutes_EXPLOSIVE_RESULTS_IN_YOUR_4_WEEKS_situp_f_nm_np1_ri_med_0.pt,situp,38
/data/dev/projects/ai/Trackey/trackey/research/EXTRACTED_HMDB51_FEATURES/situp_How_to_get_a_six_pack_in_3minutes_EXPLOSIVE_RESULTS_IN_YOUR_4_WEEKS_situp_f_nm_np1_ri_med_1.pt,situp,38
/data/dev/projects/ai/Trackey/trackey/research/EXTRACTED_HMDB51_FEATURES/situp_How_to_get_a_six_pack_in_3minutes_EXPLOSIVE_RESULTS_IN_YOUR_4_WEEKS_situp_f_nm_np1_ri_med_2.pt,situp,38
/data/dev/projects/ai/Trackey/trackey/research/EXTRACTED_HMDB51_FEATURES/situp_Incline_Dumbell_Situps_45lbs_2ndxpr_25x_situp_f_nm_np1_ri_med_0.pt,situp,38
/data/dev/projects/ai/Trackey/trackey/research/EXTRACTED_HMDB51_FEATURES/situp_Incline_Dumbell_Situps_45lbs_2ndxpr_25x_situp_f_nm_np1_ri_med_1.pt,situp,38
/data/dev/projects/ai/Trackey/trackey/research/EXTRACTED_HMDB51_FEATURES/situp_Incline_Dumbell_Situps_45lbs_2ndxpr_25x_situp_f_nm_np1_ri_med_2.pt,situp,38
/data/dev/projects/ai/Trackey/trackey/research/EXTRACTED_HMDB51_FEATURES/situp_Intermidate_to_advanced_abs_situp_f_cm_np1_fr_med_1.pt,situp,38
/data/dev/projects/ai/Trackey/trackey/research/EXTRACTED_HMDB51_FEATURES/situp_Intermidate_to_advanced_abs_situp_f_nm_np1_fr_med_0.pt,situp,38
/data/dev/projects/ai/Trackey/trackey/research/EXTRACTED_HMDB51_FEATURES/situp_Intermidate_to_advanced_abs_situp_f_nm_np1_fr_med_2.pt,situp,38
/data/dev/projects/ai/Trackey/trackey/research/EXTRACTED_HMDB51_FEATURES/situp_Mark_Pfeltz_Sets_World_Record_For_sit_ups_situp_f_nm_np1_fr_bad_2.pt,situp,38
/data/dev/projects/ai/Trackey/trackey/research/EXTRACTED_HMDB51_FEATURES/situp_Mark_Pfeltz_Sets_World_Record_For_sit_ups_situp_f_nm_np1_fr_bad_3.pt,situp,38
/data/dev/projects/ai/Trackey/trackey/research/EXTRACTED_HMDB51_FEATURES/situp_Mark_Pfeltz_Sets_World_Record_For_sit_ups_situp_f_nm_np1_fr_bad_4.pt,situp,38
/data/dev/projects/ai/Trackey/trackey/research/EXTRACTED_HMDB51_FEATURES/situp_Mark_Pfeltz_Sets_World_Record_For_sit_ups_situp_f_nm_np1_ri_bad_0.pt,situp,38
/data/dev/projects/ai/Trackey/trackey/research/EXTRACTED_HMDB51_FEATURES/situp_Mark_Pfeltz_Sets_World_Record_For_sit_ups_situp_f_nm_np1_ri_bad_1.pt,situp,38
/data/dev/projects/ai/Trackey/trackey/research/EXTRACTED_HMDB51_FEATURES/situp_Ninja_Warrior_Ultimate_Six_Pack_Abs_Sit_up_Training_situp_f_nm_np1_ri_med_0.pt,situp,38
/data/dev/projects/ai/Trackey/trackey/research/EXTRACTED_HMDB51_FEATURES/situp_Ninja_Warrior_Ultimate_Six_Pack_Abs_Sit_up_Training_situp_f_nm_np1_ri_med_1.pt,situp,38
/data/dev/projects/ai/Trackey/trackey/research/EXTRACTED_HMDB51_FEATURES/situp_Ninja_Warrior_Ultimate_Six_Pack_Abs_Sit_up_Training_situp_f_nm_np1_ri_med_2.pt,situp,38
/data/dev/projects/ai/Trackey/trackey/research/EXTRACTED_HMDB51_FEATURES/situp_Octogen_-_CrossFit_Sydney_Glute_Ham_Situps_1_situp_f_nm_np1_ri_goo_0.pt,situp,38
/data/dev/projects/ai/Trackey/trackey/research/EXTRACTED_HMDB51_FEATURES/situp_Octogen_-_CrossFit_Sydney_Glute_Ham_Situps_1_situp_f_nm_np1_ri_goo_1.pt,situp,38
/data/dev/projects/ai/Trackey/trackey/research/EXTRACTED_HMDB51_FEATURES/situp_Octogen_-_CrossFit_Sydney_Glute_Ham_Situps_1_situp_f_nm_np1_ri_goo_2.pt,situp,38
/data/dev/projects/ai/Trackey/trackey/research/EXTRACTED_HMDB51_FEATURES/situp_Personal_Training_Workout_Tips_situp_f_nm_np1_le_goo_0.pt,situp,38
/data/dev/projects/ai/Trackey/trackey/research/EXTRACTED_HMDB51_FEATURES/situp_Personal_Training_Workout_Tips_situp_f_nm_np1_le_goo_1.pt,situp,38
/data/dev/projects/ai/Trackey/trackey/research/EXTRACTED_HMDB51_FEATURES/situp_Rutina_de_Abdominales___Abs_Exercise_situp_f_cm_np1_ri_goo_0.pt,situp,38
/data/dev/projects/ai/Trackey/trackey/research/EXTRACTED_HMDB51_FEATURES/situp_Rutina_de_Abdominales___Abs_Exercise_situp_f_cm_np1_ri_goo_1.pt,situp,38
/data/dev/projects/ai/Trackey/trackey/research/EXTRACTED_HMDB51_FEATURES/situp_Rutina_de_Abdominales___Abs_Exercise_situp_f_cm_np1_ri_goo_2.pt,situp,38
/data/dev/projects/ai/Trackey/trackey/research/EXTRACTED_HMDB51_FEATURES/situp_Sit_Ups_for_6pack_Abs___Forgotten_Abdominal_Exercise_situp_f_nm_np1_le_med_0.pt,situp,38
/data/dev/projects/ai/Trackey/trackey/research/EXTRACTED_HMDB51_FEATURES/situp_Sit_Ups_for_6pack_Abs___Forgotten_Abdominal_Exercise_situp_f_nm_np1_le_med_1.pt,situp,38
/data/dev/projects/ai/Trackey/trackey/research/EXTRACTED_HMDB51_FEATURES/situp_Sit_Ups_for_6pack_Abs___Forgotten_Abdominal_Exercise_situp_f_nm_np1_le_med_2.pt,situp,38
/data/dev/projects/ai/Trackey/trackey/research/EXTRACTED_HMDB51_FEATURES/situp_Sit_ups_and_crunch_situp_f_nm_np1_le_goo_0.pt,situp,38
/data/dev/projects/ai/Trackey/trackey/research/EXTRACTED_HMDB51_FEATURES/situp_Sit_ups_and_crunch_situp_f_nm_np1_le_goo_1.pt,situp,38
/data/dev/projects/ai/Trackey/trackey/research/EXTRACTED_HMDB51_FEATURES/situp_Sit_ups_and_crunch_situp_f_nm_np1_le_goo_2.pt,situp,38
/data/dev/projects/ai/Trackey/trackey/research/EXTRACTED_HMDB51_FEATURES/situp_Sit_ups_situp_f_nm_np1_ri_goo_0.pt,situp,38
/data/dev/projects/ai/Trackey/trackey/research/EXTRACTED_HMDB51_FEATURES/situp_Sit_ups_situp_f_nm_np1_ri_goo_1.pt,situp,38
/data/dev/projects/ai/Trackey/trackey/research/EXTRACTED_HMDB51_FEATURES/situp_Sit_ups_situp_f_nm_np1_ri_goo_2.pt,situp,38
/data/dev/projects/ai/Trackey/trackey/research/EXTRACTED_HMDB51_FEATURES/situp_Tiger_Abs_-_Triple_Sit_Ups_situp_f_nm_np1_le_goo_0.pt,situp,38
/data/dev/projects/ai/Trackey/trackey/research/EXTRACTED_HMDB51_FEATURES/situp_Tiger_Abs_-_Triple_Sit_Ups_situp_f_nm_np1_le_goo_1.pt,situp,38
/data/dev/projects/ai/Trackey/trackey/research/EXTRACTED_HMDB51_FEATURES/situp_Tiger_Abs_-_Triple_Sit_Ups_situp_f_nm_np1_le_goo_2.pt,situp,38
/data/dev/projects/ai/Trackey/trackey/research/EXTRACTED_HMDB51_FEATURES/situp_Timed_situps_1_minute_situp_f_nm_np1_ri_med_0.pt,situp,38
/data/dev/projects/ai/Trackey/trackey/research/EXTRACTED_HMDB51_FEATURES/situp_Timed_situps_1_minute_situp_f_nm_np1_ri_med_1.pt,situp,38
/data/dev/projects/ai/Trackey/trackey/research/EXTRACTED_HMDB51_FEATURES/situp_Timed_situps_1_minute_situp_f_nm_np1_ri_med_2.pt,situp,38
/data/dev/projects/ai/Trackey/trackey/research/EXTRACTED_HMDB51_FEATURES/situp_Waschbrettbauch_I-__bung_von_fitness_com_situp_f_nm_np1_ba_goo_0.pt,situp,38
/data/dev/projects/ai/Trackey/trackey/research/EXTRACTED_HMDB51_FEATURES/situp_Waschbrettbauch_I-__bung_von_fitness_com_situp_f_nm_np1_ba_goo_1.pt,situp,38
/data/dev/projects/ai/Trackey/trackey/research/EXTRACTED_HMDB51_FEATURES/situp_crazy_105_sit-ups_situp_f_cm_np2_le_med_0.pt,situp,38
/data/dev/projects/ai/Trackey/trackey/research/EXTRACTED_HMDB51_FEATURES/situp_crazy_105_sit-ups_situp_f_cm_np2_le_med_1.pt,situp,38
/data/dev/projects/ai/Trackey/trackey/research/EXTRACTED_HMDB51_FEATURES/situp_crazy_105_sit-ups_situp_f_cm_np2_le_med_2.pt,situp,38
/data/dev/projects/ai/Trackey/trackey/research/EXTRACTED_HMDB51_FEATURES/situp_kettlebell_training_for_pack_ABS_-_workout_situp_f_nm_np1_le_goo_0.pt,situp,38
/data/dev/projects/ai/Trackey/trackey/research/EXTRACTED_HMDB51_FEATURES/situp_kettlebell_training_for_pack_ABS_-_workout_situp_f_nm_np1_le_goo_1.pt,situp,38
/data/dev/projects/ai/Trackey/trackey/research/EXTRACTED_HMDB51_FEATURES/situp_kettlebell_training_for_pack_ABS_-_workout_situp_f_nm_np1_le_goo_2.pt,situp,38
/data/dev/projects/ai/Trackey/trackey/research/EXTRACTED_HMDB51_FEATURES/situp_situps_situp_f_cm_np1_le_med_1.pt,situp,38
/data/dev/projects/ai/Trackey/trackey/research/EXTRACTED_HMDB51_FEATURES/situp_situps_situp_f_cm_np1_le_med_2.pt,situp,38
/data/dev/projects/ai/Trackey/trackey/research/EXTRACTED_HMDB51_FEATURES/situp_situps_situp_f_cm_np3_ri_med_4.pt,situp,38
/data/dev/projects/ai/Trackey/trackey/research/EXTRACTED_HMDB51_FEATURES/situp_situps_situp_f_cm_np3_ri_med_5.pt,situp,38
/data/dev/projects/ai/Trackey/trackey/research/EXTRACTED_HMDB51_FEATURES/situp_situps_situp_f_cm_np3_ri_med_6.pt,situp,38
/data/dev/projects/ai/Trackey/trackey/research/EXTRACTED_HMDB51_FEATURES/situp_situps_situp_f_nm_np1_le_med_0.pt,situp,38
/data/dev/projects/ai/Trackey/trackey/research/EXTRACTED_HMDB51_FEATURES/situp_situps_situp_f_nm_np1_ri_med_3.pt,situp,38
/data/dev/projects/ai/Trackey/trackey/research/EXTRACTED_HMDB51_FEATURES/smile_A_Beautiful_Mind_2_smile_h_nm_np1_fr_goo_2.pt,smile,39
/data/dev/projects/ai/Trackey/trackey/research/EXTRACTED_HMDB51_FEATURES/smile_For_youtube_smiles_smile_h_nm_np1_fr_med_0.pt,smile,39
/data/dev/projects/ai/Trackey/trackey/research/EXTRACTED_HMDB51_FEATURES/smile_Glory_smile_h_nm_np1_fr_med_5.pt,smile,39
/data/dev/projects/ai/Trackey/trackey/research/EXTRACTED_HMDB51_FEATURES/smile_Glory_smile_h_nm_np1_le_goo_6.pt,smile,39
/data/dev/projects/ai/Trackey/trackey/research/EXTRACTED_HMDB51_FEATURES/smile_Me_smiling_smile_h_nm_np1_fr_goo_0.pt,smile,39
/data/dev/projects/ai/Trackey/trackey/research/EXTRACTED_HMDB51_FEATURES/smile_MySmile_smile_h_nm_np1_fr_goo_0.pt,smile,39
/data/dev/projects/ai/Trackey/trackey/research/EXTRACTED_HMDB51_FEATURES/smile_My_smileEh_smile_h_nm_np1_fr_goo_0.pt,smile,39
/data/dev/projects/ai/Trackey/trackey/research/EXTRACTED_HMDB51_FEATURES/smile_Pirates_3_smile_h_nm_np1_ri_goo_1.pt,smile,39
/data/dev/projects/ai/Trackey/trackey/research/EXTRACTED_HMDB51_FEATURES/smile_Prelinger_ActYourA1949_smile_u_nm_np1_fr_med_19.pt,smile,39
/data/dev/projects/ai/Trackey/trackey/research/EXTRACTED_HMDB51_FEATURES/smile_Prelinger_HabitPat1954_smile_h_nm_np1_fr_goo_27.pt,smile,39
/data/dev/projects/ai/Trackey/trackey/research/EXTRACTED_HMDB51_FEATURES/smile_Re-_Re-_Show_your_Smile!_smile_h_nm_np1_fr_med_0.pt,smile,39
/data/dev/projects/ai/Trackey/trackey/research/EXTRACTED_HMDB51_FEATURES/smile_Re-_Show_Your_Smile_smile_h_nm_np1_fr_goo_0.pt,smile,39
/data/dev/projects/ai/Trackey/trackey/research/EXTRACTED_HMDB51_FEATURES/smile_Re-_Show_your_Smile!_10_smile_h_nm_np1_fr_goo_0.pt,smile,39
/data/dev/projects/ai/Trackey/trackey/research/EXTRACTED_HMDB51_FEATURES/smile_Re-_Show_your_Smile!_1_smile_h_nm_np1_fr_goo_0.pt,smile,39
/data/dev/projects/ai/Trackey/trackey/research/EXTRACTED_HMDB51_FEATURES/smile_Re-_Show_your_Smile!_2_smile_h_nm_np1_fr_goo_0.pt,smile,39
/data/dev/projects/ai/Trackey/trackey/research/EXTRACTED_HMDB51_FEATURES/smile_Re-_Show_your_Smile!_3_smile_h_nm_np1_fr_goo_0.pt,smile,39
/data/dev/projects/ai/Trackey/trackey/research/EXTRACTED_HMDB51_FEATURES/smile_Re-_Show_your_Smile!_4_smile_h_nm_np1_fr_med_0.pt,smile,39
/data/dev/projects/ai/Trackey/trackey/research/EXTRACTED_HMDB51_FEATURES/smile_Re-_Show_your_Smile!_7_smile_h_nm_np1_fr_med_0.pt,smile,39
/data/dev/projects/ai/Trackey/trackey/research/EXTRACTED_HMDB51_FEATURES/smile_Re-_Show_your_Smile!_8_smile_h_nm_np1_fr_goo_0.pt,smile,39
/data/dev/projects/ai/Trackey/trackey/research/EXTRACTED_HMDB51_FEATURES/smile_Re-_Show_your_Smile!_9_smile_h_nm_np1_fr_med_0.pt,smile,39
/data/dev/projects/ai/Trackey/trackey/research/EXTRACTED_HMDB51_FEATURES/smile_Re-_Show_your_Smile!_smile_h_nm_np1_fr_goo_0.pt,smile,39
/data/dev/projects/ai/Trackey/trackey/research/EXTRACTED_HMDB51_FEATURES/smile_Return_of_the_King_1_smile_h_nm_np1_fr_goo_6.pt,smile,39
/data/dev/projects/ai/Trackey/trackey/research/EXTRACTED_HMDB51_FEATURES/smile_Return_of_the_King_4_smile_h_nm_np1_fr_goo_4.pt,smile,39
/data/dev/projects/ai/Trackey/trackey/research/EXTRACTED_HMDB51_FEATURES/smile_SE7EN_SMILES_x3_smile_h_cm_np1_fr_goo_5.pt,smile,39
/data/dev/projects/ai/Trackey/trackey/research/EXTRACTED_HMDB51_FEATURES/smile_SE7EN_SMILES_x3_smile_h_cm_np1_fr_goo_9.pt,smile,39
/data/dev/projects/ai/Trackey/trackey/research/EXTRACTED_HMDB51_FEATURES/smile_SE7EN_SMILES_x3_smile_h_cm_np1_fr_med_0.pt,smile,39
/data/dev/projects/ai/Trackey/trackey/research/EXTRACTED_HMDB51_FEATURES/smile_SE7EN_SMILES_x3_smile_h_cm_np1_fr_med_10.pt,smile,39
/data/dev/projects/ai/Trackey/trackey/research/EXTRACTED_HMDB51_FEATURES/smile_SE7EN_SMILES_x3_smile_h_cm_np1_fr_med_3.pt,smile,39
/data/dev/projects/ai/Trackey/trackey/research/EXTRACTED_HMDB51_FEATURES/smile_SE7EN_SMILES_x3_smile_h_nm_np1_fr_bad_7.pt,smile,39
/data/dev/projects/ai/Trackey/trackey/research/EXTRACTED_HMDB51_FEATURES/smile_SE7EN_SMILES_x3_smile_h_nm_np1_fr_med_1.pt,smile,39
/data/dev/projects/ai/Trackey/trackey/research/EXTRACTED_HMDB51_FEATURES/smile_SE7EN_SMILES_x3_smile_h_nm_np1_fr_med_2.pt,smile,39
/data/dev/projects/ai/Trackey/trackey/research/EXTRACTED_HMDB51_FEATURES/smile_SE7EN_SMILES_x3_smile_h_nm_np1_fr_med_4.pt,smile,39
/data/dev/projects/ai/Trackey/trackey/research/EXTRACTED_HMDB51_FEATURES/smile_SE7EN_SMILES_x3_smile_h_nm_np1_fr_med_6.pt,smile,39
/data/dev/projects/ai/Trackey/trackey/research/EXTRACTED_HMDB51_FEATURES/smile_SE7EN_SMILES_x3_smile_h_nm_np1_fr_med_8.pt,smile,39
/data/dev/projects/ai/Trackey/trackey/research/EXTRACTED_HMDB51_FEATURES/smile_SMILES_FROM_OFF_THE_ROAD_2_-TREASURING_THE_GIRLCHILD_smile_h_cm_np1_fr_bad_1.pt,smile,39
/data/dev/projects/ai/Trackey/trackey/research/EXTRACTED_HMDB51_FEATURES/smile_SMILES_FROM_OFF_THE_ROAD_2_-TREASURING_THE_GIRLCHILD_smile_h_nm_np1_fr_goo_2.pt,smile,39
/data/dev/projects/ai/Trackey/trackey/research/EXTRACTED_HMDB51_FEATURES/smile_SMILES_FROM_OFF_THE_ROAD_2_-TREASURING_THE_GIRLCHILD_smile_h_nm_np1_fr_med_0.pt,smile,39
/data/dev/projects/ai/Trackey/trackey/research/EXTRACTED_HMDB51_FEATURES/smile_SMILES_FROM_OFF_THE_ROAD_2_-TREASURING_THE_GIRLCHILD_smile_h_nm_np1_fr_med_3.pt,smile,39
/data/dev/projects/ai/Trackey/trackey/research/EXTRACTED_HMDB51_FEATURES/smile_SMILES_FROM_OFF_THE_ROAD_3_-TRAVELS_WITH_A_HAT_smile_h_nm_np1_fr_bad_2.pt,smile,39
/data/dev/projects/ai/Trackey/trackey/research/EXTRACTED_HMDB51_FEATURES/smile_SMILES_FROM_OFF_THE_ROAD_3_-TRAVELS_WITH_A_HAT_smile_h_nm_np1_fr_goo_0.pt,smile,39
/data/dev/projects/ai/Trackey/trackey/research/EXTRACTED_HMDB51_FEATURES/smile_SMILES_FROM_OFF_THE_ROAD_3_-TRAVELS_WITH_A_HAT_smile_h_nm_np1_fr_goo_3.pt,smile,39
/data/dev/projects/ai/Trackey/trackey/research/EXTRACTED_HMDB51_FEATURES/smile_SMILES_FROM_OFF_THE_ROAD_3_-TRAVELS_WITH_A_HAT_smile_h_nm_np1_fr_med_1.pt,smile,39
/data/dev/projects/ai/Trackey/trackey/research/EXTRACTED_HMDB51_FEATURES/smile_SMILES_FROM_OFF_THE_ROAD_3_-TRAVELS_WITH_A_HAT_smile_h_nm_np1_fr_med_4.pt,smile,39
/data/dev/projects/ai/Trackey/trackey/research/EXTRACTED_HMDB51_FEATURES/smile_SMILES_FROM_OFF_THE_ROAD_3_-TRAVELS_WITH_A_HAT_smile_h_nm_np1_fr_med_5.pt,smile,39
/data/dev/projects/ai/Trackey/trackey/research/EXTRACTED_HMDB51_FEATURES/smile_Show_Your_Smile_-)_1_smile_h_nm_np1_fr_goo_0.pt,smile,39
/data/dev/projects/ai/Trackey/trackey/research/EXTRACTED_HMDB51_FEATURES/smile_Show_my_what_smile_h_cm_np1_fr_med_0.pt,smile,39
/data/dev/projects/ai/Trackey/trackey/research/EXTRACTED_HMDB51_FEATURES/smile_Smile!_smile_h_cm_np1_fr_goo_0.pt,smile,39
/data/dev/projects/ai/Trackey/trackey/research/EXTRACTED_HMDB51_FEATURES/smile_Smile_-]_smile_h_nm_np1_fr_goo_0.pt,smile,39
/data/dev/projects/ai/Trackey/trackey/research/EXTRACTED_HMDB51_FEATURES/smile_Smile_smile_h_cm_np1_fr_goo_0.pt,smile,39
/data/dev/projects/ai/Trackey/trackey/research/EXTRACTED_HMDB51_FEATURES/smile_Two_Towers_3_smile_h_nm_np1_fr_goo_7.pt,smile,39
/data/dev/projects/ai/Trackey/trackey/research/EXTRACTED_HMDB51_FEATURES/smile_YouTube_smiles!_smile_h_cm_np1_fr_bad_25.pt,smile,39
/data/dev/projects/ai/Trackey/trackey/research/EXTRACTED_HMDB51_FEATURES/smile_YouTube_smiles!_smile_h_cm_np1_fr_bad_3.pt,smile,39
/data/dev/projects/ai/Trackey/trackey/research/EXTRACTED_HMDB51_FEATURES/smile_YouTube_smiles!_smile_h_cm_np1_fr_bad_37.pt,smile,39
/data/dev/projects/ai/Trackey/trackey/research/EXTRACTED_HMDB51_FEATURES/smile_YouTube_smiles!_smile_h_cm_np1_fr_bad_5.pt,smile,39
/data/dev/projects/ai/Trackey/trackey/research/EXTRACTED_HMDB51_FEATURES/smile_YouTube_smiles!_smile_h_cm_np1_fr_goo_0.pt,smile,39
/data/dev/projects/ai/Trackey/trackey/research/EXTRACTED_HMDB51_FEATURES/smile_YouTube_smiles!_smile_h_cm_np1_fr_goo_28.pt,smile,39
/data/dev/projects/ai/Trackey/trackey/research/EXTRACTED_HMDB51_FEATURES/smile_YouTube_smiles!_smile_h_cm_np1_fr_goo_30.pt,smile,39
/data/dev/projects/ai/Trackey/trackey/research/EXTRACTED_HMDB51_FEATURES/smile_YouTube_smiles!_smile_h_cm_np1_fr_goo_34.pt,smile,39
/data/dev/projects/ai/Trackey/trackey/research/EXTRACTED_HMDB51_FEATURES/smile_YouTube_smiles!_smile_h_cm_np1_fr_med_2.pt,smile,39
/data/dev/projects/ai/Trackey/trackey/research/EXTRACTED_HMDB51_FEATURES/smile_YouTube_smiles!_smile_h_cm_np1_fr_med_26.pt,smile,39
/data/dev/projects/ai/Trackey/trackey/research/EXTRACTED_HMDB51_FEATURES/smile_YouTube_smiles!_smile_h_cm_np1_fr_med_31.pt,smile,39
/data/dev/projects/ai/Trackey/trackey/research/EXTRACTED_HMDB51_FEATURES/smile_YouTube_smiles!_smile_h_cm_np1_fr_med_39.pt,smile,39
/data/dev/projects/ai/Trackey/trackey/research/EXTRACTED_HMDB51_FEATURES/smile_YouTube_smiles!_smile_h_nm_np1_fr_bad_18.pt,smile,39
/data/dev/projects/ai/Trackey/trackey/research/EXTRACTED_HMDB51_FEATURES/smile_YouTube_smiles!_smile_h_nm_np1_fr_bad_21.pt,smile,39
/data/dev/projects/ai/Trackey/trackey/research/EXTRACTED_HMDB51_FEATURES/smile_YouTube_smiles!_smile_h_nm_np1_fr_bad_27.pt,smile,39
/data/dev/projects/ai/Trackey/trackey/research/EXTRACTED_HMDB51_FEATURES/smile_YouTube_smiles!_smile_h_nm_np1_fr_goo_1.pt,smile,39
/data/dev/projects/ai/Trackey/trackey/research/EXTRACTED_HMDB51_FEATURES/smile_YouTube_smiles!_smile_h_nm_np1_fr_goo_10.pt,smile,39
/data/dev/projects/ai/Trackey/trackey/research/EXTRACTED_HMDB51_FEATURES/smile_YouTube_smiles!_smile_h_nm_np1_fr_goo_14.pt,smile,39
/data/dev/projects/ai/Trackey/trackey/research/EXTRACTED_HMDB51_FEATURES/smile_YouTube_smiles!_smile_h_nm_np1_fr_goo_22.pt,smile,39
/data/dev/projects/ai/Trackey/trackey/research/EXTRACTED_HMDB51_FEATURES/smile_YouTube_smiles!_smile_h_nm_np1_fr_goo_29.pt,smile,39
/data/dev/projects/ai/Trackey/trackey/research/EXTRACTED_HMDB51_FEATURES/smile_YouTube_smiles!_smile_h_nm_np1_fr_goo_33.pt,smile,39
/data/dev/projects/ai/Trackey/trackey/research/EXTRACTED_HMDB51_FEATURES/smile_YouTube_smiles!_smile_h_nm_np1_fr_goo_35.pt,smile,39
/data/dev/projects/ai/Trackey/trackey/research/EXTRACTED_HMDB51_FEATURES/smile_YouTube_smiles!_smile_h_nm_np1_fr_goo_40.pt,smile,39
/data/dev/projects/ai/Trackey/trackey/research/EXTRACTED_HMDB51_FEATURES/smile_YouTube_smiles!_smile_h_nm_np1_fr_goo_6.pt,smile,39
/data/dev/projects/ai/Trackey/trackey/research/EXTRACTED_HMDB51_FEATURES/smile_YouTube_smiles!_smile_h_nm_np1_fr_goo_7.pt,smile,39
/data/dev/projects/ai/Trackey/trackey/research/EXTRACTED_HMDB51_FEATURES/smile_YouTube_smiles!_smile_h_nm_np1_fr_goo_9.pt,smile,39
/data/dev/projects/ai/Trackey/trackey/research/EXTRACTED_HMDB51_FEATURES/smile_YouTube_smiles!_smile_h_nm_np1_fr_med_11.pt,smile,39
/data/dev/projects/ai/Trackey/trackey/research/EXTRACTED_HMDB51_FEATURES/smile_YouTube_smiles!_smile_h_nm_np1_fr_med_12.pt,smile,39
/data/dev/projects/ai/Trackey/trackey/research/EXTRACTED_HMDB51_FEATURES/smile_YouTube_smiles!_smile_h_nm_np1_fr_med_13.pt,smile,39
/data/dev/projects/ai/Trackey/trackey/research/EXTRACTED_HMDB51_FEATURES/smile_YouTube_smiles!_smile_h_nm_np1_fr_med_15.pt,smile,39
/data/dev/projects/ai/Trackey/trackey/research/EXTRACTED_HMDB51_FEATURES/smile_YouTube_smiles!_smile_h_nm_np1_fr_med_16.pt,smile,39
/data/dev/projects/ai/Trackey/trackey/research/EXTRACTED_HMDB51_FEATURES/smile_YouTube_smiles!_smile_h_nm_np1_fr_med_17.pt,smile,39
/data/dev/projects/ai/Trackey/trackey/research/EXTRACTED_HMDB51_FEATURES/smile_YouTube_smiles!_smile_h_nm_np1_fr_med_19.pt,smile,39
/data/dev/projects/ai/Trackey/trackey/research/EXTRACTED_HMDB51_FEATURES/smile_YouTube_smiles!_smile_h_nm_np1_fr_med_20.pt,smile,39
/data/dev/projects/ai/Trackey/trackey/research/EXTRACTED_HMDB51_FEATURES/smile_YouTube_smiles!_smile_h_nm_np1_fr_med_23.pt,smile,39
/data/dev/projects/ai/Trackey/trackey/research/EXTRACTED_HMDB51_FEATURES/smile_YouTube_smiles!_smile_h_nm_np1_fr_med_24.pt,smile,39
/data/dev/projects/ai/Trackey/trackey/research/EXTRACTED_HMDB51_FEATURES/smile_YouTube_smiles!_smile_h_nm_np1_fr_med_32.pt,smile,39
/data/dev/projects/ai/Trackey/trackey/research/EXTRACTED_HMDB51_FEATURES/smile_YouTube_smiles!_smile_h_nm_np1_fr_med_36.pt,smile,39
/data/dev/projects/ai/Trackey/trackey/research/EXTRACTED_HMDB51_FEATURES/smile_YouTube_smiles!_smile_h_nm_np1_fr_med_38.pt,smile,39
/data/dev/projects/ai/Trackey/trackey/research/EXTRACTED_HMDB51_FEATURES/smile_YouTube_smiles!_smile_h_nm_np1_fr_med_4.pt,smile,39
/data/dev/projects/ai/Trackey/trackey/research/EXTRACTED_HMDB51_FEATURES/smile_YouTube_smiles!_smile_h_nm_np1_fr_med_8.pt,smile,39
/data/dev/projects/ai/Trackey/trackey/research/EXTRACTED_HMDB51_FEATURES/smile_my_smile_smile_h_cm_np1_fr_goo_0.pt,smile,39
/data/dev/projects/ai/Trackey/trackey/research/EXTRACTED_HMDB51_FEATURES/smile_prelinger_LetsPlay1949_smile_h_nm_np1_fr_goo_27.pt,smile,39
/data/dev/projects/ai/Trackey/trackey/research/EXTRACTED_HMDB51_FEATURES/smile_prelinger_LetsPlay1949_smile_h_nm_np1_le_goo_25.pt,smile,39
/data/dev/projects/ai/Trackey/trackey/research/EXTRACTED_HMDB51_FEATURES/smile_prelinger_LetsPlay1949_smile_u_nm_np1_fr_med_24.pt,smile,39
/data/dev/projects/ai/Trackey/trackey/research/EXTRACTED_HMDB51_FEATURES/smile_prelinger_LetsPlay1949_smile_u_nm_np1_ri_med_21.pt,smile,39
/data/dev/projects/ai/Trackey/trackey/research/EXTRACTED_HMDB51_FEATURES/smile_prelinger_they_grow_up_so_fast_1_smile_u_nm_np1_fr_med_0.pt,smile,39
/data/dev/projects/ai/Trackey/trackey/research/EXTRACTED_HMDB51_FEATURES/smile_show_your_smile_-)_smile_h_nm_np1_fr_med_0.pt,smile,39
/data/dev/projects/ai/Trackey/trackey/research/EXTRACTED_HMDB51_FEATURES/smile_showyoursmile_smile_h_nm_np1_fr_goo_0.pt,smile,39
/data/dev/projects/ai/Trackey/trackey/research/EXTRACTED_HMDB51_FEATURES/smile_smile_collection_7_smile_h_nm_np1_fr_goo_0.pt,smile,39
/data/dev/projects/ai/Trackey/trackey/research/EXTRACTED_HMDB51_FEATURES/smile_smile_collection_7_smile_h_nm_np1_fr_goo_1.pt,smile,39
/data/dev/projects/ai/Trackey/trackey/research/EXTRACTED_HMDB51_FEATURES/smile_youtube_smile_response_smile_h_nm_np1_fr_goo_0.pt,smile,39
/data/dev/projects/ai/Trackey/trackey/research/EXTRACTED_HMDB51_FEATURES/smoke_A_Beautiful_Mind_1_smoke_h_nm_np1_fr_goo_8.pt,smoke,40
/data/dev/projects/ai/Trackey/trackey/research/EXTRACTED_HMDB51_FEATURES/smoke_A_Beautiful_Mind_2_smoke_u_cm_np1_fr_goo_0.pt,smoke,40
/data/dev/projects/ai/Trackey/trackey/research/EXTRACTED_HMDB51_FEATURES/smoke_A_Beautiful_Mind_5_smoke_u_nm_np1_fr_goo_10.pt,smoke,40
/data/dev/projects/ai/Trackey/trackey/research/EXTRACTED_HMDB51_FEATURES/smoke_A_Beginners_Guide_to_Smoking_smoke_u_cm_np1_ri_bad_0.pt,smoke,40
/data/dev/projects/ai/Trackey/trackey/research/EXTRACTED_HMDB51_FEATURES/smoke_After_work_smoke_in_the_garage_smoke_h_nm_np1_fr_bad_0.pt,smoke,40
/data/dev/projects/ai/Trackey/trackey/research/EXTRACTED_HMDB51_FEATURES/smoke_After_work_smoke_in_the_garage_smoke_h_nm_np1_fr_med_1.pt,smoke,40
/data/dev/projects/ai/Trackey/trackey/research/EXTRACTED_HMDB51_FEATURES/smoke_After_work_smoke_in_the_garage_smoke_h_nm_np1_fr_med_2.pt,smoke,40
/data/dev/projects/ai/Trackey/trackey/research/EXTRACTED_HMDB51_FEATURES/smoke_American_History_X_smoke_h_nm_np1_fr_goo_26.pt,smoke,40
/data/dev/projects/ai/Trackey/trackey/research/EXTRACTED_HMDB51_FEATURES/smoke_American_History_X_smoke_h_nm_np1_fr_goo_29.pt,smoke,40
/data/dev/projects/ai/Trackey/trackey/research/EXTRACTED_HMDB51_FEATURES/smoke_American_History_X_smoke_h_nm_np1_ri_med_45.pt,smoke,40
/data/dev/projects/ai/Trackey/trackey/research/EXTRACTED_HMDB51_FEATURES/smoke_American_History_X_smoke_u_nm_np1_fr_med_43.pt,smoke,40
/data/dev/projects/ai/Trackey/trackey/research/EXTRACTED_HMDB51_FEATURES/smoke_Buckle-Up_smoke_h_cm_np1_ri_goo_0.pt,smoke,40
/data/dev/projects/ai/Trackey/trackey/research/EXTRACTED_HMDB51_FEATURES/smoke_Glory_smoke_h_nm_np1_fr_goo_41.pt,smoke,40
/data/dev/projects/ai/Trackey/trackey/research/EXTRACTED_HMDB51_FEATURES/smoke_Glory_smoke_h_nm_np1_fr_goo_42.pt,smoke,40
/data/dev/projects/ai/Trackey/trackey/research/EXTRACTED_HMDB51_FEATURES/smoke_Glory_smoke_u_nm_np1_le_goo_34.pt,smoke,40
/data/dev/projects/ai/Trackey/trackey/research/EXTRACTED_HMDB51_FEATURES/smoke_Glory_smoke_u_nm_np1_le_goo_35.pt,smoke,40
/data/dev/projects/ai/Trackey/trackey/research/EXTRACTED_HMDB51_FEATURES/smoke_How_to_smoke_smoke_h_nm_np1_fr_goo_0.pt,smoke,40
/data/dev/projects/ai/Trackey/trackey/research/EXTRACTED_HMDB51_FEATURES/smoke_How_to_smoke_smoke_h_nm_np1_fr_goo_1.pt,smoke,40
/data/dev/projects/ai/Trackey/trackey/research/EXTRACTED_HMDB51_FEATURES/smoke_Laughing_Girl_smoke_u_nm_np1_ri_goo_0.pt,smoke,40
/data/dev/projects/ai/Trackey/trackey/research/EXTRACTED_HMDB51_FEATURES/smoke_OSSER_-_Qualboro_light_-_Marlboro_Verarschung_smoke_h_cm_np1_le_bad_0.pt,smoke,40
/data/dev/projects/ai/Trackey/trackey/research/EXTRACTED_HMDB51_FEATURES/smoke_Prelinger_LetYours1940_smoke_f_nm_np1_fr_med_6.pt,smoke,40
/data/dev/projects/ai/Trackey/trackey/research/EXTRACTED_HMDB51_FEATURES/smoke_Rauchen_f_r_Anf_nger_smoke_h_nm_np1_fr_med_0.pt,smoke,40
/data/dev/projects/ai/Trackey/trackey/research/EXTRACTED_HMDB51_FEATURES/smoke_Rauchen_f_r_Anf_nger_smoke_h_nm_np1_fr_med_1.pt,smoke,40
/data/dev/projects/ai/Trackey/trackey/research/EXTRACTED_HMDB51_FEATURES/smoke_Rauchen_f_r_Anf_nger_smoke_h_nm_np1_fr_med_2.pt,smoke,40
/data/dev/projects/ai/Trackey/trackey/research/EXTRACTED_HMDB51_FEATURES/smoke_Raucher_Antiraucher_Werbung_smoke_h_cm_np1_fr_goo_2.pt,smoke,40
/data/dev/projects/ai/Trackey/trackey/research/EXTRACTED_HMDB51_FEATURES/smoke_Raucher_Antiraucher_Werbung_smoke_h_cm_np1_fr_med_1.pt,smoke,40
/data/dev/projects/ai/Trackey/trackey/research/EXTRACTED_HMDB51_FEATURES/smoke_Raucher_Antiraucher_Werbung_smoke_u_cm_np1_fr_med_0.pt,smoke,40
/data/dev/projects/ai/Trackey/trackey/research/EXTRACTED_HMDB51_FEATURES/smoke_Raucher_TRICK_xD_smoke_h_cm_np1_fr_med_0.pt,smoke,40
/data/dev/projects/ai/Trackey/trackey/research/EXTRACTED_HMDB51_FEATURES/smoke_Raucher_TRICK_xD_smoke_u_cm_np1_fr_med_1.pt,smoke,40
/data/dev/projects/ai/Trackey/trackey/research/EXTRACTED_HMDB51_FEATURES/smoke_Raucher_TRICK_xD_smoke_u_cm_np1_fr_med_2.pt,smoke,40
/data/dev/projects/ai/Trackey/trackey/research/EXTRACTED_HMDB51_FEATURES/smoke_Raucher_TRICK_xD_smoke_u_cm_np1_fr_med_3.pt,smoke,40
/data/dev/projects/ai/Trackey/trackey/research/EXTRACTED_HMDB51_FEATURES/smoke_Return_of_the_King_11_smoke_h_nm_np1_fr_med_0.pt,smoke,40
/data/dev/projects/ai/Trackey/trackey/research/EXTRACTED_HMDB51_FEATURES/smoke_Return_of_the_King_11_smoke_h_nm_np1_fr_med_1.pt,smoke,40
/data/dev/projects/ai/Trackey/trackey/research/EXTRACTED_HMDB51_FEATURES/smoke_Return_of_the_King_11_smoke_h_nm_np1_fr_med_2.pt,smoke,40
/data/dev/projects/ai/Trackey/trackey/research/EXTRACTED_HMDB51_FEATURES/smoke_Return_of_the_King_1_smoke_h_cm_np1_fr_goo_7.pt,smoke,40
/data/dev/projects/ai/Trackey/trackey/research/EXTRACTED_HMDB51_FEATURES/smoke_Return_of_the_King_1_smoke_h_nm_np1_ri_goo_3.pt,smoke,40
/data/dev/projects/ai/Trackey/trackey/research/EXTRACTED_HMDB51_FEATURES/smoke_Return_of_the_King_3_smoke_h_nm_np1_fr_med_3.pt,smoke,40
/data/dev/projects/ai/Trackey/trackey/research/EXTRACTED_HMDB51_FEATURES/smoke_Rich_smoking_experience_smoke_h_nm_np1_fr_med_0.pt,smoke,40
/data/dev/projects/ai/Trackey/trackey/research/EXTRACTED_HMDB51_FEATURES/smoke_Rich_smoking_experience_smoke_h_nm_np1_fr_med_1.pt,smoke,40
/data/dev/projects/ai/Trackey/trackey/research/EXTRACTED_HMDB51_FEATURES/smoke_Rich_smoking_experience_smoke_h_nm_np1_fr_med_2.pt,smoke,40
/data/dev/projects/ai/Trackey/trackey/research/EXTRACTED_HMDB51_FEATURES/smoke_Rich_smoking_experience_smoke_h_nm_np1_le_med_3.pt,smoke,40
/data/dev/projects/ai/Trackey/trackey/research/EXTRACTED_HMDB51_FEATURES/smoke_Sara_beim_Rauchen_-_Volume_3_smoke_h_cm_np1_fr_bad_1.pt,smoke,40
/data/dev/projects/ai/Trackey/trackey/research/EXTRACTED_HMDB51_FEATURES/smoke_Sara_beim_Rauchen_-_Volume_3_smoke_h_cm_np1_fr_bad_2.pt,smoke,40
/data/dev/projects/ai/Trackey/trackey/research/EXTRACTED_HMDB51_FEATURES/smoke_Sara_beim_Rauchen_-_Volume_3_smoke_h_cm_np1_fr_med_0.pt,smoke,40
/data/dev/projects/ai/Trackey/trackey/research/EXTRACTED_HMDB51_FEATURES/smoke_Sexy_Smoking_Girl_-_Teen_Smoking_Cigarette_smoke_u_nm_np1_fr_goo_0.pt,smoke,40
/data/dev/projects/ai/Trackey/trackey/research/EXTRACTED_HMDB51_FEATURES/smoke_Sexy_Smoking_Girl_-_Teen_Smoking_Cigarette_smoke_u_nm_np1_fr_goo_1.pt,smoke,40
/data/dev/projects/ai/Trackey/trackey/research/EXTRACTED_HMDB51_FEATURES/smoke_The_Fugitive_2_smoke_h_nm_np1_fr_med_23.pt,smoke,40
/data/dev/projects/ai/Trackey/trackey/research/EXTRACTED_HMDB51_FEATURES/smoke_The_Fugitive_2_smoke_u_cm_np1_fr_bad_22.pt,smoke,40
/data/dev/projects/ai/Trackey/trackey/research/EXTRACTED_HMDB51_FEATURES/smoke_The_Matrix_4_smoke_h_nm_np1_fr_goo_1.pt,smoke,40
/data/dev/projects/ai/Trackey/trackey/research/EXTRACTED_HMDB51_FEATURES/smoke_Veoh_Alpha_Dog_1_smoke_h_nm_np1_fr_goo_20.pt,smoke,40
/data/dev/projects/ai/Trackey/trackey/research/EXTRACTED_HMDB51_FEATURES/smoke_Veoh_Alpha_Dog_1_smoke_h_nm_np1_fr_goo_4.pt,smoke,40
/data/dev/projects/ai/Trackey/trackey/research/EXTRACTED_HMDB51_FEATURES/smoke_Veoh_Alpha_Dog_1_smoke_h_nm_np1_fr_goo_53.pt,smoke,40
/data/dev/projects/ai/Trackey/trackey/research/EXTRACTED_HMDB51_FEATURES/smoke_Veoh_Alpha_Dog_1_smoke_h_nm_np1_fr_med_54.pt,smoke,40
/data/dev/projects/ai/Trackey/trackey/research/EXTRACTED_HMDB51_FEATURES/smoke_Veoh_Alpha_Dog_1_smoke_u_cm_np1_fr_med_8.pt,smoke,40
/data/dev/projects/ai/Trackey/trackey/research/EXTRACTED_HMDB51_FEATURES/smoke_Veoh_Alpha_Dog_1_smoke_u_cm_np1_ri_goo_9.pt,smoke,40
/data/dev/projects/ai/Trackey/trackey/research/EXTRACTED_HMDB51_FEATURES/smoke_Veoh_Alpha_Dog_1_smoke_u_nm_np1_fr_med_10.pt,smoke,40
/data/dev/projects/ai/Trackey/trackey/research/EXTRACTED_HMDB51_FEATURES/smoke_Veoh_Alpha_Dog_1_smoke_u_nm_np1_ri_med_17.pt,smoke,40
/data/dev/projects/ai/Trackey/trackey/research/EXTRACTED_HMDB51_FEATURES/smoke_Veoh_Alpha_Dog_2_smoke_h_cm_np1_fr_med_4.pt,smoke,40
/data/dev/projects/ai/Trackey/trackey/research/EXTRACTED_HMDB51_FEATURES/smoke_Veoh_Alpha_Dog_2_smoke_h_nm_np1_ri_goo_12.pt,smoke,40
/data/dev/projects/ai/Trackey/trackey/research/EXTRACTED_HMDB51_FEATURES/smoke_girl_smoking_a_cigarette_smoke_h_nm_np1_fr_med_0.pt,smoke,40
/data/dev/projects/ai/Trackey/trackey/research/EXTRACTED_HMDB51_FEATURES/smoke_girl_smoking_a_cigarette_smoke_h_nm_np1_fr_med_1.pt,smoke,40
/data/dev/projects/ai/Trackey/trackey/research/EXTRACTED_HMDB51_FEATURES/smoke_girl_smoking_a_cigarette_smoke_h_nm_np1_fr_med_2.pt,smoke,40
/data/dev/projects/ai/Trackey/trackey/research/EXTRACTED_HMDB51_FEATURES/smoke_girl_smoking_smoke_h_cm_np1_ri_goo_0.pt,smoke,40
/data/dev/projects/ai/Trackey/trackey/research/EXTRACTED_HMDB51_FEATURES/smoke_girl_smoking_smoke_h_cm_np1_ri_goo_1.pt,smoke,40
/data/dev/projects/ai/Trackey/trackey/research/EXTRACTED_HMDB51_FEATURES/smoke_girl_smoking_smoke_h_cm_np1_ri_goo_2.pt,smoke,40
/data/dev/projects/ai/Trackey/trackey/research/EXTRACTED_HMDB51_FEATURES/smoke_more_smoking_smoke_h_cm_np1_ri_med_0.pt,smoke,40
/data/dev/projects/ai/Trackey/trackey/research/EXTRACTED_HMDB51_FEATURES/smoke_more_smoking_smoke_h_cm_np1_ri_med_1.pt,smoke,40
/data/dev/projects/ai/Trackey/trackey/research/EXTRACTED_HMDB51_FEATURES/smoke_more_smoking_smoke_h_cm_np1_ri_med_2.pt,smoke,40
/data/dev/projects/ai/Trackey/trackey/research/EXTRACTED_HMDB51_FEATURES/smoke_nice_smoking_girl_smoke_h_nm_np1_le_med_0.pt,smoke,40
/data/dev/projects/ai/Trackey/trackey/research/EXTRACTED_HMDB51_FEATURES/smoke_nice_smoking_girl_smoke_h_nm_np1_le_med_1.pt,smoke,40
/data/dev/projects/ai/Trackey/trackey/research/EXTRACTED_HMDB51_FEATURES/smoke_nice_smoking_girl_smoke_h_nm_np1_le_med_2.pt,smoke,40
/data/dev/projects/ai/Trackey/trackey/research/EXTRACTED_HMDB51_FEATURES/smoke_passive_rauchen_smoke_h_cm_np1_ri_med_0.pt,smoke,40
/data/dev/projects/ai/Trackey/trackey/research/EXTRACTED_HMDB51_FEATURES/smoke_raucher_smoke_u_nm_np1_fr_med_0.pt,smoke,40
/data/dev/projects/ai/Trackey/trackey/research/EXTRACTED_HMDB51_FEATURES/smoke_raucher_smoke_u_nm_np1_fr_med_1.pt,smoke,40
/data/dev/projects/ai/Trackey/trackey/research/EXTRACTED_HMDB51_FEATURES/smoke_raucher_smoke_u_nm_np1_fr_med_2.pt,smoke,40
/data/dev/projects/ai/Trackey/trackey/research/EXTRACTED_HMDB51_FEATURES/smoke_ricky_bobby_smoke_h_nm_np1_fr_med_0.pt,smoke,40
/data/dev/projects/ai/Trackey/trackey/research/EXTRACTED_HMDB51_FEATURES/smoke_smoking_1_smoke_h_cm_np1_ri_goo_0.pt,smoke,40
/data/dev/projects/ai/Trackey/trackey/research/EXTRACTED_HMDB51_FEATURES/smoke_smoking_1_smoke_h_cm_np1_ri_med_1.pt,smoke,40
/data/dev/projects/ai/Trackey/trackey/research/EXTRACTED_HMDB51_FEATURES/smoke_smoking_1_smoke_h_cm_np1_ri_med_2.pt,smoke,40
/data/dev/projects/ai/Trackey/trackey/research/EXTRACTED_HMDB51_FEATURES/smoke_smoking_2_smoke_h_cm_np1_ba_goo_2.pt,smoke,40
/data/dev/projects/ai/Trackey/trackey/research/EXTRACTED_HMDB51_FEATURES/smoke_smoking_2_smoke_h_cm_np1_ba_med_4.pt,smoke,40
/data/dev/projects/ai/Trackey/trackey/research/EXTRACTED_HMDB51_FEATURES/smoke_smoking_2_smoke_h_cm_np1_ba_med_5.pt,smoke,40
/data/dev/projects/ai/Trackey/trackey/research/EXTRACTED_HMDB51_FEATURES/smoke_smoking_2_smoke_h_cm_np1_ri_med_0.pt,smoke,40
/data/dev/projects/ai/Trackey/trackey/research/EXTRACTED_HMDB51_FEATURES/smoke_smoking_2_smoke_h_cm_np1_ri_med_1.pt,smoke,40
/data/dev/projects/ai/Trackey/trackey/research/EXTRACTED_HMDB51_FEATURES/smoke_smoking_2_smoke_h_cm_np1_ri_med_3.pt,smoke,40
/data/dev/projects/ai/Trackey/trackey/research/EXTRACTED_HMDB51_FEATURES/smoke_smoking_3_smoke_h_cm_np1_fr_med_1.pt,smoke,40
/data/dev/projects/ai/Trackey/trackey/research/EXTRACTED_HMDB51_FEATURES/smoke_smoking_3_smoke_h_cm_np1_le_med_0.pt,smoke,40
/data/dev/projects/ai/Trackey/trackey/research/EXTRACTED_HMDB51_FEATURES/smoke_smoking_a_cigarette_smoke_h_nm_np1_fr_med_0.pt,smoke,40
/data/dev/projects/ai/Trackey/trackey/research/EXTRACTED_HMDB51_FEATURES/smoke_smoking_a_cigarette_smoke_h_nm_np1_fr_med_1.pt,smoke,40
/data/dev/projects/ai/Trackey/trackey/research/EXTRACTED_HMDB51_FEATURES/smoke_smoking_a_cigarette_smoke_h_nm_np1_fr_med_2.pt,smoke,40
/data/dev/projects/ai/Trackey/trackey/research/EXTRACTED_HMDB51_FEATURES/smoke_smoking_again_smoke_h_cm_np1_ba_goo_3.pt,smoke,40
/data/dev/projects/ai/Trackey/trackey/research/EXTRACTED_HMDB51_FEATURES/smoke_smoking_again_smoke_h_cm_np1_le_goo_0.pt,smoke,40
/data/dev/projects/ai/Trackey/trackey/research/EXTRACTED_HMDB51_FEATURES/smoke_smoking_again_smoke_h_cm_np1_le_goo_1.pt,smoke,40
/data/dev/projects/ai/Trackey/trackey/research/EXTRACTED_HMDB51_FEATURES/smoke_smoking_again_smoke_h_cm_np1_le_goo_2.pt,smoke,40
/data/dev/projects/ai/Trackey/trackey/research/EXTRACTED_HMDB51_FEATURES/smoke_smoking_smoke_h_nm_np1_fr_med_0.pt,smoke,40
/data/dev/projects/ai/Trackey/trackey/research/EXTRACTED_HMDB51_FEATURES/smoke_smoking_smoke_h_nm_np1_fr_med_1.pt,smoke,40
/data/dev/projects/ai/Trackey/trackey/research/EXTRACTED_HMDB51_FEATURES/smoke_smoking_smoke_h_nm_np1_fr_med_2.pt,smoke,40
/data/dev/projects/ai/Trackey/trackey/research/EXTRACTED_HMDB51_FEATURES/smoke_smoking_smoking_-_tricks!_smoke_h_nm_np1_fr_goo_0.pt,smoke,40
/data/dev/projects/ai/Trackey/trackey/research/EXTRACTED_HMDB51_FEATURES/smoke_smoking_smoking_-_tricks!_smoke_h_nm_np1_fr_goo_1.pt,smoke,40
/data/dev/projects/ai/Trackey/trackey/research/EXTRACTED_HMDB51_FEATURES/smoke_smoking_smoking_-_tricks!_smoke_h_nm_np1_fr_med_2.pt,smoke,40
/data/dev/projects/ai/Trackey/trackey/research/EXTRACTED_HMDB51_FEATURES/smoke_smoking_video_smoke_h_nm_np1_fr_goo_1.pt,smoke,40
/data/dev/projects/ai/Trackey/trackey/research/EXTRACTED_HMDB51_FEATURES/smoke_smoking_video_smoke_h_nm_np1_fr_goo_2.pt,smoke,40
/data/dev/projects/ai/Trackey/trackey/research/EXTRACTED_HMDB51_FEATURES/smoke_smoking_video_smoke_h_nm_np1_fr_med_0.pt,smoke,40
/data/dev/projects/ai/Trackey/trackey/research/EXTRACTED_HMDB51_FEATURES/smoke_you_like_a_nice_long_white_cig_smoke_u_nm_np1_ri_goo_0.pt,smoke,40
/data/dev/projects/ai/Trackey/trackey/research/EXTRACTED_HMDB51_FEATURES/smoke_you_like_a_nice_long_white_cig_smoke_u_nm_np1_ri_goo_1.pt,smoke,40
/data/dev/projects/ai/Trackey/trackey/research/EXTRACTED_HMDB51_FEATURES/smoke_you_like_a_nice_long_white_cig_smoke_u_nm_np1_ri_goo_2.pt,smoke,40
/data/dev/projects/ai/Trackey/trackey/research/EXTRACTED_HMDB51_FEATURES/smoke_zigarette_rauchen_smoke_h_nm_np1_fr_med_0.pt,smoke,40
/data/dev/projects/ai/Trackey/trackey/research/EXTRACTED_HMDB51_FEATURES/smoke_zigarette_rauchen_smoke_h_nm_np1_fr_med_1.pt,smoke,40
/data/dev/projects/ai/Trackey/trackey/research/EXTRACTED_HMDB51_FEATURES/smoke_zigarette_rauchen_smoke_h_nm_np1_fr_med_2.pt,smoke,40
/data/dev/projects/ai/Trackey/trackey/research/EXTRACTED_HMDB51_FEATURES/somersault_48_Putzelb_ume_hintereinander_Mare_somersault_f_cm_np1_le_bad_0.pt,somersault,41
/data/dev/projects/ai/Trackey/trackey/research/EXTRACTED_HMDB51_FEATURES/somersault_48_Putzelb_ume_hintereinander_Mare_somersault_f_cm_np1_le_bad_1.pt,somersault,41
/data/dev/projects/ai/Trackey/trackey/research/EXTRACTED_HMDB51_FEATURES/somersault_48_Putzelb_ume_hintereinander_Mare_somersault_f_cm_np1_le_bad_2.pt,somersault,41
/data/dev/projects/ai/Trackey/trackey/research/EXTRACTED_HMDB51_FEATURES/somersault_Beginner_parkour_dive_roll_somersault_f_cm_np1_le_bad_0.pt,somersault,41
/data/dev/projects/ai/Trackey/trackey/research/EXTRACTED_HMDB51_FEATURES/somersault_Billie_2007_p8_Boden_somersault_f_cm_np1_ba_bad_0.pt,somersault,41
/data/dev/projects/ai/Trackey/trackey/research/EXTRACTED_HMDB51_FEATURES/somersault_Boden-K_r_somersault_f_cm_np1_ri_med_1.pt,somersault,41
/data/dev/projects/ai/Trackey/trackey/research/EXTRACTED_HMDB51_FEATURES/somersault_Boden-K_r_somersault_f_cm_np1_ri_med_2.pt,somersault,41
/data/dev/projects/ai/Trackey/trackey/research/EXTRACTED_HMDB51_FEATURES/somersault_Boden-K_r_somersault_f_cm_np1_ri_med_3.pt,somersault,41
/data/dev/projects/ai/Trackey/trackey/research/EXTRACTED_HMDB51_FEATURES/somersault_Boden_bung_Spoho_Eignungspr_fung_somersault_f_cm_np1_le_med_0.pt,somersault,41
/data/dev/projects/ai/Trackey/trackey/research/EXTRACTED_HMDB51_FEATURES/somersault_Boden_p8_somersault_f_cm_np1_ba_med_0.pt,somersault,41
/data/dev/projects/ai/Trackey/trackey/research/EXTRACTED_HMDB51_FEATURES/somersault_Boden_p8_somersault_f_cm_np1_ba_med_1.pt,somersault,41
/data/dev/projects/ai/Trackey/trackey/research/EXTRACTED_HMDB51_FEATURES/somersault_Bodenk_r_Spo_08_somersault_f_cm_np1_le_med_0.pt,somersault,41
/data/dev/projects/ai/Trackey/trackey/research/EXTRACTED_HMDB51_FEATURES/somersault_Bodenk_r_somersault_f_cm_np1_fr_med_5.pt,somersault,41
/data/dev/projects/ai/Trackey/trackey/research/EXTRACTED_HMDB51_FEATURES/somersault_Bodenk_r_somersault_f_cm_np1_le_med_0.pt,somersault,41
/data/dev/projects/ai/Trackey/trackey/research/EXTRACTED_HMDB51_FEATURES/somersault_Bodenk_r_somersault_f_cm_np1_le_med_3.pt,somersault,41
/data/dev/projects/ai/Trackey/trackey/research/EXTRACTED_HMDB51_FEATURES/somersault_Bodenk_r_somersault_f_cm_np1_le_med_4.pt,somersault,41
/data/dev/projects/ai/Trackey/trackey/research/EXTRACTED_HMDB51_FEATURES/somersault_Bodenk_r_somersault_f_cm_np1_ri_med_1.pt,somersault,41
/data/dev/projects/ai/Trackey/trackey/research/EXTRACTED_HMDB51_FEATURES/somersault_Bodenk_r_somersault_f_cm_np1_ri_med_2.pt,somersault,41
/data/dev/projects/ai/Trackey/trackey/research/EXTRACTED_HMDB51_FEATURES/somersault_Bodenk_r_somersault_f_cm_np1_ri_med_6.pt,somersault,41
/data/dev/projects/ai/Trackey/trackey/research/EXTRACTED_HMDB51_FEATURES/somersault_Bodenturnen_f_r_Anf_nger_somersault_f_cm_np1_fr_med_2.pt,somersault,41
/data/dev/projects/ai/Trackey/trackey/research/EXTRACTED_HMDB51_FEATURES/somersault_Bodenturnen_f_r_Anf_nger_somersault_f_cm_np1_fr_med_3.pt,somersault,41
/data/dev/projects/ai/Trackey/trackey/research/EXTRACTED_HMDB51_FEATURES/somersault_Bodenturnen_im_sportunterricht_somersault_f_cm_np1_le_med_0.pt,somersault,41
/data/dev/projects/ai/Trackey/trackey/research/EXTRACTED_HMDB51_FEATURES/somersault_Bodenturnen_somersault_f_cm_np1_ri_med_1.pt,somersault,41
/data/dev/projects/ai/Trackey/trackey/research/EXTRACTED_HMDB51_FEATURES/somersault_Charlottes_Brilliant_Roly_Poly__Handstand_Thingy_somersault_f_cm_np1_le_bad_0.pt,somersault,41
/data/dev/projects/ai/Trackey/trackey/research/EXTRACTED_HMDB51_FEATURES/somersault_DSHS_Pflicht_Bodenturnen_BAS_1_Bachelor_Spoho_somersault_f_cm_np1_le_med_2.pt,somersault,41
/data/dev/projects/ai/Trackey/trackey/research/EXTRACTED_HMDB51_FEATURES/somersault_Dive_Roll_Over_Concrete_Gap_somersault_f_cm_np1_le_bad_0.pt,somersault,41
/data/dev/projects/ai/Trackey/trackey/research/EXTRACTED_HMDB51_FEATURES/somersault_Dive_and_roll_compilation_(Parkour)_somersault_f_cm_np1_ba_bad_3.pt,somersault,41
/data/dev/projects/ai/Trackey/trackey/research/EXTRACTED_HMDB51_FEATURES/somersault_Dive_and_roll_compilation_(Parkour)_somersault_f_cm_np1_fr_bad_0.pt,somersault,41
/data/dev/projects/ai/Trackey/trackey/research/EXTRACTED_HMDB51_FEATURES/somersault_Dive_and_roll_compilation_(Parkour)_somersault_f_cm_np1_fr_bad_2.pt,somersault,41
/data/dev/projects/ai/Trackey/trackey/research/EXTRACTED_HMDB51_FEATURES/somersault_Dive_and_roll_compilation_(Parkour)_somersault_f_cm_np1_le_bad_4.pt,somersault,41
/data/dev/projects/ai/Trackey/trackey/research/EXTRACTED_HMDB51_FEATURES/somersault_Dive_and_roll_compilation_(Parkour)_somersault_f_cm_np1_le_bad_5.pt,somersault,41
/data/dev/projects/ai/Trackey/trackey/research/EXTRACTED_HMDB51_FEATURES/somersault_Dive_and_roll_compilation_(Parkour)_somersault_f_cm_np1_le_bad_6.pt,somersault,41
/data/dev/projects/ai/Trackey/trackey/research/EXTRACTED_HMDB51_FEATURES/somersault_Dive_and_roll_compilation_(Parkour)_somersault_f_cm_np1_le_bad_7.pt,somersault,41
/data/dev/projects/ai/Trackey/trackey/research/EXTRACTED_HMDB51_FEATURES/somersault_Dive_and_roll_compilation_(Parkour)_somersault_f_cm_np1_ri_bad_1.pt,somersault,41
/data/dev/projects/ai/Trackey/trackey/research/EXTRACTED_HMDB51_FEATURES/somersault_Freie_Rolle-vw_Salto_somersault_f_cm_np1_ri_med_0.pt,somersault,41
/data/dev/projects/ai/Trackey/trackey/research/EXTRACTED_HMDB51_FEATURES/somersault_Ger_teturnen_Pr_fung_-_G_S_somersault_f_cm_np1_le_med_0.pt,somersault,41
/data/dev/projects/ai/Trackey/trackey/research/EXTRACTED_HMDB51_FEATURES/somersault_Ger_teturnen_Pr_fung_-_G_S_somersault_f_cm_np1_le_med_2.pt,somersault,41
/data/dev/projects/ai/Trackey/trackey/research/EXTRACTED_HMDB51_FEATURES/somersault_Ger_teturnen_Pr_fung_-_G_S_somersault_f_cm_np1_ri_med_1.pt,somersault,41
/data/dev/projects/ai/Trackey/trackey/research/EXTRACTED_HMDB51_FEATURES/somersault_Gymnastics_Parkour_diving_somersault_f_nm_np1_ba_bad_0.pt,somersault,41
/data/dev/projects/ai/Trackey/trackey/research/EXTRACTED_HMDB51_FEATURES/somersault_Gymnastics__-_How_to_Perform_a_Somersault_somersault_f_cm_np1_le_med_0.pt,somersault,41
/data/dev/projects/ai/Trackey/trackey/research/EXTRACTED_HMDB51_FEATURES/somersault_Gymnastics__-_How_to_Perform_a_Somersault_somersault_f_cm_np1_le_med_1.pt,somersault,41
/data/dev/projects/ai/Trackey/trackey/research/EXTRACTED_HMDB51_FEATURES/somersault_Handstandk_nig_somersault_f_cm_np1_ba_med_5.pt,somersault,41
/data/dev/projects/ai/Trackey/trackey/research/EXTRACTED_HMDB51_FEATURES/somersault_Handstandk_nig_somersault_f_cm_np1_le_med_1.pt,somersault,41
/data/dev/projects/ai/Trackey/trackey/research/EXTRACTED_HMDB51_FEATURES/somersault_Handstandk_nig_somersault_f_cm_np1_le_med_2.pt,somersault,41
/data/dev/projects/ai/Trackey/trackey/research/EXTRACTED_HMDB51_FEATURES/somersault_Hechtsprung_somersault_f_cm_np1_le_bad_0.pt,somersault,41
/data/dev/projects/ai/Trackey/trackey/research/EXTRACTED_HMDB51_FEATURES/somersault_Hechtsprung_somersault_f_cm_np1_le_bad_1.pt,somersault,41
/data/dev/projects/ai/Trackey/trackey/research/EXTRACTED_HMDB51_FEATURES/somersault_Jennis_Bodenk_r_somersault_f_cm_np1_le_med_0.pt,somersault,41
/data/dev/projects/ai/Trackey/trackey/research/EXTRACTED_HMDB51_FEATURES/somersault_Jennis_Bodenk_r_somersault_f_cm_np1_le_med_1.pt,somersault,41
/data/dev/projects/ai/Trackey/trackey/research/EXTRACTED_HMDB51_FEATURES/somersault_Jennis_Bodenk_r_somersault_f_cm_np1_le_med_2.pt,somersault,41
/data/dev/projects/ai/Trackey/trackey/research/EXTRACTED_HMDB51_FEATURES/somersault_Juli_beim_Bodenturnen_MPG_somersault_f_cm_np1_ba_bad_2.pt,somersault,41
/data/dev/projects/ai/Trackey/trackey/research/EXTRACTED_HMDB51_FEATURES/somersault_Juli_beim_Bodenturnen_MPG_somersault_f_cm_np1_le_bad_0.pt,somersault,41
/data/dev/projects/ai/Trackey/trackey/research/EXTRACTED_HMDB51_FEATURES/somersault_Juli_beim_Bodenturnen_MPG_somersault_f_cm_np1_le_bad_1.pt,somersault,41
/data/dev/projects/ai/Trackey/trackey/research/EXTRACTED_HMDB51_FEATURES/somersault_Kristina_Goryunova_-_Floor_Exercise_-_2009_Tyson_American_Cu_somersault_f_cm_np1_le_med_1.pt,somersault,41
/data/dev/projects/ai/Trackey/trackey/research/EXTRACTED_HMDB51_FEATURES/somersault_LONGESTYARD_somersault_f_cm_np1_ba_bad_28.pt,somersault,41
/data/dev/projects/ai/Trackey/trackey/research/EXTRACTED_HMDB51_FEATURES/somersault_LONGESTYARD_somersault_f_cm_np1_le_bad_27.pt,somersault,41
/data/dev/projects/ai/Trackey/trackey/research/EXTRACTED_HMDB51_FEATURES/somersault_Le_Parkour_TVCA_esporte_somersault_f_cm_np1_fr_bad_0.pt,somersault,41
/data/dev/projects/ai/Trackey/trackey/research/EXTRACTED_HMDB51_FEATURES/somersault_Le_Parkour_et_Accros_Kevin_Ryser_2008-2009_somersault_f_cm_np1_le_med_1.pt,somersault,41
/data/dev/projects/ai/Trackey/trackey/research/EXTRACTED_HMDB51_FEATURES/somersault_Le_Parkour_et_Accros_Kevin_Ryser_2008-2009_somersault_f_nm_np1_le_med_0.pt,somersault,41
/data/dev/projects/ai/Trackey/trackey/research/EXTRACTED_HMDB51_FEATURES/somersault_Learn_Freerunning_and_Parkour_-_Diving_Roll_somersault_f_cm_np1_ba_bad_1.pt,somersault,41
/data/dev/projects/ai/Trackey/trackey/research/EXTRACTED_HMDB51_FEATURES/somersault_Learn_Freerunning_and_Parkour_-_Diving_Roll_somersault_f_cm_np1_ba_bad_2.pt,somersault,41
/data/dev/projects/ai/Trackey/trackey/research/EXTRACTED_HMDB51_FEATURES/somersault_Learn_Freerunning_and_Parkour_-_Diving_Roll_somersault_f_cm_np1_le_bad_0.pt,somersault,41
/data/dev/projects/ai/Trackey/trackey/research/EXTRACTED_HMDB51_FEATURES/somersault_Learn_Freerunning_and_Parkour_-_Diving_Roll_somersault_f_cm_np1_le_bad_5.pt,somersault,41
/data/dev/projects/ai/Trackey/trackey/research/EXTRACTED_HMDB51_FEATURES/somersault_Learn_Freerunning_and_Parkour_-_Diving_Roll_somersault_f_nm_np1_fr_bad_3.pt,somersault,41
/data/dev/projects/ai/Trackey/trackey/research/EXTRACTED_HMDB51_FEATURES/somersault_Liri_beim_Bodenturnen_somersault_f_cm_np1_le_bad_0.pt,somersault,41
/data/dev/projects/ai/Trackey/trackey/research/EXTRACTED_HMDB51_FEATURES/somersault_Liri_beim_Bodenturnen_somersault_f_cm_np1_le_bad_1.pt,somersault,41
/data/dev/projects/ai/Trackey/trackey/research/EXTRACTED_HMDB51_FEATURES/somersault_MWG_Bodenturnen_somersault_f_cm_np1_le_bad_2.pt,somersault,41
/data/dev/projects/ai/Trackey/trackey/research/EXTRACTED_HMDB51_FEATURES/somersault_MWG_Bodenturnen_somersault_f_cm_np1_le_bad_3.pt,somersault,41
/data/dev/projects/ai/Trackey/trackey/research/EXTRACTED_HMDB51_FEATURES/somersault_MWG_Bodenturnen_somersault_f_cm_np1_ri_bad_4.pt,somersault,41
/data/dev/projects/ai/Trackey/trackey/research/EXTRACTED_HMDB51_FEATURES/somersault_MWG_Bodenturnen_somersault_f_cm_np1_ri_bad_5.pt,somersault,41
/data/dev/projects/ai/Trackey/trackey/research/EXTRACTED_HMDB51_FEATURES/somersault_MWG_Bodenturnen_somersault_f_cm_np2_ri_bad_0.pt,somersault,41
/data/dev/projects/ai/Trackey/trackey/research/EXTRACTED_HMDB51_FEATURES/somersault_MWG_Bodenturnen_somersault_f_cm_np2_ri_bad_1.pt,somersault,41
/data/dev/projects/ai/Trackey/trackey/research/EXTRACTED_HMDB51_FEATURES/somersault_Massive_6_meter_dive_roll_somersault_f_cm_np1_le_bad_0.pt,somersault,41
/data/dev/projects/ai/Trackey/trackey/research/EXTRACTED_HMDB51_FEATURES/somersault_Monikas_Staatsexamen__Turnen_somersault_f_cm_np1_ba_med_1.pt,somersault,41
/data/dev/projects/ai/Trackey/trackey/research/EXTRACTED_HMDB51_FEATURES/somersault_Monikas_Staatsexamen__Turnen_somersault_f_cm_np1_le_med_5.pt,somersault,41
/data/dev/projects/ai/Trackey/trackey/research/EXTRACTED_HMDB51_FEATURES/somersault_Parkour_Dive_Tutorial_somersault_f_cm_np1_ba_bad_1.pt,somersault,41
/data/dev/projects/ai/Trackey/trackey/research/EXTRACTED_HMDB51_FEATURES/somersault_Parkour_Dive_Tutorial_somersault_f_cm_np1_ba_bad_3.pt,somersault,41
/data/dev/projects/ai/Trackey/trackey/research/EXTRACTED_HMDB51_FEATURES/somersault_Parkour_Dive_Tutorial_somersault_f_cm_np1_fr_bad_2.pt,somersault,41
/data/dev/projects/ai/Trackey/trackey/research/EXTRACTED_HMDB51_FEATURES/somersault_Parkour_Dive_Tutorial_somersault_u_cm_np1_ri_bad_0.pt,somersault,41
/data/dev/projects/ai/Trackey/trackey/research/EXTRACTED_HMDB51_FEATURES/somersault_Parkour_Napoli_-_Dive_Roll_somersault_f_cm_np1_le_bad_0.pt,somersault,41
/data/dev/projects/ai/Trackey/trackey/research/EXTRACTED_HMDB51_FEATURES/somersault_Parkour_Napoli_-_Dive_Roll_somersault_f_cm_np1_le_bad_1.pt,somersault,41
/data/dev/projects/ai/Trackey/trackey/research/EXTRACTED_HMDB51_FEATURES/somersault_Paul_Hamm_on_Floor_Exercise_at_2008_Pacific_Rim_somersault_f_cm_np1_ba_med_1.pt,somersault,41
/data/dev/projects/ai/Trackey/trackey/research/EXTRACTED_HMDB51_FEATURES/somersault_Paul_Hamm_on_Floor_Exercise_at_2008_Pacific_Rim_somersault_f_cm_np1_fr_med_0.pt,somersault,41
/data/dev/projects/ai/Trackey/trackey/research/EXTRACTED_HMDB51_FEATURES/somersault_Paul_Hamm_on_Floor_Exercise_at_2008_Pacific_Rim_somersault_f_cm_np1_le_med_2.pt,somersault,41
/data/dev/projects/ai/Trackey/trackey/research/EXTRACTED_HMDB51_FEATURES/somersault_Philli_beim_Bodenturnen_somersault_f_cm_np1_ri_bad_0.pt,somersault,41
/data/dev/projects/ai/Trackey/trackey/research/EXTRACTED_HMDB51_FEATURES/somersault_Philli_beim_Bodenturnen_somersault_f_cm_np1_ri_bad_3.pt,somersault,41
/data/dev/projects/ai/Trackey/trackey/research/EXTRACTED_HMDB51_FEATURES/somersault_Philli_beim_Bodenturnen_somersault_f_cm_np1_ri_bad_5.pt,somersault,41
/data/dev/projects/ai/Trackey/trackey/research/EXTRACTED_HMDB51_FEATURES/somersault_Pirates_2_somersault_f_cm_np1_fr_bad_5.pt,somersault,41
/data/dev/projects/ai/Trackey/trackey/research/EXTRACTED_HMDB51_FEATURES/somersault_Pirates_7_somersault_f_cm_np1_ri_bad_1.pt,somersault,41
/data/dev/projects/ai/Trackey/trackey/research/EXTRACTED_HMDB51_FEATURES/somersault_Projekt_SPOHO_2008_-_27_02_08_-_Training-_Bodenk_r_3_somersault_f_cm_np1_le_med_0.pt,somersault,41
/data/dev/projects/ai/Trackey/trackey/research/EXTRACTED_HMDB51_FEATURES/somersault_Projekt_SPOHO_2008_-_27_02_08_-_Training-_Bodenk_r_4_somersault_f_cm_np1_le_med_2.pt,somersault,41
/data/dev/projects/ai/Trackey/trackey/research/EXTRACTED_HMDB51_FEATURES/somersault_Projekt_SPOHO_2008_-_27_02_08_-_Training-_Bodenk_r_4_somersault_f_cm_np1_ri_med_0.pt,somersault,41
/data/dev/projects/ai/Trackey/trackey/research/EXTRACTED_HMDB51_FEATURES/somersault_Purzelbaum_bei_der_Aufstiegsfeier_somersault_f_cm_np1_ri_med_0.pt,somersault,41
/data/dev/projects/ai/Trackey/trackey/research/EXTRACTED_HMDB51_FEATURES/somersault_Purzelbaum_bei_der_Aufstiegsfeier_somersault_f_cm_np1_ri_med_1.pt,somersault,41
/data/dev/projects/ai/Trackey/trackey/research/EXTRACTED_HMDB51_FEATURES/somersault_Rolle_aufm_Balken_somersault_f_cm_np1_le_med_0.pt,somersault,41
/data/dev/projects/ai/Trackey/trackey/research/EXTRACTED_HMDB51_FEATURES/somersault_Rush_Hour_4_Turnk_r_somersault_f_cm_np2_le_med_0.pt,somersault,41
/data/dev/projects/ai/Trackey/trackey/research/EXTRACTED_HMDB51_FEATURES/somersault_Rush_Hour_4_Turnk_r_somersault_f_cm_np2_ri_med_1.pt,somersault,41
/data/dev/projects/ai/Trackey/trackey/research/EXTRACTED_HMDB51_FEATURES/somersault_Schwebebalken_Uni_07_08_somersault_f_cm_np1_le_med_0.pt,somersault,41
/data/dev/projects/ai/Trackey/trackey/research/EXTRACTED_HMDB51_FEATURES/somersault_Schwebebalken_Uni_07_08_somersault_f_cm_np1_le_med_1.pt,somersault,41
/data/dev/projects/ai/Trackey/trackey/research/EXTRACTED_HMDB51_FEATURES/somersault_Simon_Bodenturnen_somersault_f_cm_np1_ba_med_1.pt,somersault,41
/data/dev/projects/ai/Trackey/trackey/research/EXTRACTED_HMDB51_FEATURES/somersault_Simon_Bodenturnen_somersault_f_cm_np1_fr_med_0.pt,somersault,41
/data/dev/projects/ai/Trackey/trackey/research/EXTRACTED_HMDB51_FEATURES/somersault_So_turnt_man_richtig!!!_somersault_f_cm_np1_fr_med_0.pt,somersault,41
/data/dev/projects/ai/Trackey/trackey/research/EXTRACTED_HMDB51_FEATURES/somersault_So_turnt_man_richtig!!!_somersault_f_cm_np1_fr_med_1.pt,somersault,41
/data/dev/projects/ai/Trackey/trackey/research/EXTRACTED_HMDB51_FEATURES/somersault_So_turnt_man_richtig!!!_somersault_f_cm_np1_fr_med_5.pt,somersault,41
/data/dev/projects/ai/Trackey/trackey/research/EXTRACTED_HMDB51_FEATURES/somersault_Sport_LK_Bodenturnk_r_somersault_f_cm_np1_le_bad_3.pt,somersault,41
/data/dev/projects/ai/Trackey/trackey/research/EXTRACTED_HMDB51_FEATURES/somersault_Sport_LK_Bodenturnk_r_somersault_f_cm_np1_ri_bad_2.pt,somersault,41
/data/dev/projects/ai/Trackey/trackey/research/EXTRACTED_HMDB51_FEATURES/somersault_Sport_LK_Bodenturnk_r_somersault_f_cm_np2_ri_bad_1.pt,somersault,41
/data/dev/projects/ai/Trackey/trackey/research/EXTRACTED_HMDB51_FEATURES/somersault_Sport_LK_Bodenturnk_r_somersault_f_cm_np3_ba_bad_0.pt,somersault,41
/data/dev/projects/ai/Trackey/trackey/research/EXTRACTED_HMDB51_FEATURES/somersault_THE_PROTECTOR_somersault_f_nm_np1_le_bad_99.pt,somersault,41
/data/dev/projects/ai/Trackey/trackey/research/EXTRACTED_HMDB51_FEATURES/somersault_Turn_pr_fung_glaser_schule_somersault_f_cm_np1_le_med_1.pt,somersault,41
/data/dev/projects/ai/Trackey/trackey/research/EXTRACTED_HMDB51_FEATURES/somersault_Turn_pr_fung_glaser_schule_somersault_f_cm_np1_ri_med_0.pt,somersault,41
/data/dev/projects/ai/Trackey/trackey/research/EXTRACTED_HMDB51_FEATURES/somersault_Turnen_Lisa_en_Janine_op_de_Balk_somersault_f_cm_np1_le_bad_0.pt,somersault,41
/data/dev/projects/ai/Trackey/trackey/research/EXTRACTED_HMDB51_FEATURES/somersault_Turnen_Lisa_en_Janine_op_de_Balk_somersault_f_cm_np1_ri_bad_1.pt,somersault,41
/data/dev/projects/ai/Trackey/trackey/research/EXTRACTED_HMDB51_FEATURES/somersault_Turnen_Uni_Osnabr_ck_Boden_(Einf_hrung)_somersault_f_cm_np1_ba_med_1.pt,somersault,41
/data/dev/projects/ai/Trackey/trackey/research/EXTRACTED_HMDB51_FEATURES/somersault_Turnen_Uni_Osnabr_ck_Boden_(Einf_hrung)_somersault_f_cm_np1_ri_med_0.pt,somersault,41
/data/dev/projects/ai/Trackey/trackey/research/EXTRACTED_HMDB51_FEATURES/somersault_Turnexamen_Boden_somersault_f_cm_np1_ba_med_0.pt,somersault,41
/data/dev/projects/ai/Trackey/trackey/research/EXTRACTED_HMDB51_FEATURES/somersault_Turnexamen_Boden_somersault_f_cm_np1_ba_med_1.pt,somersault,41
/data/dev/projects/ai/Trackey/trackey/research/EXTRACTED_HMDB51_FEATURES/somersault_Turnexamen_Boden_somersault_f_cm_np1_ri_med_2.pt,somersault,41
/data/dev/projects/ai/Trackey/trackey/research/EXTRACTED_HMDB51_FEATURES/somersault_Turnk_r_Pippi_Michel_somersault_f_cm_np1_fr_med_0.pt,somersault,41
/data/dev/projects/ai/Trackey/trackey/research/EXTRACTED_HMDB51_FEATURES/somersault_Turnk_r_Pippi_Michel_somersault_f_cm_np1_fr_med_1.pt,somersault,41
/data/dev/projects/ai/Trackey/trackey/research/EXTRACTED_HMDB51_FEATURES/somersault_Turnk_r_Pippi_Michel_somersault_f_cm_np1_fr_med_2.pt,somersault,41
/data/dev/projects/ai/Trackey/trackey/research/EXTRACTED_HMDB51_FEATURES/somersault_Turnk_r_Pippi_Michel_somersault_f_cm_np2_le_med_7.pt,somersault,41
/data/dev/projects/ai/Trackey/trackey/research/EXTRACTED_HMDB51_FEATURES/somersault_Turnk_r_Pippi_Michel_somersault_f_cm_np2_ri_med_3.pt,somersault,41
/data/dev/projects/ai/Trackey/trackey/research/EXTRACTED_HMDB51_FEATURES/somersault_Turnk_r_Pippi_Michel_somersault_f_cm_np2_ri_med_4.pt,somersault,41
/data/dev/projects/ai/Trackey/trackey/research/EXTRACTED_HMDB51_FEATURES/somersault_Turnk_r_somersault_f_cm_np4_fr_med_0.pt,somersault,41
/data/dev/projects/ai/Trackey/trackey/research/EXTRACTED_HMDB51_FEATURES/somersault_Turnk_r_somersault_f_cm_np4_fr_med_1.pt,somersault,41
/data/dev/projects/ai/Trackey/trackey/research/EXTRACTED_HMDB51_FEATURES/somersault_Uni-Koblenz_Normfreies_Turnen__WS_05_06__Pr_fung_somersault_f_cm_np2_ri_bad_0.pt,somersault,41
/data/dev/projects/ai/Trackey/trackey/research/EXTRACTED_HMDB51_FEATURES/somersault_Uni-Koblenz_Normfreies_Turnen__WS_05_06__Pr_fung_somersault_f_cm_np2_ri_bad_1.pt,somersault,41
/data/dev/projects/ai/Trackey/trackey/research/EXTRACTED_HMDB51_FEATURES/somersault__Jumper_Boys___Pedrim_Naruto_-_Dive_Roll_Over_13_People_somersault_f_cm_np1_ri_bad_0.pt,somersault,41
/data/dev/projects/ai/Trackey/trackey/research/EXTRACTED_HMDB51_FEATURES/somersault__Jumper_Boys___Pedrim_Naruto_-_Dive_Roll_Over_13_People_somersault_f_cm_np1_ri_bad_1.pt,somersault,41
/data/dev/projects/ai/Trackey/trackey/research/EXTRACTED_HMDB51_FEATURES/somersault_gimnasia_somersault_f_cm_np1_le_med_2.pt,somersault,41
/data/dev/projects/ai/Trackey/trackey/research/EXTRACTED_HMDB51_FEATURES/somersault_hechtsprung_2_somersault_f_cm_np1_le_bad_0.pt,somersault,41
/data/dev/projects/ai/Trackey/trackey/research/EXTRACTED_HMDB51_FEATURES/somersault_hechtsprung_3_somersault_f_cm_np1_le_bad_0.pt,somersault,41
/data/dev/projects/ai/Trackey/trackey/research/EXTRACTED_HMDB51_FEATURES/somersault_hechtsprung_xx_somersault_f_cm_np2_fr_bad_0.pt,somersault,41
/data/dev/projects/ai/Trackey/trackey/research/EXTRACTED_HMDB51_FEATURES/somersault_lk_sport_revolution_somersault_f_cm_np1_ba_med_0.pt,somersault,41
/data/dev/projects/ai/Trackey/trackey/research/EXTRACTED_HMDB51_FEATURES/somersault_lk_sport_revolution_somersault_f_cm_np1_ba_med_1.pt,somersault,41
/data/dev/projects/ai/Trackey/trackey/research/EXTRACTED_HMDB51_FEATURES/somersault_lk_sport_revolution_somersault_f_cm_np1_ba_med_2.pt,somersault,41
/data/dev/projects/ai/Trackey/trackey/research/EXTRACTED_HMDB51_FEATURES/somersault_me_turnen_somersault_f_cm_np1_fr_med_1.pt,somersault,41
/data/dev/projects/ai/Trackey/trackey/research/EXTRACTED_HMDB51_FEATURES/somersault_meine_Bodenk_r_somersault_f_cm_np1_le_bad_2.pt,somersault,41
/data/dev/projects/ai/Trackey/trackey/research/EXTRACTED_HMDB51_FEATURES/somersault_meine_Bodenk_r_somersault_f_cm_np1_ri_bad_0.pt,somersault,41
/data/dev/projects/ai/Trackey/trackey/research/EXTRACTED_HMDB51_FEATURES/somersault_meine_Bodenk_r_somersault_f_cm_np1_ri_bad_1.pt,somersault,41
/data/dev/projects/ai/Trackey/trackey/research/EXTRACTED_HMDB51_FEATURES/stand_20060723sfjffangelina_stand_f_nm_np1_le_med_0.pt,stand,42
/data/dev/projects/ai/Trackey/trackey/research/EXTRACTED_HMDB51_FEATURES/stand_20060723sfjffcomeback_stand_u_cm_np1_ba_med_1.pt,stand,42
/data/dev/projects/ai/Trackey/trackey/research/EXTRACTED_HMDB51_FEATURES/stand_20060723sfjffdabaum_stand_u_nm_np1_fr_med_1.pt,stand,42
/data/dev/projects/ai/Trackey/trackey/research/EXTRACTED_HMDB51_FEATURES/stand_20060723sfjffjewgotmail_stand_u_cm_np1_ri_med_0.pt,stand,42
/data/dev/projects/ai/Trackey/trackey/research/EXTRACTED_HMDB51_FEATURES/stand_20070723_sfjff_waitingforrescue_stand_f_nm_np1_fr_med_0.pt,stand,42
/data/dev/projects/ai/Trackey/trackey/research/EXTRACTED_HMDB51_FEATURES/stand_20070723_sfjff_waitingforrescue_stand_u_cm_np1_fr_med_2.pt,stand,42
/data/dev/projects/ai/Trackey/trackey/research/EXTRACTED_HMDB51_FEATURES/stand_21_stand_f_nm_np1_fr_med_2.pt,stand,42
/data/dev/projects/ai/Trackey/trackey/research/EXTRACTED_HMDB51_FEATURES/stand_50_FIRST_DATES_stand_u_cm_np1_fr_med_25.pt,stand,42
/data/dev/projects/ai/Trackey/trackey/research/EXTRACTED_HMDB51_FEATURES/stand_50_FIRST_DATES_stand_u_nm_np1_fr_med_8.pt,stand,42
/data/dev/projects/ai/Trackey/trackey/research/EXTRACTED_HMDB51_FEATURES/stand_AReporttoHomeBuilders_stand_u_cm_np1_le_med_0.pt,stand,42
/data/dev/projects/ai/Trackey/trackey/research/EXTRACTED_HMDB51_FEATURES/stand_A_Beautiful_Mind_4_stand_f_cm_np1_fr_med_13.pt,stand,42
/data/dev/projects/ai/Trackey/trackey/research/EXTRACTED_HMDB51_FEATURES/stand_A_Beautiful_Mind_6_stand_u_cm_np1_fr_med_3.pt,stand,42
/data/dev/projects/ai/Trackey/trackey/research/EXTRACTED_HMDB51_FEATURES/stand_AboutABoy_stand_u_nm_np1_fr_bad_7.pt,stand,42
/data/dev/projects/ai/Trackey/trackey/research/EXTRACTED_HMDB51_FEATURES/stand_AgentCodyBanks_stand_u_cm_np1_fr_med_5.pt,stand,42
/data/dev/projects/ai/Trackey/trackey/research/EXTRACTED_HMDB51_FEATURES/stand_AllThePresidentMen_stand_u_nm_np1_le_med_1.pt,stand,42
/data/dev/projects/ai/Trackey/trackey/research/EXTRACTED_HMDB51_FEATURES/stand_AmericanGangster_stand_f_nm_np1_fr_bad_34.pt,stand,42
/data/dev/projects/ai/Trackey/trackey/research/EXTRACTED_HMDB51_FEATURES/stand_AmericanGangster_stand_f_nm_np1_le_med_33.pt,stand,42
/data/dev/projects/ai/Trackey/trackey/research/EXTRACTED_HMDB51_FEATURES/stand_AmericanGangster_stand_u_cm_np1_ba_med_13.pt,stand,42
/data/dev/projects/ai/Trackey/trackey/research/EXTRACTED_HMDB51_FEATURES/stand_AmericanGangster_stand_u_cm_np1_fr_bad_0.pt,stand,42
/data/dev/projects/ai/Trackey/trackey/research/EXTRACTED_HMDB51_FEATURES/stand_AmericanGangster_stand_u_cm_np1_fr_bad_19.pt,stand,42
/data/dev/projects/ai/Trackey/trackey/research/EXTRACTED_HMDB51_FEATURES/stand_AmericanGangster_stand_u_cm_np1_le_med_35.pt,stand,42
/data/dev/projects/ai/Trackey/trackey/research/EXTRACTED_HMDB51_FEATURES/stand_AmericanGangster_stand_u_nm_np1_ba_bad_22.pt,stand,42
/data/dev/projects/ai/Trackey/trackey/research/EXTRACTED_HMDB51_FEATURES/stand_AmericanGangster_stand_u_nm_np1_fr_bad_51.pt,stand,42
/data/dev/projects/ai/Trackey/trackey/research/EXTRACTED_HMDB51_FEATURES/stand_AmericanGangster_stand_u_nm_np1_fr_med_55.pt,stand,42
/data/dev/projects/ai/Trackey/trackey/research/EXTRACTED_HMDB51_FEATURES/stand_American_History_X_stand_u_cm_np1_fr_med_38.pt,stand,42
/data/dev/projects/ai/Trackey/trackey/research/EXTRACTED_HMDB51_FEATURES/stand_American_History_X_stand_u_cm_np1_le_med_41.pt,stand,42
/data/dev/projects/ai/Trackey/trackey/research/EXTRACTED_HMDB51_FEATURES/stand_American_History_X_stand_u_nm_np1_fr_med_5.pt,stand,42
/data/dev/projects/ai/Trackey/trackey/research/EXTRACTED_HMDB51_FEATURES/stand_BATMAN_BEGINS_stand_f_cm_np1_fr_med_8.pt,stand,42
/data/dev/projects/ai/Trackey/trackey/research/EXTRACTED_HMDB51_FEATURES/stand_BATMAN_BEGINS_stand_f_nm_np1_ba_med_0.pt,stand,42
/data/dev/projects/ai/Trackey/trackey/research/EXTRACTED_HMDB51_FEATURES/stand_BIG_FISH_stand_f_cm_np1_fr_med_22.pt,stand,42
/data/dev/projects/ai/Trackey/trackey/research/EXTRACTED_HMDB51_FEATURES/stand_BIG_FISH_stand_u_nm_np1_fr_med_27.pt,stand,42
/data/dev/projects/ai/Trackey/trackey/research/EXTRACTED_HMDB51_FEATURES/stand_BLACK_HAWK_DOWN_stand_f_nm_np1_ba_med_14.pt,stand,42
/data/dev/projects/ai/Trackey/trackey/research/EXTRACTED_HMDB51_FEATURES/stand_BLACK_HAWK_DOWN_stand_u_cm_np1_fr_med_35.pt,stand,42
/data/dev/projects/ai/Trackey/trackey/research/EXTRACTED_HMDB51_FEATURES/stand_BLACK_HAWK_DOWN_stand_u_cm_np1_fr_med_6.pt,stand,42
/data/dev/projects/ai/Trackey/trackey/research/EXTRACTED_HMDB51_FEATURES/stand_BLACK_HAWK_DOWN_stand_u_nm_np1_le_med_11.pt,stand,42
/data/dev/projects/ai/Trackey/trackey/research/EXTRACTED_HMDB51_FEATURES/stand_BRIDGETOTERABITHIA_stand_f_nm_np1_fr_med_1.pt,stand,42
/data/dev/projects/ai/Trackey/trackey/research/EXTRACTED_HMDB51_FEATURES/stand_BeforeNightFalls_stand_f_nm_np1_fr_med_3.pt,stand,42
/data/dev/projects/ai/Trackey/trackey/research/EXTRACTED_HMDB51_FEATURES/stand_CasinoRoyale_stand_u_nm_np1_fr_med_1.pt,stand,42
/data/dev/projects/ai/Trackey/trackey/research/EXTRACTED_HMDB51_FEATURES/stand_CastAway1_stand_f_nm_np1_le_med_24.pt,stand,42
/data/dev/projects/ai/Trackey/trackey/research/EXTRACTED_HMDB51_FEATURES/stand_CastAway1_stand_u_nm_np1_le_med_20.pt,stand,42
/data/dev/projects/ai/Trackey/trackey/research/EXTRACTED_HMDB51_FEATURES/stand_CharlieAndTheChocolateFactory_stand_f_nm_np1_ba_med_4.pt,stand,42
/data/dev/projects/ai/Trackey/trackey/research/EXTRACTED_HMDB51_FEATURES/stand_CharlieAndTheChocolateFactory_stand_f_nm_np1_fr_med_17.pt,stand,42
/data/dev/projects/ai/Trackey/trackey/research/EXTRACTED_HMDB51_FEATURES/stand_ChildrenOfMen_stand_u_nm_np1_ba_med_1.pt,stand,42
/data/dev/projects/ai/Trackey/trackey/research/EXTRACTED_HMDB51_FEATURES/stand_Crash_stand_f_cm_np1_le_med_15.pt,stand,42
/data/dev/projects/ai/Trackey/trackey/research/EXTRACTED_HMDB51_FEATURES/stand_Crash_stand_f_cm_np1_ri_bad_12.pt,stand,42
/data/dev/projects/ai/Trackey/trackey/research/EXTRACTED_HMDB51_FEATURES/stand_Crash_stand_f_nm_np1_le_bad_25.pt,stand,42
/data/dev/projects/ai/Trackey/trackey/research/EXTRACTED_HMDB51_FEATURES/stand_Crash_stand_u_cm_np1_fr_med_28.pt,stand,42
/data/dev/projects/ai/Trackey/trackey/research/EXTRACTED_HMDB51_FEATURES/stand_Crash_stand_u_cm_np1_le_med_16.pt,stand,42
/data/dev/projects/ai/Trackey/trackey/research/EXTRACTED_HMDB51_FEATURES/stand_Crash_stand_u_cm_np1_le_med_8.pt,stand,42
/data/dev/projects/ai/Trackey/trackey/research/EXTRACTED_HMDB51_FEATURES/stand_Crash_stand_u_nm_np1_le_med_6.pt,stand,42
/data/dev/projects/ai/Trackey/trackey/research/EXTRACTED_HMDB51_FEATURES/stand_Crash_stand_u_nm_np1_ri_med_23.pt,stand,42
/data/dev/projects/ai/Trackey/trackey/research/EXTRACTED_HMDB51_FEATURES/stand_DONNIE_DARKO_stand_f_nm_np1_ri_med_2.pt,stand,42
/data/dev/projects/ai/Trackey/trackey/research/EXTRACTED_HMDB51_FEATURES/stand_DONNIE_DARKO_stand_u_nm_np1_fr_med_3.pt,stand,42
/data/dev/projects/ai/Trackey/trackey/research/EXTRACTED_HMDB51_FEATURES/stand_EVOLUTION_stand_f_cm_np1_ri_med_10.pt,stand,42
/data/dev/projects/ai/Trackey/trackey/research/EXTRACTED_HMDB51_FEATURES/stand_EVOLUTION_stand_f_nm_np1_le_med_15.pt,stand,42
/data/dev/projects/ai/Trackey/trackey/research/EXTRACTED_HMDB51_FEATURES/stand_EVOLUTION_stand_u_cm_np1_fr_med_6.pt,stand,42
/data/dev/projects/ai/Trackey/trackey/research/EXTRACTED_HMDB51_FEATURES/stand_EVOLUTION_stand_u_cm_np1_fr_med_7.pt,stand,42
/data/dev/projects/ai/Trackey/trackey/research/EXTRACTED_HMDB51_FEATURES/stand_EverythingisIlluminated_stand_f_nm_np1_le_med_2.pt,stand,42
/data/dev/projects/ai/Trackey/trackey/research/EXTRACTED_HMDB51_FEATURES/stand_Fellowship_3_stand_f_cm_np1_fr_bad_2.pt,stand,42
/data/dev/projects/ai/Trackey/trackey/research/EXTRACTED_HMDB51_FEATURES/stand_Fellowship_4_stand_f_cm_np1_fr_med_3.pt,stand,42
/data/dev/projects/ai/Trackey/trackey/research/EXTRACTED_HMDB51_FEATURES/stand_Fellowship_6_stand_u_cm_np1_fr_med_10.pt,stand,42
/data/dev/projects/ai/Trackey/trackey/research/EXTRACTED_HMDB51_FEATURES/stand_FestivalofColors_stand_f_nm_np1_fr_med_0.pt,stand,42
/data/dev/projects/ai/Trackey/trackey/research/EXTRACTED_HMDB51_FEATURES/stand_Finding_Forrester_1_stand_u_cm_np1_le_bad_10.pt,stand,42
/data/dev/projects/ai/Trackey/trackey/research/EXTRACTED_HMDB51_FEATURES/stand_Finding_Forrester_3_stand_u_cm_np1_fr_bad_10.pt,stand,42
/data/dev/projects/ai/Trackey/trackey/research/EXTRACTED_HMDB51_FEATURES/stand_GardenWiseA256kb_stand_f_cm_np1_fr_med_1.pt,stand,42
/data/dev/projects/ai/Trackey/trackey/research/EXTRACTED_HMDB51_FEATURES/stand_Glory_stand_u_cm_np1_fr_bad_20.pt,stand,42
/data/dev/projects/ai/Trackey/trackey/research/EXTRACTED_HMDB51_FEATURES/stand_GoneBabyGone_stand_f_cm_np1_fr_med_0.pt,stand,42
/data/dev/projects/ai/Trackey/trackey/research/EXTRACTED_HMDB51_FEATURES/stand_Gossip1953256kb_stand_f_cm_np1_le_med_0.pt,stand,42
/data/dev/projects/ai/Trackey/trackey/research/EXTRACTED_HMDB51_FEATURES/stand_GuardiansOfO256kb_stand_u_nm_np1_ri_med_1.pt,stand,42
/data/dev/projects/ai/Trackey/trackey/research/EXTRACTED_HMDB51_FEATURES/stand_HP_PRISONER_OF_AZKABAN_stand_f_cm_np1_fr_bad_11.pt,stand,42
/data/dev/projects/ai/Trackey/trackey/research/EXTRACTED_HMDB51_FEATURES/stand_HP_PRISONER_OF_AZKABAN_stand_f_cm_np1_fr_med_4.pt,stand,42
/data/dev/projects/ai/Trackey/trackey/research/EXTRACTED_HMDB51_FEATURES/stand_HP_PRISONER_OF_AZKABAN_stand_f_cm_np1_le_bad_38.pt,stand,42
/data/dev/projects/ai/Trackey/trackey/research/EXTRACTED_HMDB51_FEATURES/stand_HP_PRISONER_OF_AZKABAN_stand_f_cm_np1_ri_bad_18.pt,stand,42
/data/dev/projects/ai/Trackey/trackey/research/EXTRACTED_HMDB51_FEATURES/stand_Hitch_Part_1_stand_f_cm_np1_fr_med_6.pt,stand,42
/data/dev/projects/ai/Trackey/trackey/research/EXTRACTED_HMDB51_FEATURES/stand_IamLegend_stand_f_cm_np1_fr_bad_27.pt,stand,42
/data/dev/projects/ai/Trackey/trackey/research/EXTRACTED_HMDB51_FEATURES/stand_IamLegend_stand_f_cm_np1_ri_med_23.pt,stand,42
/data/dev/projects/ai/Trackey/trackey/research/EXTRACTED_HMDB51_FEATURES/stand_IamLegend_stand_f_nm_np1_fr_med_20.pt,stand,42
/data/dev/projects/ai/Trackey/trackey/research/EXTRACTED_HMDB51_FEATURES/stand_IndianaJonesandTheTempleofDoom_stand_f_nm_np1_ri_med_3.pt,stand,42
/data/dev/projects/ai/Trackey/trackey/research/EXTRACTED_HMDB51_FEATURES/stand_KUNG_FU_HUSTLE_stand_u_cm_np1_fr_med_34.pt,stand,42
/data/dev/projects/ai/Trackey/trackey/research/EXTRACTED_HMDB51_FEATURES/stand_LONGESTYARD_stand_u_cm_np1_le_med_18.pt,stand,42
/data/dev/projects/ai/Trackey/trackey/research/EXTRACTED_HMDB51_FEATURES/stand_LivefreeorDieHard_stand_f_cm_np1_fr_med_5.pt,stand,42
/data/dev/projects/ai/Trackey/trackey/research/EXTRACTED_HMDB51_FEATURES/stand_Man_Who_Cheated_Himself_512kb_stand_u_cm_np1_fr_med_11.pt,stand,42
/data/dev/projects/ai/Trackey/trackey/research/EXTRACTED_HMDB51_FEATURES/stand_Man_Who_Cheated_Himself_512kb_stand_u_nm_np1_ba_med_0.pt,stand,42
/data/dev/projects/ai/Trackey/trackey/research/EXTRACTED_HMDB51_FEATURES/stand_Man_Who_Cheated_Himself_512kb_stand_u_nm_np1_ba_med_7.pt,stand,42
/data/dev/projects/ai/Trackey/trackey/research/EXTRACTED_HMDB51_FEATURES/stand_Narcotic1967256kb_stand_f_cm_np1_le_med_1.pt,stand,42
/data/dev/projects/ai/Trackey/trackey/research/EXTRACTED_HMDB51_FEATURES/stand_Narcotic1967256kb_stand_f_nm_np1_fr_med_2.pt,stand,42
/data/dev/projects/ai/Trackey/trackey/research/EXTRACTED_HMDB51_FEATURES/stand_Oceans12_stand_u_cm_np1_fr_med_13.pt,stand,42
/data/dev/projects/ai/Trackey/trackey/research/EXTRACTED_HMDB51_FEATURES/stand_Oceans13_stand_u_nm_np1_fr_med_9.pt,stand,42
/data/dev/projects/ai/Trackey/trackey/research/EXTRACTED_HMDB51_FEATURES/stand_OldSchool_stand_f_cm_np1_fr_med_6.pt,stand,42
/data/dev/projects/ai/Trackey/trackey/research/EXTRACTED_HMDB51_FEATURES/stand_OldSchool_stand_f_nm_np1_fr_med_21.pt,stand,42
/data/dev/projects/ai/Trackey/trackey/research/EXTRACTED_HMDB51_FEATURES/stand_OldSchool_stand_u_cm_np1_fr_med_18.pt,stand,42
/data/dev/projects/ai/Trackey/trackey/research/EXTRACTED_HMDB51_FEATURES/stand_OldSchool_stand_u_cm_np1_ri_med_8.pt,stand,42
/data/dev/projects/ai/Trackey/trackey/research/EXTRACTED_HMDB51_FEATURES/stand_Panic_in_the_Streets_stand_f_nm_np1_fr_med_8.pt,stand,42
/data/dev/projects/ai/Trackey/trackey/research/EXTRACTED_HMDB51_FEATURES/stand_Panic_in_the_Streets_stand_u_cm_np1_ba_bad_0.pt,stand,42
/data/dev/projects/ai/Trackey/trackey/research/EXTRACTED_HMDB51_FEATURES/stand_Panic_in_the_Streets_stand_u_cm_np1_ri_med_2.pt,stand,42
/data/dev/projects/ai/Trackey/trackey/research/EXTRACTED_HMDB51_FEATURES/stand_Prelinger_ActYourA1949_stand_f_cm_np1_fr_med_17.pt,stand,42
/data/dev/projects/ai/Trackey/trackey/research/EXTRACTED_HMDB51_FEATURES/stand_Prelinger_HabitPat1954_stand_f_cm_np1_ri_med_1.pt,stand,42
/data/dev/projects/ai/Trackey/trackey/research/EXTRACTED_HMDB51_FEATURES/stand_Prelinger_HabitPat1954_stand_f_nm_np1_ba_med_12.pt,stand,42
/data/dev/projects/ai/Trackey/trackey/research/EXTRACTED_HMDB51_FEATURES/stand_Prelinger_LetYours1940_stand_f_nm_np1_fr_med_4.pt,stand,42
/data/dev/projects/ai/Trackey/trackey/research/EXTRACTED_HMDB51_FEATURES/stand_RATRACE_stand_f_cm_np1_fr_med_36.pt,stand,42
/data/dev/projects/ai/Trackey/trackey/research/EXTRACTED_HMDB51_FEATURES/stand_RATRACE_stand_f_cm_np1_le_med_35.pt,stand,42
/data/dev/projects/ai/Trackey/trackey/research/EXTRACTED_HMDB51_FEATURES/stand_RATRACE_stand_f_cm_np1_ri_med_28.pt,stand,42
/data/dev/projects/ai/Trackey/trackey/research/EXTRACTED_HMDB51_FEATURES/stand_RETURN_OF_THE_KING_stand_f_cm_np1_fr_med_55.pt,stand,42
/data/dev/projects/ai/Trackey/trackey/research/EXTRACTED_HMDB51_FEATURES/stand_RETURN_OF_THE_KING_stand_f_cm_np1_ri_med_0.pt,stand,42
/data/dev/projects/ai/Trackey/trackey/research/EXTRACTED_HMDB51_FEATURES/stand_RETURN_OF_THE_KING_stand_f_nm_np1_ri_bad_23.pt,stand,42
/data/dev/projects/ai/Trackey/trackey/research/EXTRACTED_HMDB51_FEATURES/stand_RETURN_OF_THE_KING_stand_u_cm_np1_fr_med_12.pt,stand,42
/data/dev/projects/ai/Trackey/trackey/research/EXTRACTED_HMDB51_FEATURES/stand_Return_of_the_King_1_stand_f_cm_np1_fr_med_5.pt,stand,42
/data/dev/projects/ai/Trackey/trackey/research/EXTRACTED_HMDB51_FEATURES/stand_RomeEpisode1_stand_f_cm_np1_fr_med_0.pt,stand,42
/data/dev/projects/ai/Trackey/trackey/research/EXTRACTED_HMDB51_FEATURES/stand_RushHour2_stand_u_cm_np1_fr_med_11.pt,stand,42
/data/dev/projects/ai/Trackey/trackey/research/EXTRACTED_HMDB51_FEATURES/stand_SchoolRulesHowTheyHelpUs_stand_u_nm_np1_fr_med_1.pt,stand,42
/data/dev/projects/ai/Trackey/trackey/research/EXTRACTED_HMDB51_FEATURES/stand_Shadow_of_a_Doubt_stand_u_cm_np1_fr_med_3.pt,stand,42
/data/dev/projects/ai/Trackey/trackey/research/EXTRACTED_HMDB51_FEATURES/stand_Shadow_of_a_Doubt_stand_u_cm_np1_fr_med_4.pt,stand,42
/data/dev/projects/ai/Trackey/trackey/research/EXTRACTED_HMDB51_FEATURES/stand_SoundAndTheStory_stand_f_cm_np1_ri_med_0.pt,stand,42
/data/dev/projects/ai/Trackey/trackey/research/EXTRACTED_HMDB51_FEATURES/stand_StrangerThanFiction_stand_u_cm_np1_ri_med_0.pt,stand,42
/data/dev/projects/ai/Trackey/trackey/research/EXTRACTED_HMDB51_FEATURES/stand_SweeneyTodd_stand_f_cm_np1_le_med_10.pt,stand,42
/data/dev/projects/ai/Trackey/trackey/research/EXTRACTED_HMDB51_FEATURES/stand_SweeneyTodd_stand_f_cm_np1_ri_med_33.pt,stand,42
/data/dev/projects/ai/Trackey/trackey/research/EXTRACTED_HMDB51_FEATURES/stand_SweeneyTodd_stand_f_nm_np1_fr_bad_11.pt,stand,42
/data/dev/projects/ai/Trackey/trackey/research/EXTRACTED_HMDB51_FEATURES/stand_SweeneyTodd_stand_f_nm_np1_fr_bad_24.pt,stand,42
/data/dev/projects/ai/Trackey/trackey/research/EXTRACTED_HMDB51_FEATURES/stand_SweeneyTodd_stand_f_nm_np1_le_med_28.pt,stand,42
/data/dev/projects/ai/Trackey/trackey/research/EXTRACTED_HMDB51_FEATURES/stand_SweeneyTodd_stand_f_nm_np1_ri_bad_13.pt,stand,42
/data/dev/projects/ai/Trackey/trackey/research/EXTRACTED_HMDB51_FEATURES/stand_SweeneyTodd_stand_f_nm_np1_ri_med_18.pt,stand,42
/data/dev/projects/ai/Trackey/trackey/research/EXTRACTED_HMDB51_FEATURES/stand_SweeneyTodd_stand_u_cm_np1_fr_bad_38.pt,stand,42
/data/dev/projects/ai/Trackey/trackey/research/EXTRACTED_HMDB51_FEATURES/stand_THE_PROTECTOR_stand_f_cm_np1_fr_med_23.pt,stand,42
/data/dev/projects/ai/Trackey/trackey/research/EXTRACTED_HMDB51_FEATURES/stand_THE_PROTECTOR_stand_f_cm_np1_fr_med_57.pt,stand,42
/data/dev/projects/ai/Trackey/trackey/research/EXTRACTED_HMDB51_FEATURES/stand_THE_PROTECTOR_stand_f_nm_np1_le_med_62.pt,stand,42
/data/dev/projects/ai/Trackey/trackey/research/EXTRACTED_HMDB51_FEATURES/stand_TheBigBangS01E01Pilot_stand_f_cm_np1_ri_med_1.pt,stand,42
/data/dev/projects/ai/Trackey/trackey/research/EXTRACTED_HMDB51_FEATURES/stand_TheBoondockSaints_stand_f_cm_np1_fr_med_112.pt,stand,42
/data/dev/projects/ai/Trackey/trackey/research/EXTRACTED_HMDB51_FEATURES/stand_TheBoondockSaints_stand_f_cm_np1_fr_med_59.pt,stand,42
/data/dev/projects/ai/Trackey/trackey/research/EXTRACTED_HMDB51_FEATURES/stand_TheBoondockSaints_stand_f_cm_np1_fr_med_60.pt,stand,42
/data/dev/projects/ai/Trackey/trackey/research/EXTRACTED_HMDB51_FEATURES/stand_TheBoondockSaints_stand_u_cm_np1_fr_bad_45.pt,stand,42
/data/dev/projects/ai/Trackey/trackey/research/EXTRACTED_HMDB51_FEATURES/stand_TheBoondockSaints_stand_u_cm_np1_fr_med_19.pt,stand,42
/data/dev/projects/ai/Trackey/trackey/research/EXTRACTED_HMDB51_FEATURES/stand_TheBoondockSaints_stand_u_cm_np1_le_med_116.pt,stand,42
/data/dev/projects/ai/Trackey/trackey/research/EXTRACTED_HMDB51_FEATURES/stand_TheBoondockSaints_stand_u_cm_np2_ri_med_5.pt,stand,42
/data/dev/projects/ai/Trackey/trackey/research/EXTRACTED_HMDB51_FEATURES/stand_TheBoondockSaints_stand_u_cm_np3_fr_med_101.pt,stand,42
/data/dev/projects/ai/Trackey/trackey/research/EXTRACTED_HMDB51_FEATURES/stand_TheBoondockSaints_stand_u_nm_np1_ba_bad_38.pt,stand,42
/data/dev/projects/ai/Trackey/trackey/research/EXTRACTED_HMDB51_FEATURES/stand_TheBoondockSaints_stand_u_nm_np1_fr_med_111.pt,stand,42
/data/dev/projects/ai/Trackey/trackey/research/EXTRACTED_HMDB51_FEATURES/stand_TheBoondockSaints_stand_u_nm_np1_le_med_102.pt,stand,42
/data/dev/projects/ai/Trackey/trackey/research/EXTRACTED_HMDB51_FEATURES/stand_TheLastManOnearth_stand_f_nm_np1_fr_med_24.pt,stand,42
/data/dev/projects/ai/Trackey/trackey/research/EXTRACTED_HMDB51_FEATURES/stand_TheLastManOnearth_stand_u_nm_np1_ri_bad_8.pt,stand,42
/data/dev/projects/ai/Trackey/trackey/research/EXTRACTED_HMDB51_FEATURES/stand_The_Departed_-_Part_2_stand_u_cm_np1_fr_med_4.pt,stand,42
/data/dev/projects/ai/Trackey/trackey/research/EXTRACTED_HMDB51_FEATURES/stand_Veoh_Alpha_Dog_1_stand_f_nm_np1_fr_med_41.pt,stand,42
/data/dev/projects/ai/Trackey/trackey/research/EXTRACTED_HMDB51_FEATURES/stand_happy_go_lovely_stand_f_cm_np1_fr_med_19.pt,stand,42
/data/dev/projects/ai/Trackey/trackey/research/EXTRACTED_HMDB51_FEATURES/stand_happy_go_lovely_stand_u_cm_np1_fr_bad_14.pt,stand,42
/data/dev/projects/ai/Trackey/trackey/research/EXTRACTED_HMDB51_FEATURES/stand_happy_go_lovely_stand_u_nm_np1_fr_med_9.pt,stand,42
/data/dev/projects/ai/Trackey/trackey/research/EXTRACTED_HMDB51_FEATURES/stand_happy_go_lovely_stand_u_nm_np1_ri_bad_8.pt,stand,42
/data/dev/projects/ai/Trackey/trackey/research/EXTRACTED_HMDB51_FEATURES/stand_jonhs_netfreemovies_holygrail_stand_u_nm_np1_fr_bad_15.pt,stand,42
/data/dev/projects/ai/Trackey/trackey/research/EXTRACTED_HMDB51_FEATURES/stand_likebeckam_stand_f_nm_np1_fr_med_7.pt,stand,42
/data/dev/projects/ai/Trackey/trackey/research/EXTRACTED_HMDB51_FEATURES/stand_likebeckam_stand_u_nm_np1_fr_goo_33.pt,stand,42
/data/dev/projects/ai/Trackey/trackey/research/EXTRACTED_HMDB51_FEATURES/stand_prelinger_ControlY1950_stand_f_cm_np1_fr_med_2.pt,stand,42
/data/dev/projects/ai/Trackey/trackey/research/EXTRACTED_HMDB51_FEATURES/stand_prelinger_ControlY1950_stand_f_nm_np1_fr_med_14.pt,stand,42
/data/dev/projects/ai/Trackey/trackey/research/EXTRACTED_HMDB51_FEATURES/stand_prelinger_ControlY1950_stand_f_nm_np1_fr_med_8.pt,stand,42
/data/dev/projects/ai/Trackey/trackey/research/EXTRACTED_HMDB51_FEATURES/stand_prelinger_ControlY1950_stand_u_cm_np1_fr_med_0.pt,stand,42
/data/dev/projects/ai/Trackey/trackey/research/EXTRACTED_HMDB51_FEATURES/stand_prelinger_LetsBeGo1953_stand_u_nm_np10_ba_med_4.pt,stand,42
/data/dev/projects/ai/Trackey/trackey/research/EXTRACTED_HMDB51_FEATURES/stand_prideandprejudice1_stand_u_nm_np1_fr_med_11.pt,stand,42
/data/dev/projects/ai/Trackey/trackey/research/EXTRACTED_HMDB51_FEATURES/swing_baseball_8YearOldHitsaHomeRunBaseball_swing_baseball_f_cm_np1_fr_bad_0.pt,swing_baseball,43
/data/dev/projects/ai/Trackey/trackey/research/EXTRACTED_HMDB51_FEATURES/swing_baseball_BaseBallSweetSwingsingle_swing_baseball_f_nm_np1_ba_bad_0.pt,swing_baseball,43
/data/dev/projects/ai/Trackey/trackey/research/EXTRACTED_HMDB51_FEATURES/swing_baseball_BaseballHitinSlowMotion_swing_baseball_f_nm_np1_fr_bad_0.pt,swing_baseball,43
/data/dev/projects/ai/Trackey/trackey/research/EXTRACTED_HMDB51_FEATURES/swing_baseball_BaseballHitinSlowMotion_swing_baseball_f_nm_np1_le_bad_1.pt,swing_baseball,43
/data/dev/projects/ai/Trackey/trackey/research/EXTRACTED_HMDB51_FEATURES/swing_baseball_BaseballSwingAnalysis_swing_baseball_f_nm_np1_fr_med_11.pt,swing_baseball,43
/data/dev/projects/ai/Trackey/trackey/research/EXTRACTED_HMDB51_FEATURES/swing_baseball_BaseballSwingAnalysis_swing_baseball_f_nm_np1_fr_med_12.pt,swing_baseball,43
/data/dev/projects/ai/Trackey/trackey/research/EXTRACTED_HMDB51_FEATURES/swing_baseball_BaseballSwingAnalysis_swing_baseball_f_nm_np1_fr_med_14.pt,swing_baseball,43
/data/dev/projects/ai/Trackey/trackey/research/EXTRACTED_HMDB51_FEATURES/swing_baseball_BaseballSwingAnalysis_swing_baseball_f_nm_np1_fr_med_15.pt,swing_baseball,43
/data/dev/projects/ai/Trackey/trackey/research/EXTRACTED_HMDB51_FEATURES/swing_baseball_BaseballSwingAnalysis_swing_baseball_f_nm_np1_fr_med_17.pt,swing_baseball,43
/data/dev/projects/ai/Trackey/trackey/research/EXTRACTED_HMDB51_FEATURES/swing_baseball_BaseballSwingAnalysis_swing_baseball_f_nm_np1_fr_med_18.pt,swing_baseball,43
/data/dev/projects/ai/Trackey/trackey/research/EXTRACTED_HMDB51_FEATURES/swing_baseball_BaseballSwingAnalysis_swing_baseball_f_nm_np1_fr_med_8.pt,swing_baseball,43
/data/dev/projects/ai/Trackey/trackey/research/EXTRACTED_HMDB51_FEATURES/swing_baseball_BaseballSwingAnalysis_swing_baseball_f_nm_np1_fr_med_9.pt,swing_baseball,43
/data/dev/projects/ai/Trackey/trackey/research/EXTRACTED_HMDB51_FEATURES/swing_baseball_BaseballSwingAnalysis_swing_baseball_u_nm_np1_ba_med_0.pt,swing_baseball,43
/data/dev/projects/ai/Trackey/trackey/research/EXTRACTED_HMDB51_FEATURES/swing_baseball_BaseballSwingAnalysis_swing_baseball_u_nm_np1_ba_med_1.pt,swing_baseball,43
/data/dev/projects/ai/Trackey/trackey/research/EXTRACTED_HMDB51_FEATURES/swing_baseball_BaseballSwingAnalysis_swing_baseball_u_nm_np1_ba_med_2.pt,swing_baseball,43
/data/dev/projects/ai/Trackey/trackey/research/EXTRACTED_HMDB51_FEATURES/swing_baseball_BaseballSwingAnalysis_swing_baseball_u_nm_np1_ba_med_3.pt,swing_baseball,43
/data/dev/projects/ai/Trackey/trackey/research/EXTRACTED_HMDB51_FEATURES/swing_baseball_BaseballSwingAnalysis_swing_baseball_u_nm_np1_ba_med_4.pt,swing_baseball,43
/data/dev/projects/ai/Trackey/trackey/research/EXTRACTED_HMDB51_FEATURES/swing_baseball_BaseballSwingAnalysis_swing_baseball_u_nm_np1_ba_med_5.pt,swing_baseball,43
/data/dev/projects/ai/Trackey/trackey/research/EXTRACTED_HMDB51_FEATURES/swing_baseball_BaseballSwingAnalysis_swing_baseball_u_nm_np1_ba_med_6.pt,swing_baseball,43
/data/dev/projects/ai/Trackey/trackey/research/EXTRACTED_HMDB51_FEATURES/swing_baseball_BaseballSwingAnalysis_swing_baseball_u_nm_np1_ba_med_7.pt,swing_baseball,43
/data/dev/projects/ai/Trackey/trackey/research/EXTRACTED_HMDB51_FEATURES/swing_baseball_BaseballSwingAnalysis_swing_baseball_u_nm_np1_fr_med_10.pt,swing_baseball,43
/data/dev/projects/ai/Trackey/trackey/research/EXTRACTED_HMDB51_FEATURES/swing_baseball_BaseballSwingAnalysis_swing_baseball_u_nm_np1_fr_med_13.pt,swing_baseball,43
/data/dev/projects/ai/Trackey/trackey/research/EXTRACTED_HMDB51_FEATURES/swing_baseball_BaseballSwingAnalysis_swing_baseball_u_nm_np1_fr_med_16.pt,swing_baseball,43
/data/dev/projects/ai/Trackey/trackey/research/EXTRACTED_HMDB51_FEATURES/swing_baseball_BaseballSwingAnalysis_swing_baseball_u_nm_np1_fr_med_19.pt,swing_baseball,43
/data/dev/projects/ai/Trackey/trackey/research/EXTRACTED_HMDB51_FEATURES/swing_baseball_Faith_Rewarded_swing_baseball_f_cm_np1_ba_bad_11.pt,swing_baseball,43
/data/dev/projects/ai/Trackey/trackey/research/EXTRACTED_HMDB51_FEATURES/swing_baseball_Faith_Rewarded_swing_baseball_f_cm_np1_ba_bad_20.pt,swing_baseball,43
/data/dev/projects/ai/Trackey/trackey/research/EXTRACTED_HMDB51_FEATURES/swing_baseball_Faith_Rewarded_swing_baseball_f_cm_np1_ba_bad_35.pt,swing_baseball,43
/data/dev/projects/ai/Trackey/trackey/research/EXTRACTED_HMDB51_FEATURES/swing_baseball_Faith_Rewarded_swing_baseball_f_cm_np1_fr_bad_29.pt,swing_baseball,43
/data/dev/projects/ai/Trackey/trackey/research/EXTRACTED_HMDB51_FEATURES/swing_baseball_Faith_Rewarded_swing_baseball_f_cm_np1_le_bad_21.pt,swing_baseball,43
/data/dev/projects/ai/Trackey/trackey/research/EXTRACTED_HMDB51_FEATURES/swing_baseball_Faith_Rewarded_swing_baseball_f_cm_np1_le_bad_7.pt,swing_baseball,43
/data/dev/projects/ai/Trackey/trackey/research/EXTRACTED_HMDB51_FEATURES/swing_baseball_Faith_Rewarded_swing_baseball_f_cm_np1_ri_bad_27.pt,swing_baseball,43
/data/dev/projects/ai/Trackey/trackey/research/EXTRACTED_HMDB51_FEATURES/swing_baseball_Faith_Rewarded_swing_baseball_f_cm_np1_ri_bad_37.pt,swing_baseball,43
/data/dev/projects/ai/Trackey/trackey/research/EXTRACTED_HMDB51_FEATURES/swing_baseball_Faith_Rewarded_swing_baseball_f_nm_np0_fr_bad_67.pt,swing_baseball,43
/data/dev/projects/ai/Trackey/trackey/research/EXTRACTED_HMDB51_FEATURES/swing_baseball_Faith_Rewarded_swing_baseball_f_nm_np1_ba_bad_22.pt,swing_baseball,43
/data/dev/projects/ai/Trackey/trackey/research/EXTRACTED_HMDB51_FEATURES/swing_baseball_Faith_Rewarded_swing_baseball_f_nm_np1_ba_bad_44.pt,swing_baseball,43
/data/dev/projects/ai/Trackey/trackey/research/EXTRACTED_HMDB51_FEATURES/swing_baseball_Faith_Rewarded_swing_baseball_f_nm_np1_ba_bad_50.pt,swing_baseball,43
/data/dev/projects/ai/Trackey/trackey/research/EXTRACTED_HMDB51_FEATURES/swing_baseball_Faith_Rewarded_swing_baseball_f_nm_np1_ba_bad_54.pt,swing_baseball,43
/data/dev/projects/ai/Trackey/trackey/research/EXTRACTED_HMDB51_FEATURES/swing_baseball_Faith_Rewarded_swing_baseball_f_nm_np1_ba_bad_58.pt,swing_baseball,43
/data/dev/projects/ai/Trackey/trackey/research/EXTRACTED_HMDB51_FEATURES/swing_baseball_Faith_Rewarded_swing_baseball_f_nm_np1_ba_bad_60.pt,swing_baseball,43
/data/dev/projects/ai/Trackey/trackey/research/EXTRACTED_HMDB51_FEATURES/swing_baseball_Faith_Rewarded_swing_baseball_f_nm_np1_ba_bad_77.pt,swing_baseball,43
/data/dev/projects/ai/Trackey/trackey/research/EXTRACTED_HMDB51_FEATURES/swing_baseball_Faith_Rewarded_swing_baseball_f_nm_np1_ba_bad_78.pt,swing_baseball,43
/data/dev/projects/ai/Trackey/trackey/research/EXTRACTED_HMDB51_FEATURES/swing_baseball_Faith_Rewarded_swing_baseball_f_nm_np1_ba_med_23.pt,swing_baseball,43
/data/dev/projects/ai/Trackey/trackey/research/EXTRACTED_HMDB51_FEATURES/swing_baseball_Faith_Rewarded_swing_baseball_f_nm_np1_ba_med_28.pt,swing_baseball,43
/data/dev/projects/ai/Trackey/trackey/research/EXTRACTED_HMDB51_FEATURES/swing_baseball_Faith_Rewarded_swing_baseball_f_nm_np1_ba_med_41.pt,swing_baseball,43
/data/dev/projects/ai/Trackey/trackey/research/EXTRACTED_HMDB51_FEATURES/swing_baseball_Faith_Rewarded_swing_baseball_f_nm_np1_ba_med_80.pt,swing_baseball,43
/data/dev/projects/ai/Trackey/trackey/research/EXTRACTED_HMDB51_FEATURES/swing_baseball_Faith_Rewarded_swing_baseball_f_nm_np1_fr_bad_17.pt,swing_baseball,43
/data/dev/projects/ai/Trackey/trackey/research/EXTRACTED_HMDB51_FEATURES/swing_baseball_Faith_Rewarded_swing_baseball_f_nm_np1_fr_bad_26.pt,swing_baseball,43
/data/dev/projects/ai/Trackey/trackey/research/EXTRACTED_HMDB51_FEATURES/swing_baseball_Faith_Rewarded_swing_baseball_f_nm_np1_fr_bad_36.pt,swing_baseball,43
/data/dev/projects/ai/Trackey/trackey/research/EXTRACTED_HMDB51_FEATURES/swing_baseball_Faith_Rewarded_swing_baseball_f_nm_np1_fr_bad_40.pt,swing_baseball,43
/data/dev/projects/ai/Trackey/trackey/research/EXTRACTED_HMDB51_FEATURES/swing_baseball_Faith_Rewarded_swing_baseball_f_nm_np1_fr_bad_49.pt,swing_baseball,43
/data/dev/projects/ai/Trackey/trackey/research/EXTRACTED_HMDB51_FEATURES/swing_baseball_Faith_Rewarded_swing_baseball_f_nm_np1_fr_bad_55.pt,swing_baseball,43
/data/dev/projects/ai/Trackey/trackey/research/EXTRACTED_HMDB51_FEATURES/swing_baseball_Faith_Rewarded_swing_baseball_f_nm_np1_fr_bad_56.pt,swing_baseball,43
/data/dev/projects/ai/Trackey/trackey/research/EXTRACTED_HMDB51_FEATURES/swing_baseball_Faith_Rewarded_swing_baseball_f_nm_np1_fr_bad_63.pt,swing_baseball,43
/data/dev/projects/ai/Trackey/trackey/research/EXTRACTED_HMDB51_FEATURES/swing_baseball_Faith_Rewarded_swing_baseball_f_nm_np1_fr_bad_64.pt,swing_baseball,43
/data/dev/projects/ai/Trackey/trackey/research/EXTRACTED_HMDB51_FEATURES/swing_baseball_Faith_Rewarded_swing_baseball_f_nm_np1_fr_bad_66.pt,swing_baseball,43
/data/dev/projects/ai/Trackey/trackey/research/EXTRACTED_HMDB51_FEATURES/swing_baseball_Faith_Rewarded_swing_baseball_f_nm_np1_fr_bad_68.pt,swing_baseball,43
/data/dev/projects/ai/Trackey/trackey/research/EXTRACTED_HMDB51_FEATURES/swing_baseball_Faith_Rewarded_swing_baseball_f_nm_np1_fr_bad_69.pt,swing_baseball,43
/data/dev/projects/ai/Trackey/trackey/research/EXTRACTED_HMDB51_FEATURES/swing_baseball_Faith_Rewarded_swing_baseball_f_nm_np1_fr_bad_70.pt,swing_baseball,43
/data/dev/projects/ai/Trackey/trackey/research/EXTRACTED_HMDB51_FEATURES/swing_baseball_Faith_Rewarded_swing_baseball_f_nm_np1_fr_bad_71.pt,swing_baseball,43
/data/dev/projects/ai/Trackey/trackey/research/EXTRACTED_HMDB51_FEATURES/swing_baseball_Faith_Rewarded_swing_baseball_f_nm_np1_fr_bad_72.pt,swing_baseball,43
/data/dev/projects/ai/Trackey/trackey/research/EXTRACTED_HMDB51_FEATURES/swing_baseball_Faith_Rewarded_swing_baseball_f_nm_np1_fr_bad_73.pt,swing_baseball,43
/data/dev/projects/ai/Trackey/trackey/research/EXTRACTED_HMDB51_FEATURES/swing_baseball_Faith_Rewarded_swing_baseball_f_nm_np1_fr_bad_85.pt,swing_baseball,43
/data/dev/projects/ai/Trackey/trackey/research/EXTRACTED_HMDB51_FEATURES/swing_baseball_Faith_Rewarded_swing_baseball_f_nm_np1_fr_bad_88.pt,swing_baseball,43
/data/dev/projects/ai/Trackey/trackey/research/EXTRACTED_HMDB51_FEATURES/swing_baseball_Faith_Rewarded_swing_baseball_f_nm_np1_fr_med_52.pt,swing_baseball,43
/data/dev/projects/ai/Trackey/trackey/research/EXTRACTED_HMDB51_FEATURES/swing_baseball_Faith_Rewarded_swing_baseball_f_nm_np1_fr_med_75.pt,swing_baseball,43
/data/dev/projects/ai/Trackey/trackey/research/EXTRACTED_HMDB51_FEATURES/swing_baseball_Faith_Rewarded_swing_baseball_f_nm_np1_fr_med_81.pt,swing_baseball,43
/data/dev/projects/ai/Trackey/trackey/research/EXTRACTED_HMDB51_FEATURES/swing_baseball_Faith_Rewarded_swing_baseball_f_nm_np1_le_bad_18.pt,swing_baseball,43
/data/dev/projects/ai/Trackey/trackey/research/EXTRACTED_HMDB51_FEATURES/swing_baseball_Faith_Rewarded_swing_baseball_f_nm_np1_le_bad_25.pt,swing_baseball,43
/data/dev/projects/ai/Trackey/trackey/research/EXTRACTED_HMDB51_FEATURES/swing_baseball_Faith_Rewarded_swing_baseball_f_nm_np1_le_bad_38.pt,swing_baseball,43
/data/dev/projects/ai/Trackey/trackey/research/EXTRACTED_HMDB51_FEATURES/swing_baseball_Faith_Rewarded_swing_baseball_f_nm_np1_le_bad_39.pt,swing_baseball,43
/data/dev/projects/ai/Trackey/trackey/research/EXTRACTED_HMDB51_FEATURES/swing_baseball_Faith_Rewarded_swing_baseball_f_nm_np1_le_bad_42.pt,swing_baseball,43
/data/dev/projects/ai/Trackey/trackey/research/EXTRACTED_HMDB51_FEATURES/swing_baseball_Faith_Rewarded_swing_baseball_f_nm_np1_le_bad_47.pt,swing_baseball,43
/data/dev/projects/ai/Trackey/trackey/research/EXTRACTED_HMDB51_FEATURES/swing_baseball_Faith_Rewarded_swing_baseball_f_nm_np1_le_bad_51.pt,swing_baseball,43
/data/dev/projects/ai/Trackey/trackey/research/EXTRACTED_HMDB51_FEATURES/swing_baseball_Faith_Rewarded_swing_baseball_f_nm_np1_le_bad_82.pt,swing_baseball,43
/data/dev/projects/ai/Trackey/trackey/research/EXTRACTED_HMDB51_FEATURES/swing_baseball_Faith_Rewarded_swing_baseball_f_nm_np1_le_med_19.pt,swing_baseball,43
/data/dev/projects/ai/Trackey/trackey/research/EXTRACTED_HMDB51_FEATURES/swing_baseball_Faith_Rewarded_swing_baseball_f_nm_np1_le_med_30.pt,swing_baseball,43
/data/dev/projects/ai/Trackey/trackey/research/EXTRACTED_HMDB51_FEATURES/swing_baseball_Faith_Rewarded_swing_baseball_f_nm_np1_ri_bad_4.pt,swing_baseball,43
/data/dev/projects/ai/Trackey/trackey/research/EXTRACTED_HMDB51_FEATURES/swing_baseball_Faith_Rewarded_swing_baseball_f_nm_np1_ri_bad_53.pt,swing_baseball,43
/data/dev/projects/ai/Trackey/trackey/research/EXTRACTED_HMDB51_FEATURES/swing_baseball_Faith_Rewarded_swing_baseball_f_nm_np1_ri_bad_59.pt,swing_baseball,43
/data/dev/projects/ai/Trackey/trackey/research/EXTRACTED_HMDB51_FEATURES/swing_baseball_Faith_Rewarded_swing_baseball_f_nm_np1_ri_bad_61.pt,swing_baseball,43
/data/dev/projects/ai/Trackey/trackey/research/EXTRACTED_HMDB51_FEATURES/swing_baseball_Faith_Rewarded_swing_baseball_f_nm_np1_ri_med_62.pt,swing_baseball,43
/data/dev/projects/ai/Trackey/trackey/research/EXTRACTED_HMDB51_FEATURES/swing_baseball_Faith_Rewarded_swing_baseball_u_cm_np1_ri_bad_3.pt,swing_baseball,43
/data/dev/projects/ai/Trackey/trackey/research/EXTRACTED_HMDB51_FEATURES/swing_baseball_Faith_Rewarded_swing_baseball_u_nm_np1_fr_bad_45.pt,swing_baseball,43
/data/dev/projects/ai/Trackey/trackey/research/EXTRACTED_HMDB51_FEATURES/swing_baseball_Faith_Rewarded_swing_baseball_u_nm_np1_le_bad_12.pt,swing_baseball,43
/data/dev/projects/ai/Trackey/trackey/research/EXTRACTED_HMDB51_FEATURES/swing_baseball_Faith_Rewarded_swing_baseball_u_nm_np1_ri_bad_48.pt,swing_baseball,43
/data/dev/projects/ai/Trackey/trackey/research/EXTRACTED_HMDB51_FEATURES/swing_baseball_Faith_Rewarded_swing_baseball_u_nm_np1_ri_bad_57.pt,swing_baseball,43
/data/dev/projects/ai/Trackey/trackey/research/EXTRACTED_HMDB51_FEATURES/swing_baseball_Fellowship_7_swing_baseball_u_nm_np1_fr_bad_14.pt,swing_baseball,43
/data/dev/projects/ai/Trackey/trackey/research/EXTRACTED_HMDB51_FEATURES/swing_baseball_HittingaSingle_swing_baseball_f_cm_np1_fr_med_0.pt,swing_baseball,43
/data/dev/projects/ai/Trackey/trackey/research/EXTRACTED_HMDB51_FEATURES/swing_baseball_HittingaSingle_swing_baseball_f_cm_np1_fr_med_1.pt,swing_baseball,43
/data/dev/projects/ai/Trackey/trackey/research/EXTRACTED_HMDB51_FEATURES/swing_baseball_Hittingadouble(BXbaseball)_swing_baseball_f_nm_np1_ba_bad_0.pt,swing_baseball,43
/data/dev/projects/ai/Trackey/trackey/research/EXTRACTED_HMDB51_FEATURES/swing_baseball_Hittingadouble(BXbaseball)_swing_baseball_f_nm_np1_ba_bad_1.pt,swing_baseball,43
/data/dev/projects/ai/Trackey/trackey/research/EXTRACTED_HMDB51_FEATURES/swing_baseball_Hittingadouble(BXbaseball)_swing_baseball_f_nm_np1_ba_bad_2.pt,swing_baseball,43
/data/dev/projects/ai/Trackey/trackey/research/EXTRACTED_HMDB51_FEATURES/swing_baseball_Hittingadouble(BXbaseball)_swing_baseball_f_nm_np1_ba_bad_3.pt,swing_baseball,43
/data/dev/projects/ai/Trackey/trackey/research/EXTRACTED_HMDB51_FEATURES/swing_baseball_Hittingmechanics_swing_baseball_f_nm_np1_fr_bad_0.pt,swing_baseball,43
/data/dev/projects/ai/Trackey/trackey/research/EXTRACTED_HMDB51_FEATURES/swing_baseball_HowtoswingaBaseballbat_swing_baseball_f_nm_np1_le_bad_0.pt,swing_baseball,43
/data/dev/projects/ai/Trackey/trackey/research/EXTRACTED_HMDB51_FEATURES/swing_baseball_HowtoswingaBaseballbat_swing_baseball_f_nm_np1_le_bad_1.pt,swing_baseball,43
/data/dev/projects/ai/Trackey/trackey/research/EXTRACTED_HMDB51_FEATURES/swing_baseball_MarkTeixeiratripleagainstBoston_swing_baseball_f_cm_np1_ba_bad_0.pt,swing_baseball,43
/data/dev/projects/ai/Trackey/trackey/research/EXTRACTED_HMDB51_FEATURES/swing_baseball_MattBolden(hittinginslowmotion)_swing_baseball_f_nm_np1_fr_bad_0.pt,swing_baseball,43
/data/dev/projects/ai/Trackey/trackey/research/EXTRACTED_HMDB51_FEATURES/swing_baseball_MattBoldenDoubles(SlowMotion)_swing_baseball_f_cm_np1_fr_bad_0.pt,swing_baseball,43
/data/dev/projects/ai/Trackey/trackey/research/EXTRACTED_HMDB51_FEATURES/swing_baseball_SlowMotionBPHomeRun_swing_baseball_f_nm_np1_fr_bad_0.pt,swing_baseball,43
/data/dev/projects/ai/Trackey/trackey/research/EXTRACTED_HMDB51_FEATURES/swing_baseball_SlowMotionHomerAtOleMiss_swing_baseball_f_cm_np1_ba_bad_0.pt,swing_baseball,43
/data/dev/projects/ai/Trackey/trackey/research/EXTRACTED_HMDB51_FEATURES/swing_baseball_SlowMotionofMySwing_swing_baseball_f_cm_np1_fr_bad_0.pt,swing_baseball,43
/data/dev/projects/ai/Trackey/trackey/research/EXTRACTED_HMDB51_FEATURES/swing_baseball_SlowmotionBretthitsasingle_swing_baseball_f_cm_np1_ba_bad_0.pt,swing_baseball,43
/data/dev/projects/ai/Trackey/trackey/research/EXTRACTED_HMDB51_FEATURES/swing_baseball_SlowmotionBretthitsasingle_swing_baseball_f_cm_np1_ba_bad_1.pt,swing_baseball,43
/data/dev/projects/ai/Trackey/trackey/research/EXTRACTED_HMDB51_FEATURES/swing_baseball_Tannerafterwecorrected_swing_baseball_f_cm_np1_fr_bad_0.pt,swing_baseball,43
/data/dev/projects/ai/Trackey/trackey/research/EXTRACTED_HMDB51_FEATURES/swing_baseball_Tannerafterwecorrected_swing_baseball_f_cm_np1_fr_bad_1.pt,swing_baseball,43
/data/dev/projects/ai/Trackey/trackey/research/EXTRACTED_HMDB51_FEATURES/swing_baseball_Tannerafterwecorrected_swing_baseball_f_cm_np1_fr_bad_2.pt,swing_baseball,43
/data/dev/projects/ai/Trackey/trackey/research/EXTRACTED_HMDB51_FEATURES/swing_baseball_Tannerafterwecorrected_swing_baseball_f_cm_np1_fr_bad_3.pt,swing_baseball,43
/data/dev/projects/ai/Trackey/trackey/research/EXTRACTED_HMDB51_FEATURES/swing_baseball_The_Matrix_Revolutions_3_swing_baseball_u_nm_np1_fr_bad_0.pt,swing_baseball,43
/data/dev/projects/ai/Trackey/trackey/research/EXTRACTED_HMDB51_FEATURES/swing_baseball_VenomSwingIceman_swing_baseball_f_cm_np1_fr_bad_0.pt,swing_baseball,43
/data/dev/projects/ai/Trackey/trackey/research/EXTRACTED_HMDB51_FEATURES/swing_baseball_hittingofftee2_swing_baseball_f_nm_np1_fr_med_0.pt,swing_baseball,43
/data/dev/projects/ai/Trackey/trackey/research/EXTRACTED_HMDB51_FEATURES/swing_baseball_hittingofftee2_swing_baseball_f_nm_np1_fr_med_1.pt,swing_baseball,43
/data/dev/projects/ai/Trackey/trackey/research/EXTRACTED_HMDB51_FEATURES/swing_baseball_hittingofftee2_swing_baseball_f_nm_np1_fr_med_10.pt,swing_baseball,43
/data/dev/projects/ai/Trackey/trackey/research/EXTRACTED_HMDB51_FEATURES/swing_baseball_hittingofftee2_swing_baseball_f_nm_np1_fr_med_11.pt,swing_baseball,43
/data/dev/projects/ai/Trackey/trackey/research/EXTRACTED_HMDB51_FEATURES/swing_baseball_hittingofftee2_swing_baseball_f_nm_np1_fr_med_2.pt,swing_baseball,43
/data/dev/projects/ai/Trackey/trackey/research/EXTRACTED_HMDB51_FEATURES/swing_baseball_hittingofftee2_swing_baseball_f_nm_np1_fr_med_3.pt,swing_baseball,43
/data/dev/projects/ai/Trackey/trackey/research/EXTRACTED_HMDB51_FEATURES/swing_baseball_hittingofftee2_swing_baseball_f_nm_np1_fr_med_4.pt,swing_baseball,43
/data/dev/projects/ai/Trackey/trackey/research/EXTRACTED_HMDB51_FEATURES/swing_baseball_hittingofftee2_swing_baseball_f_nm_np1_fr_med_5.pt,swing_baseball,43
/data/dev/projects/ai/Trackey/trackey/research/EXTRACTED_HMDB51_FEATURES/swing_baseball_hittingofftee2_swing_baseball_f_nm_np1_fr_med_6.pt,swing_baseball,43
/data/dev/projects/ai/Trackey/trackey/research/EXTRACTED_HMDB51_FEATURES/swing_baseball_hittingofftee2_swing_baseball_f_nm_np1_fr_med_7.pt,swing_baseball,43
/data/dev/projects/ai/Trackey/trackey/research/EXTRACTED_HMDB51_FEATURES/swing_baseball_hittingofftee2_swing_baseball_f_nm_np1_fr_med_8.pt,swing_baseball,43
/data/dev/projects/ai/Trackey/trackey/research/EXTRACTED_HMDB51_FEATURES/swing_baseball_hittingofftee2_swing_baseball_f_nm_np1_fr_med_9.pt,swing_baseball,43
/data/dev/projects/ai/Trackey/trackey/research/EXTRACTED_HMDB51_FEATURES/swing_baseball_longhomerunhomerunswingslowmotion_swing_baseball_f_cm_np1_ba_bad_0.pt,swing_baseball,43
/data/dev/projects/ai/Trackey/trackey/research/EXTRACTED_HMDB51_FEATURES/swing_baseball_practicingmybaseballswing2009_swing_baseball_f_cm_np1_fr_med_11.pt,swing_baseball,43
/data/dev/projects/ai/Trackey/trackey/research/EXTRACTED_HMDB51_FEATURES/swing_baseball_practicingmybaseballswing2009_swing_baseball_f_cm_np1_fr_med_12.pt,swing_baseball,43
/data/dev/projects/ai/Trackey/trackey/research/EXTRACTED_HMDB51_FEATURES/swing_baseball_practicingmybaseballswing2009_swing_baseball_f_cm_np1_fr_med_13.pt,swing_baseball,43
/data/dev/projects/ai/Trackey/trackey/research/EXTRACTED_HMDB51_FEATURES/swing_baseball_practicingmybaseballswing2009_swing_baseball_f_cm_np1_fr_med_14.pt,swing_baseball,43
/data/dev/projects/ai/Trackey/trackey/research/EXTRACTED_HMDB51_FEATURES/swing_baseball_practicingmybaseballswing2009_swing_baseball_f_cm_np1_fr_med_15.pt,swing_baseball,43
/data/dev/projects/ai/Trackey/trackey/research/EXTRACTED_HMDB51_FEATURES/swing_baseball_practicingmybaseballswing2009_swing_baseball_f_cm_np1_fr_med_16.pt,swing_baseball,43
/data/dev/projects/ai/Trackey/trackey/research/EXTRACTED_HMDB51_FEATURES/swing_baseball_practicingmybaseballswing2009_swing_baseball_f_cm_np1_fr_med_17.pt,swing_baseball,43
/data/dev/projects/ai/Trackey/trackey/research/EXTRACTED_HMDB51_FEATURES/swing_baseball_practicingmybaseballswing2009_swing_baseball_f_cm_np1_fr_med_18.pt,swing_baseball,43
/data/dev/projects/ai/Trackey/trackey/research/EXTRACTED_HMDB51_FEATURES/swing_baseball_practicingmybaseballswing2009_swing_baseball_f_cm_np1_fr_med_19.pt,swing_baseball,43
/data/dev/projects/ai/Trackey/trackey/research/EXTRACTED_HMDB51_FEATURES/swing_baseball_practicingmybaseballswing2009_swing_baseball_f_cm_np1_fr_med_2.pt,swing_baseball,43
/data/dev/projects/ai/Trackey/trackey/research/EXTRACTED_HMDB51_FEATURES/swing_baseball_practicingmybaseballswing2009_swing_baseball_f_cm_np1_fr_med_3.pt,swing_baseball,43
/data/dev/projects/ai/Trackey/trackey/research/EXTRACTED_HMDB51_FEATURES/swing_baseball_practicingmybaseballswing2009_swing_baseball_f_cm_np1_fr_med_4.pt,swing_baseball,43
/data/dev/projects/ai/Trackey/trackey/research/EXTRACTED_HMDB51_FEATURES/swing_baseball_practicingmybaseballswing2009_swing_baseball_f_cm_np1_fr_med_5.pt,swing_baseball,43
/data/dev/projects/ai/Trackey/trackey/research/EXTRACTED_HMDB51_FEATURES/swing_baseball_practicingmybaseballswing2009_swing_baseball_f_cm_np1_fr_med_6.pt,swing_baseball,43
/data/dev/projects/ai/Trackey/trackey/research/EXTRACTED_HMDB51_FEATURES/swing_baseball_practicingmybaseballswing2009_swing_baseball_f_cm_np1_fr_med_7.pt,swing_baseball,43
/data/dev/projects/ai/Trackey/trackey/research/EXTRACTED_HMDB51_FEATURES/swing_baseball_practicingmybaseballswing2009_swing_baseball_f_cm_np1_fr_med_8.pt,swing_baseball,43
/data/dev/projects/ai/Trackey/trackey/research/EXTRACTED_HMDB51_FEATURES/swing_baseball_practicingmybaseballswing2009_swing_baseball_f_cm_np1_fr_med_9.pt,swing_baseball,43
/data/dev/projects/ai/Trackey/trackey/research/EXTRACTED_HMDB51_FEATURES/swing_baseball_practicingmybaseballswing2009_swing_baseball_u_cm_np1_fr_med_0.pt,swing_baseball,43
/data/dev/projects/ai/Trackey/trackey/research/EXTRACTED_HMDB51_FEATURES/swing_baseball_practicingmybaseballswing2009_swing_baseball_u_cm_np1_fr_med_1.pt,swing_baseball,43
/data/dev/projects/ai/Trackey/trackey/research/EXTRACTED_HMDB51_FEATURES/swing_baseball_practicingmybaseballswing2009_swing_baseball_u_cm_np1_fr_med_10.pt,swing_baseball,43
/data/dev/projects/ai/Trackey/trackey/research/EXTRACTED_HMDB51_FEATURES/sword_2006_Full_Contact_Medieval_Sword_Tournament_Final_sword_f_cm_np2_fr_bad_2.pt,sword,44
/data/dev/projects/ai/Trackey/trackey/research/EXTRACTED_HMDB51_FEATURES/sword_2006_Full_Contact_Medieval_Sword_Tournament_Final_sword_f_cm_np2_le_bad_0.pt,sword,44
/data/dev/projects/ai/Trackey/trackey/research/EXTRACTED_HMDB51_FEATURES/sword_2006_Full_Contact_Medieval_Sword_Tournament_Final_sword_f_cm_np2_le_bad_1.pt,sword,44
/data/dev/projects/ai/Trackey/trackey/research/EXTRACTED_HMDB51_FEATURES/sword_AHF_longsword_against_Rapier_and_Dagger_Fight_sword_f_cm_np2_ri_bad_0.pt,sword,44
/data/dev/projects/ai/Trackey/trackey/research/EXTRACTED_HMDB51_FEATURES/sword_AHF_longsword_against_Rapier_and_Dagger_Fight_sword_f_cm_np2_ri_bad_1.pt,sword,44
/data/dev/projects/ai/Trackey/trackey/research/EXTRACTED_HMDB51_FEATURES/sword_AHF_longsword_against_Rapier_and_Dagger_Fight_sword_f_cm_np2_ri_bad_2.pt,sword,44
/data/dev/projects/ai/Trackey/trackey/research/EXTRACTED_HMDB51_FEATURES/sword_Agilitas_tv_Intro_Schwertkampf_in_der_R_stung_sword_u_cm_np2_fr_med_0.pt,sword,44
/data/dev/projects/ai/Trackey/trackey/research/EXTRACTED_HMDB51_FEATURES/sword_Agilitas_tv_Intro_Schwertkampf_in_der_R_stung_sword_u_cm_np2_ri_med_1.pt,sword,44
/data/dev/projects/ai/Trackey/trackey/research/EXTRACTED_HMDB51_FEATURES/sword_Baddest_Fight_Scenes_EVER!_-_Kill_Bill__Vol___1_-_vs__Crazy_88_s_sword_f_cm_np2_ri_med_4.pt,sword,44
/data/dev/projects/ai/Trackey/trackey/research/EXTRACTED_HMDB51_FEATURES/sword_Baddest_Fight_Scenes_EVER!_-_Kill_Bill__Vol___1_-_vs__Crazy_88_s_sword_f_nm_np6_ri_med_1.pt,sword,44
/data/dev/projects/ai/Trackey/trackey/research/EXTRACTED_HMDB51_FEATURES/sword_Baddest_Fight_Scenes_EVER!_-_Kill_Bill__Vol___1_-_vs__Crazy_88_s_sword_f_nm_np6_ri_med_2.pt,sword,44
/data/dev/projects/ai/Trackey/trackey/research/EXTRACTED_HMDB51_FEATURES/sword_Baddest_Fight_Scenes_EVER!_-_Kill_Bill__Vol___1_-_vs__Crazy_88_s_sword_u_cm_np6_ri_med_0.pt,sword,44
/data/dev/projects/ai/Trackey/trackey/research/EXTRACTED_HMDB51_FEATURES/sword_Best_Sword_Fights_-_Vol__1_-__Rob_Roy__sword_f_cm_np2_ba_bad_0.pt,sword,44
/data/dev/projects/ai/Trackey/trackey/research/EXTRACTED_HMDB51_FEATURES/sword_Best_Sword_Fights_-_Vol__1_-__Rob_Roy__sword_u_cm_np2_fr_bad_2.pt,sword,44
/data/dev/projects/ai/Trackey/trackey/research/EXTRACTED_HMDB51_FEATURES/sword_Best_Sword_Fights_-_Vol__1_-__Rob_Roy__sword_u_cm_np2_fr_med_1.pt,sword,44
/data/dev/projects/ai/Trackey/trackey/research/EXTRACTED_HMDB51_FEATURES/sword_Best_fight_scene_in_history_of_movie_sword_u_cm_np2_fr_bad_1.pt,sword,44
/data/dev/projects/ai/Trackey/trackey/research/EXTRACTED_HMDB51_FEATURES/sword_Black_Knight_sword_f_cm_np2_fr_goo_3.pt,sword,44
/data/dev/projects/ai/Trackey/trackey/research/EXTRACTED_HMDB51_FEATURES/sword_Black_Knight_sword_u_cm_np2_ba_goo_0.pt,sword,44
/data/dev/projects/ai/Trackey/trackey/research/EXTRACTED_HMDB51_FEATURES/sword_Black_Knight_sword_u_cm_np2_ba_goo_1.pt,sword,44
/data/dev/projects/ai/Trackey/trackey/research/EXTRACTED_HMDB51_FEATURES/sword_Black_Knight_sword_u_cm_np2_ba_goo_2.pt,sword,44
/data/dev/projects/ai/Trackey/trackey/research/EXTRACTED_HMDB51_FEATURES/sword_Black_Knight_sword_u_cm_np2_le_goo_4.pt,sword,44
/data/dev/projects/ai/Trackey/trackey/research/EXTRACTED_HMDB51_FEATURES/sword_Blade_Vs_Deacon_Frost_Sword_Fight_Scene_sword_f_cm_np2_fr_med_0.pt,sword,44
/data/dev/projects/ai/Trackey/trackey/research/EXTRACTED_HMDB51_FEATURES/sword_Blade_Vs_Deacon_Frost_Sword_Fight_Scene_sword_f_cm_np2_le_med_1.pt,sword,44
/data/dev/projects/ai/Trackey/trackey/research/EXTRACTED_HMDB51_FEATURES/sword_Blade_Vs_Deacon_Frost_Sword_Fight_Scene_sword_f_cm_np2_le_med_2.pt,sword,44
/data/dev/projects/ai/Trackey/trackey/research/EXTRACTED_HMDB51_FEATURES/sword_Blood_And_Bone_(sword_fight_Scene)_sword_f_nm_np2_ri_bad_0.pt,sword,44
/data/dev/projects/ai/Trackey/trackey/research/EXTRACTED_HMDB51_FEATURES/sword_Blood_And_Bone_(sword_fight_Scene)_sword_f_nm_np2_ri_med_1.pt,sword,44
/data/dev/projects/ai/Trackey/trackey/research/EXTRACTED_HMDB51_FEATURES/sword_David_Carradine_vs__Michael_Jai_White_sword_u_nm_np2_fr_med_0.pt,sword,44
/data/dev/projects/ai/Trackey/trackey/research/EXTRACTED_HMDB51_FEATURES/sword_David_Carradine_vs__Michael_Jai_White_sword_u_nm_np2_fr_med_1.pt,sword,44
/data/dev/projects/ai/Trackey/trackey/research/EXTRACTED_HMDB51_FEATURES/sword_David_Carradine_vs__Michael_Jai_White_sword_u_nm_np2_ri_med_2.pt,sword,44
/data/dev/projects/ai/Trackey/trackey/research/EXTRACTED_HMDB51_FEATURES/sword_Duncan_Macleod_&_Amanda_Soulmates_Part_2_sword_u_cm_np2_fr_med_0.pt,sword,44
/data/dev/projects/ai/Trackey/trackey/research/EXTRACTED_HMDB51_FEATURES/sword_Duncan_Macleod_&_Amanda_Soulmates_Part_2_sword_u_cm_np2_fr_med_2.pt,sword,44
/data/dev/projects/ai/Trackey/trackey/research/EXTRACTED_HMDB51_FEATURES/sword_Duncan_Macleod_&_Amanda_Soulmates_Part_2_sword_u_cm_np2_fr_med_3.pt,sword,44
/data/dev/projects/ai/Trackey/trackey/research/EXTRACTED_HMDB51_FEATURES/sword_Duncan_Macleod_&_Amanda_Soulmates_Part_2_sword_u_cm_np2_le_med_1.pt,sword,44
/data/dev/projects/ai/Trackey/trackey/research/EXTRACTED_HMDB51_FEATURES/sword_Fechten_mit_dem_langen_Schwert_sword_f_cm_np2_le_med_0.pt,sword,44
/data/dev/projects/ai/Trackey/trackey/research/EXTRACTED_HMDB51_FEATURES/sword_Fechten_mit_dem_langen_Schwert_sword_f_cm_np2_le_med_1.pt,sword,44
/data/dev/projects/ai/Trackey/trackey/research/EXTRACTED_HMDB51_FEATURES/sword_Fechten_mit_dem_langen_Schwert_sword_f_cm_np2_le_med_2.pt,sword,44
/data/dev/projects/ai/Trackey/trackey/research/EXTRACTED_HMDB51_FEATURES/sword_Fechten_mit_dem_langen_Schwert_sword_f_cm_np2_le_med_3.pt,sword,44
/data/dev/projects/ai/Trackey/trackey/research/EXTRACTED_HMDB51_FEATURES/sword_Fechten_mit_dem_langen_Schwert_sword_f_cm_np2_le_med_6.pt,sword,44
/data/dev/projects/ai/Trackey/trackey/research/EXTRACTED_HMDB51_FEATURES/sword_Fechten_mit_dem_langen_Schwert_sword_f_cm_np2_le_med_8.pt,sword,44
/data/dev/projects/ai/Trackey/trackey/research/EXTRACTED_HMDB51_FEATURES/sword_Fechten_mit_dem_langen_Schwert_sword_u_cm_np2_fr_med_4.pt,sword,44
/data/dev/projects/ai/Trackey/trackey/research/EXTRACTED_HMDB51_FEATURES/sword_Fechten_mit_dem_langen_Schwert_sword_u_cm_np2_fr_med_5.pt,sword,44
/data/dev/projects/ai/Trackey/trackey/research/EXTRACTED_HMDB51_FEATURES/sword_Fechten_mit_dem_langen_Schwert_sword_u_cm_np2_le_med_7.pt,sword,44
/data/dev/projects/ai/Trackey/trackey/research/EXTRACTED_HMDB51_FEATURES/sword_Fellowship_4_sword_u_cm_np1_fr_med_4.pt,sword,44
/data/dev/projects/ai/Trackey/trackey/research/EXTRACTED_HMDB51_FEATURES/sword_Fellowship_5_sword_u_nm_np1_ri_med_5.pt,sword,44
/data/dev/projects/ai/Trackey/trackey/research/EXTRACTED_HMDB51_FEATURES/sword_Gohatto_-_sword_fight_scene_sword_f_cm_np2_ba_med_3.pt,sword,44
/data/dev/projects/ai/Trackey/trackey/research/EXTRACTED_HMDB51_FEATURES/sword_Gohatto_-_sword_fight_scene_sword_f_cm_np2_fr_med_0.pt,sword,44
/data/dev/projects/ai/Trackey/trackey/research/EXTRACTED_HMDB51_FEATURES/sword_Gohatto_-_sword_fight_scene_sword_f_cm_np2_fr_med_1.pt,sword,44
/data/dev/projects/ai/Trackey/trackey/research/EXTRACTED_HMDB51_FEATURES/sword_Gohatto_-_sword_fight_scene_sword_f_cm_np2_ri_med_2.pt,sword,44
/data/dev/projects/ai/Trackey/trackey/research/EXTRACTED_HMDB51_FEATURES/sword_HIGHLANDER___TRAINING___WEEPING_OF_THE_SPIRITS_sword_f_cm_np2_fr_med_0.pt,sword,44
/data/dev/projects/ai/Trackey/trackey/research/EXTRACTED_HMDB51_FEATURES/sword_HIGHLANDER___TRAINING___WEEPING_OF_THE_SPIRITS_sword_u_cm_np2_fr_med_1.pt,sword,44
/data/dev/projects/ai/Trackey/trackey/research/EXTRACTED_HMDB51_FEATURES/sword_Kendo_sword_f_nm_np1_fr_bad_4.pt,sword,44
/data/dev/projects/ai/Trackey/trackey/research/EXTRACTED_HMDB51_FEATURES/sword_Kendo_sword_f_nm_np1_fr_bad_5.pt,sword,44
/data/dev/projects/ai/Trackey/trackey/research/EXTRACTED_HMDB51_FEATURES/sword_Kendo_sword_f_nm_np1_fr_bad_6.pt,sword,44
/data/dev/projects/ai/Trackey/trackey/research/EXTRACTED_HMDB51_FEATURES/sword_Kendo_sword_f_nm_np1_fr_bad_7.pt,sword,44
/data/dev/projects/ai/Trackey/trackey/research/EXTRACTED_HMDB51_FEATURES/sword_Kendo_sword_f_nm_np2_ba_bad_0.pt,sword,44
/data/dev/projects/ai/Trackey/trackey/research/EXTRACTED_HMDB51_FEATURES/sword_Kendo_sword_f_nm_np2_ba_bad_1.pt,sword,44
/data/dev/projects/ai/Trackey/trackey/research/EXTRACTED_HMDB51_FEATURES/sword_Kendo_sword_f_nm_np2_ba_bad_2.pt,sword,44
/data/dev/projects/ai/Trackey/trackey/research/EXTRACTED_HMDB51_FEATURES/sword_MAF_Tenshin_Ryu_sword_f_cm_np2_le_med_1.pt,sword,44
/data/dev/projects/ai/Trackey/trackey/research/EXTRACTED_HMDB51_FEATURES/sword_MAF_Tenshin_Ryu_sword_f_cm_np2_ri_med_0.pt,sword,44
/data/dev/projects/ai/Trackey/trackey/research/EXTRACTED_HMDB51_FEATURES/sword_Medieval_Times_Knights_Battle_Sword_Fight_sword_f_cm_np2_ba_med_6.pt,sword,44
/data/dev/projects/ai/Trackey/trackey/research/EXTRACTED_HMDB51_FEATURES/sword_Medieval_Times_Knights_Battle_Sword_Fight_sword_f_cm_np2_ba_med_7.pt,sword,44
/data/dev/projects/ai/Trackey/trackey/research/EXTRACTED_HMDB51_FEATURES/sword_Medieval_Times_Knights_Battle_Sword_Fight_sword_f_cm_np2_fr_med_5.pt,sword,44
/data/dev/projects/ai/Trackey/trackey/research/EXTRACTED_HMDB51_FEATURES/sword_Medieval_Times_Knights_Battle_Sword_Fight_sword_f_cm_np2_le_bad_0.pt,sword,44
/data/dev/projects/ai/Trackey/trackey/research/EXTRACTED_HMDB51_FEATURES/sword_Medieval_Times_Knights_Battle_Sword_Fight_sword_f_cm_np2_le_med_1.pt,sword,44
/data/dev/projects/ai/Trackey/trackey/research/EXTRACTED_HMDB51_FEATURES/sword_Medieval_Times_Knights_Battle_Sword_Fight_sword_f_cm_np2_le_med_3.pt,sword,44
/data/dev/projects/ai/Trackey/trackey/research/EXTRACTED_HMDB51_FEATURES/sword_Medieval_Times_Knights_Battle_Sword_Fight_sword_f_cm_np2_ri_med_2.pt,sword,44
/data/dev/projects/ai/Trackey/trackey/research/EXTRACTED_HMDB51_FEATURES/sword_Medieval_Times_Knights_Battle_Sword_Fight_sword_f_cm_np2_ri_med_4.pt,sword,44
/data/dev/projects/ai/Trackey/trackey/research/EXTRACTED_HMDB51_FEATURES/sword_Medieval_knight_fight_sword_f_cm_np1_ba_med_5.pt,sword,44
/data/dev/projects/ai/Trackey/trackey/research/EXTRACTED_HMDB51_FEATURES/sword_Medieval_knight_fight_sword_f_cm_np1_le_med_0.pt,sword,44
/data/dev/projects/ai/Trackey/trackey/research/EXTRACTED_HMDB51_FEATURES/sword_Medieval_knight_fight_sword_f_cm_np1_le_med_2.pt,sword,44
/data/dev/projects/ai/Trackey/trackey/research/EXTRACTED_HMDB51_FEATURES/sword_Medieval_knight_fight_sword_f_cm_np1_ri_med_1.pt,sword,44
/data/dev/projects/ai/Trackey/trackey/research/EXTRACTED_HMDB51_FEATURES/sword_Medieval_knight_fight_sword_f_cm_np1_ri_med_3.pt,sword,44
/data/dev/projects/ai/Trackey/trackey/research/EXTRACTED_HMDB51_FEATURES/sword_Medieval_knight_fight_sword_f_cm_np1_ri_med_4.pt,sword,44
/data/dev/projects/ai/Trackey/trackey/research/EXTRACTED_HMDB51_FEATURES/sword_Medieval_sword_fight_sword_f_cm_np2_ba_med_0.pt,sword,44
/data/dev/projects/ai/Trackey/trackey/research/EXTRACTED_HMDB51_FEATURES/sword_Medieval_sword_fight_sword_f_cm_np2_ba_med_1.pt,sword,44
/data/dev/projects/ai/Trackey/trackey/research/EXTRACTED_HMDB51_FEATURES/sword_Medieval_sword_fight_sword_f_cm_np2_ba_med_3.pt,sword,44
/data/dev/projects/ai/Trackey/trackey/research/EXTRACTED_HMDB51_FEATURES/sword_Medieval_sword_fight_sword_f_cm_np2_ri_med_2.pt,sword,44
/data/dev/projects/ai/Trackey/trackey/research/EXTRACTED_HMDB51_FEATURES/sword_Moonfleet_1955_rapier_vs_halberd_duel__Stewart_Granger_sword_u_cm_np2_ri_bad_0.pt,sword,44
/data/dev/projects/ai/Trackey/trackey/research/EXTRACTED_HMDB51_FEATURES/sword_Obi-Wan_Kenobi__Anakin_Skywalker_and_Yoda_vs__Count_Dooku_sword_f_cm_np2_fr_bad_3.pt,sword,44
/data/dev/projects/ai/Trackey/trackey/research/EXTRACTED_HMDB51_FEATURES/sword_Obi-Wan_Kenobi__Anakin_Skywalker_and_Yoda_vs__Count_Dooku_sword_f_cm_np2_le_bad_1.pt,sword,44
/data/dev/projects/ai/Trackey/trackey/research/EXTRACTED_HMDB51_FEATURES/sword_Obi-Wan_Kenobi__Anakin_Skywalker_and_Yoda_vs__Count_Dooku_sword_f_cm_np2_ri_bad_2.pt,sword,44
/data/dev/projects/ai/Trackey/trackey/research/EXTRACTED_HMDB51_FEATURES/sword_Obi-Wan_Kenobi__Anakin_Skywalker_and_Yoda_vs__Count_Dooku_sword_u_cm_np2_ri_bad_0.pt,sword,44
/data/dev/projects/ai/Trackey/trackey/research/EXTRACTED_HMDB51_FEATURES/sword_Pirates_2_sword_f_cm_np2_le_med_4.pt,sword,44
/data/dev/projects/ai/Trackey/trackey/research/EXTRACTED_HMDB51_FEATURES/sword_Pirates_2_sword_u_cm_np1_fr_med_3.pt,sword,44
/data/dev/projects/ai/Trackey/trackey/research/EXTRACTED_HMDB51_FEATURES/sword_Pirates_6_sword_f_cm_np2_ba_bad_8.pt,sword,44
/data/dev/projects/ai/Trackey/trackey/research/EXTRACTED_HMDB51_FEATURES/sword_Pirates_6_sword_f_cm_np2_ba_med_6.pt,sword,44
/data/dev/projects/ai/Trackey/trackey/research/EXTRACTED_HMDB51_FEATURES/sword_RETURN_OF_THE_KING_sword_u_cm_np1_fr_med_53.pt,sword,44
/data/dev/projects/ai/Trackey/trackey/research/EXTRACTED_HMDB51_FEATURES/sword_RETURN_OF_THE_KING_sword_u_nm_np1_fr_bad_42.pt,sword,44
/data/dev/projects/ai/Trackey/trackey/research/EXTRACTED_HMDB51_FEATURES/sword_Return_of_the_King_4_sword_u_cm_np1_ba_med_1.pt,sword,44
/data/dev/projects/ai/Trackey/trackey/research/EXTRACTED_HMDB51_FEATURES/sword_Return_of_the_King_4_sword_u_cm_np1_ri_bad_2.pt,sword,44
/data/dev/projects/ai/Trackey/trackey/research/EXTRACTED_HMDB51_FEATURES/sword_Return_of_the_King_4_sword_u_cm_np1_ri_bad_7.pt,sword,44
/data/dev/projects/ai/Trackey/trackey/research/EXTRACTED_HMDB51_FEATURES/sword_Return_of_the_King_9_sword_u_nm_np1_fr_bad_8.pt,sword,44
/data/dev/projects/ai/Trackey/trackey/research/EXTRACTED_HMDB51_FEATURES/sword_Samurai_Fight_Scene_sword_u_cm_np1_ba_goo_1.pt,sword,44
/data/dev/projects/ai/Trackey/trackey/research/EXTRACTED_HMDB51_FEATURES/sword_Samurai_Fight_Scene_sword_u_cm_np1_le_goo_0.pt,sword,44
/data/dev/projects/ai/Trackey/trackey/research/EXTRACTED_HMDB51_FEATURES/sword_Schwertkampf__in_Bechtolsheim_sword_f_cm_np2_ba_med_0.pt,sword,44
/data/dev/projects/ai/Trackey/trackey/research/EXTRACTED_HMDB51_FEATURES/sword_Schwertkampf__in_Bechtolsheim_sword_f_cm_np2_le_med_2.pt,sword,44
/data/dev/projects/ai/Trackey/trackey/research/EXTRACTED_HMDB51_FEATURES/sword_Schwertkampf__in_Bechtolsheim_sword_f_cm_np2_le_med_3.pt,sword,44
/data/dev/projects/ai/Trackey/trackey/research/EXTRACTED_HMDB51_FEATURES/sword_Schwertkampf__in_Bechtolsheim_sword_f_cm_np2_ri_bad_4.pt,sword,44
/data/dev/projects/ai/Trackey/trackey/research/EXTRACTED_HMDB51_FEATURES/sword_Schwertkampf__in_Bechtolsheim_sword_f_cm_np2_ri_med_1.pt,sword,44
/data/dev/projects/ai/Trackey/trackey/research/EXTRACTED_HMDB51_FEATURES/sword_Stage_Combat_4_-_Sword_Fight_sword_f_cm_np2_fr_bad_0.pt,sword,44
/data/dev/projects/ai/Trackey/trackey/research/EXTRACTED_HMDB51_FEATURES/sword_Stage_Combat_4_-_Sword_Fight_sword_f_cm_np2_le_bad_1.pt,sword,44
/data/dev/projects/ai/Trackey/trackey/research/EXTRACTED_HMDB51_FEATURES/sword_Stage_Combat_5_-_Sword_Fight_-_East_15_sword_f_cm_np2_le_bad_1.pt,sword,44
/data/dev/projects/ai/Trackey/trackey/research/EXTRACTED_HMDB51_FEATURES/sword_Stage_Combat_5_-_Sword_Fight_-_East_15_sword_f_cm_np2_ri_bad_0.pt,sword,44
/data/dev/projects/ai/Trackey/trackey/research/EXTRACTED_HMDB51_FEATURES/sword_Star_Wars_I_Light_Sabre_Battle_Re-cut_sword_f_cm_np2_ba_med_0.pt,sword,44
/data/dev/projects/ai/Trackey/trackey/research/EXTRACTED_HMDB51_FEATURES/sword_Star_Wars_I_Light_Sabre_Battle_Re-cut_sword_f_cm_np2_ba_med_3.pt,sword,44
/data/dev/projects/ai/Trackey/trackey/research/EXTRACTED_HMDB51_FEATURES/sword_Star_Wars_I_Light_Sabre_Battle_Re-cut_sword_f_cm_np2_ri_med_2.pt,sword,44
/data/dev/projects/ai/Trackey/trackey/research/EXTRACTED_HMDB51_FEATURES/sword_Star_Wars_I_Light_Sabre_Battle_Re-cut_sword_u_cm_np2_ri_med_1.pt,sword,44
/data/dev/projects/ai/Trackey/trackey/research/EXTRACTED_HMDB51_FEATURES/sword_Takeda_Ryu_Iaido_sword_f_nm_np1_fr_med_3.pt,sword,44
/data/dev/projects/ai/Trackey/trackey/research/EXTRACTED_HMDB51_FEATURES/sword_Takeda_Ryu_Iaido_sword_f_nm_np1_fr_med_7.pt,sword,44
/data/dev/projects/ai/Trackey/trackey/research/EXTRACTED_HMDB51_FEATURES/sword_Takeda_Ryu_Iaido_sword_f_nm_np1_le_med_5.pt,sword,44
/data/dev/projects/ai/Trackey/trackey/research/EXTRACTED_HMDB51_FEATURES/sword_Takeda_Ryu_Iaido_sword_f_nm_np2_le_med_0.pt,sword,44
/data/dev/projects/ai/Trackey/trackey/research/EXTRACTED_HMDB51_FEATURES/sword_Takeda_Ryu_Iaido_sword_f_nm_np2_le_med_1.pt,sword,44
/data/dev/projects/ai/Trackey/trackey/research/EXTRACTED_HMDB51_FEATURES/sword_The_Last_Samurai_-_In_Your_Honor_sword_f_nm_np2_le_bad_1.pt,sword,44
/data/dev/projects/ai/Trackey/trackey/research/EXTRACTED_HMDB51_FEATURES/sword_The_Last_Samurai_-_In_Your_Honor_sword_f_nm_np3_fr_bad_0.pt,sword,44
/data/dev/projects/ai/Trackey/trackey/research/EXTRACTED_HMDB51_FEATURES/sword_Ziyi_Zhang_vs__Michelle_Yeoh_best_fight_scene_ever_sword_f_cm_np2_le_med_1.pt,sword,44
/data/dev/projects/ai/Trackey/trackey/research/EXTRACTED_HMDB51_FEATURES/sword_Ziyi_Zhang_vs__Michelle_Yeoh_best_fight_scene_ever_sword_u_cm_np2_fr_med_3.pt,sword,44
/data/dev/projects/ai/Trackey/trackey/research/EXTRACTED_HMDB51_FEATURES/sword_Ziyi_Zhang_vs__Michelle_Yeoh_best_fight_scene_ever_sword_u_cm_np2_le_med_2.pt,sword,44
/data/dev/projects/ai/Trackey/trackey/research/EXTRACTED_HMDB51_FEATURES/sword_Ziyi_Zhang_vs__Michelle_Yeoh_best_fight_scene_ever_sword_u_cm_np2_ri_med_0.pt,sword,44
/data/dev/projects/ai/Trackey/trackey/research/EXTRACTED_HMDB51_FEATURES/sword__Kill_Bill__Uma_Thruman_sword_fight_with_Lucy_liu_sword_f_nm_np2_le_med_3.pt,sword,44
/data/dev/projects/ai/Trackey/trackey/research/EXTRACTED_HMDB51_FEATURES/sword__Kill_Bill__Uma_Thruman_sword_fight_with_Lucy_liu_sword_f_nm_np2_ri_med_0.pt,sword,44
/data/dev/projects/ai/Trackey/trackey/research/EXTRACTED_HMDB51_FEATURES/sword__Kill_Bill__Uma_Thruman_sword_fight_with_Lucy_liu_sword_u_cm_np2_fr_med_1.pt,sword,44
/data/dev/projects/ai/Trackey/trackey/research/EXTRACTED_HMDB51_FEATURES/sword__Kill_Bill__Uma_Thruman_sword_fight_with_Lucy_liu_sword_u_cm_np2_fr_med_2.pt,sword,44
/data/dev/projects/ai/Trackey/trackey/research/EXTRACTED_HMDB51_FEATURES/sword_jonhs_netfreemovies_holygrail_sword_f_nm_np1_ba_med_9.pt,sword,44
/data/dev/projects/ai/Trackey/trackey/research/EXTRACTED_HMDB51_FEATURES/sword_jonhs_netfreemovies_holygrail_sword_f_nm_np2_le_med_2.pt,sword,44
/data/dev/projects/ai/Trackey/trackey/research/EXTRACTED_HMDB51_FEATURES/sword_jonhs_netfreemovies_holygrail_sword_u_nm_np2_ba_med_8.pt,sword,44
/data/dev/projects/ai/Trackey/trackey/research/EXTRACTED_HMDB51_FEATURES/sword_late_medieval_longsword_duel_sword_f_cm_np2_fr_med_0.pt,sword,44
/data/dev/projects/ai/Trackey/trackey/research/EXTRACTED_HMDB51_FEATURES/sword_late_medieval_longsword_duel_sword_u_cm_np2_ri_med_1.pt,sword,44
/data/dev/projects/ai/Trackey/trackey/research/EXTRACTED_HMDB51_FEATURES/sword_exercise_Blade_Of_Fury_-_Scene_1_sword_exercise_f_cm_np1_fr_med_4.pt,sword_exercise,45
/data/dev/projects/ai/Trackey/trackey/research/EXTRACTED_HMDB51_FEATURES/sword_exercise_Blade_Of_Fury_-_Scene_1_sword_exercise_f_cm_np1_ri_med_3.pt,sword_exercise,45
/data/dev/projects/ai/Trackey/trackey/research/EXTRACTED_HMDB51_FEATURES/sword_exercise_Blade_Of_Fury_-_Scene_1_sword_exercise_f_nm_np1_fr_med_0.pt,sword_exercise,45
/data/dev/projects/ai/Trackey/trackey/research/EXTRACTED_HMDB51_FEATURES/sword_exercise_Blade_Of_Fury_-_Scene_1_sword_exercise_f_nm_np1_ri_med_1.pt,sword_exercise,45
/data/dev/projects/ai/Trackey/trackey/research/EXTRACTED_HMDB51_FEATURES/sword_exercise_Blade_Of_Fury_-_Scene_1_sword_exercise_u_cm_np1_ri_med_2.pt,sword_exercise,45
/data/dev/projects/ai/Trackey/trackey/research/EXTRACTED_HMDB51_FEATURES/sword_exercise_Cold_Steel_Scottish_Broad_Sword_sword_exercise_u_cm_np1_fr_bad_1.pt,sword_exercise,45
/data/dev/projects/ai/Trackey/trackey/research/EXTRACTED_HMDB51_FEATURES/sword_exercise_Cold_Steel_Scottish_Broad_Sword_sword_exercise_u_cm_np1_fr_bad_2.pt,sword_exercise,45
/data/dev/projects/ai/Trackey/trackey/research/EXTRACTED_HMDB51_FEATURES/sword_exercise_Conan_gets_an_upgrade!_sword_exercise_u_cm_np1_ri_med_0.pt,sword_exercise,45
/data/dev/projects/ai/Trackey/trackey/research/EXTRACTED_HMDB51_FEATURES/sword_exercise_Conan_gets_an_upgrade!_sword_exercise_u_cm_np1_ri_med_1.pt,sword_exercise,45
/data/dev/projects/ai/Trackey/trackey/research/EXTRACTED_HMDB51_FEATURES/sword_exercise_Eishin-Ryu_Iaido_sword_exercise_f_cm_np1_fr_bad_10.pt,sword_exercise,45
/data/dev/projects/ai/Trackey/trackey/research/EXTRACTED_HMDB51_FEATURES/sword_exercise_Eishin-Ryu_Iaido_sword_exercise_f_cm_np1_fr_bad_11.pt,sword_exercise,45
/data/dev/projects/ai/Trackey/trackey/research/EXTRACTED_HMDB51_FEATURES/sword_exercise_Eishin-Ryu_Iaido_sword_exercise_f_cm_np1_fr_bad_13.pt,sword_exercise,45
/data/dev/projects/ai/Trackey/trackey/research/EXTRACTED_HMDB51_FEATURES/sword_exercise_Eishin-Ryu_Iaido_sword_exercise_f_cm_np1_le_bad_5.pt,sword_exercise,45
/data/dev/projects/ai/Trackey/trackey/research/EXTRACTED_HMDB51_FEATURES/sword_exercise_Eishin-Ryu_Iaido_sword_exercise_f_cm_np1_le_bad_8.pt,sword_exercise,45
/data/dev/projects/ai/Trackey/trackey/research/EXTRACTED_HMDB51_FEATURES/sword_exercise_Eishin-Ryu_Iaido_sword_exercise_f_cm_np1_ri_bad_1.pt,sword_exercise,45
/data/dev/projects/ai/Trackey/trackey/research/EXTRACTED_HMDB51_FEATURES/sword_exercise_Eishin-Ryu_Iaido_sword_exercise_f_cm_np1_ri_bad_3.pt,sword_exercise,45
/data/dev/projects/ai/Trackey/trackey/research/EXTRACTED_HMDB51_FEATURES/sword_exercise_Eishin-Ryu_Iaido_sword_exercise_f_cm_np1_ri_bad_4.pt,sword_exercise,45
/data/dev/projects/ai/Trackey/trackey/research/EXTRACTED_HMDB51_FEATURES/sword_exercise_Eishin-Ryu_Iaido_sword_exercise_f_cm_np1_ri_bad_6.pt,sword_exercise,45
/data/dev/projects/ai/Trackey/trackey/research/EXTRACTED_HMDB51_FEATURES/sword_exercise_Eishin-Ryu_Iaido_sword_exercise_f_cm_np1_ri_bad_7.pt,sword_exercise,45
/data/dev/projects/ai/Trackey/trackey/research/EXTRACTED_HMDB51_FEATURES/sword_exercise_Eishin-Ryu_Iaido_sword_exercise_f_cm_np1_ri_bad_9.pt,sword_exercise,45
/data/dev/projects/ai/Trackey/trackey/research/EXTRACTED_HMDB51_FEATURES/sword_exercise_Epee_Fencing_Attacks_-_Remises_sword_exercise_u_nm_np1_fr_bad_0.pt,sword_exercise,45
/data/dev/projects/ai/Trackey/trackey/research/EXTRACTED_HMDB51_FEATURES/sword_exercise_Epee_Fencing_Attacks_-_Remises_sword_exercise_u_nm_np1_fr_bad_1.pt,sword_exercise,45
/data/dev/projects/ai/Trackey/trackey/research/EXTRACTED_HMDB51_FEATURES/sword_exercise_Fellowship_7_sword_exercise_u_nm_np1_fr_bad_11.pt,sword_exercise,45
/data/dev/projects/ai/Trackey/trackey/research/EXTRACTED_HMDB51_FEATURES/sword_exercise_Ghost_Dog_Sword_Swinging_Scene_sword_exercise_f_cm_np1_le_med_0.pt,sword_exercise,45
/data/dev/projects/ai/Trackey/trackey/research/EXTRACTED_HMDB51_FEATURES/sword_exercise_Ghost_Dog_Sword_Swinging_Scene_sword_exercise_u_cm_np1_le_med_1.pt,sword_exercise,45
/data/dev/projects/ai/Trackey/trackey/research/EXTRACTED_HMDB51_FEATURES/sword_exercise_Ghost_Dog_Sword_Swinging_Scene_sword_exercise_u_cm_np1_le_med_2.pt,sword_exercise,45
/data/dev/projects/ai/Trackey/trackey/research/EXTRACTED_HMDB51_FEATURES/sword_exercise_Ghost_Dog_Sword_Swinging_Scene_sword_exercise_u_cm_np1_le_med_3.pt,sword_exercise,45
/data/dev/projects/ai/Trackey/trackey/research/EXTRACTED_HMDB51_FEATURES/sword_exercise_HIGHLANDER_III_-_LOREENA_MCKENNITT_-_BONNY_PORTMORE_(HIGHLANDER_SCENES)_sword_exercise_u_cm_np1_fr_med_0.pt,sword_exercise,45
/data/dev/projects/ai/Trackey/trackey/research/EXTRACTED_HMDB51_FEATURES/sword_exercise_HIGHLANDER_III_-_LOREENA_MCKENNITT_-_BONNY_PORTMORE_(HIGHLANDER_SCENES)_sword_exercise_u_cm_np1_fr_med_1.pt,sword_exercise,45
/data/dev/projects/ai/Trackey/trackey/research/EXTRACTED_HMDB51_FEATURES/sword_exercise_HIGHLANDER_III_-_LOREENA_MCKENNITT_-_BONNY_PORTMORE_(HIGHLANDER_SCENES)_sword_exercise_u_cm_np1_ri_med_2.pt,sword_exercise,45
/data/dev/projects/ai/Trackey/trackey/research/EXTRACTED_HMDB51_FEATURES/sword_exercise_Highlander_I_with_Christophe_Lambert_&_Sean_Connery_sword_exercise_f_cm_np2_ba_bad_0.pt,sword_exercise,45
/data/dev/projects/ai/Trackey/trackey/research/EXTRACTED_HMDB51_FEATURES/sword_exercise_Highlander_I_with_Christophe_Lambert_&_Sean_Connery_sword_exercise_f_cm_np2_ba_med_1.pt,sword_exercise,45
/data/dev/projects/ai/Trackey/trackey/research/EXTRACTED_HMDB51_FEATURES/sword_exercise_Highlander_Sword_School_wmv_sword_exercise_f_cm_np1_ba_bad_7.pt,sword_exercise,45
/data/dev/projects/ai/Trackey/trackey/research/EXTRACTED_HMDB51_FEATURES/sword_exercise_Highlander_Sword_School_wmv_sword_exercise_f_cm_np1_fr_bad_6.pt,sword_exercise,45
/data/dev/projects/ai/Trackey/trackey/research/EXTRACTED_HMDB51_FEATURES/sword_exercise_Highlander_Sword_School_wmv_sword_exercise_f_cm_np1_le_med_9.pt,sword_exercise,45
/data/dev/projects/ai/Trackey/trackey/research/EXTRACTED_HMDB51_FEATURES/sword_exercise_Highlander_Sword_School_wmv_sword_exercise_f_cm_np2_fr_med_8.pt,sword_exercise,45
/data/dev/projects/ai/Trackey/trackey/research/EXTRACTED_HMDB51_FEATURES/sword_exercise_Highlander_Sword_School_wmv_sword_exercise_f_cm_np2_le_med_4.pt,sword_exercise,45
/data/dev/projects/ai/Trackey/trackey/research/EXTRACTED_HMDB51_FEATURES/sword_exercise_Highlander_Sword_School_wmv_sword_exercise_f_cm_np2_ri_med_3.pt,sword_exercise,45
/data/dev/projects/ai/Trackey/trackey/research/EXTRACTED_HMDB51_FEATURES/sword_exercise_Highlander_Sword_School_wmv_sword_exercise_f_cm_np2_ri_med_5.pt,sword_exercise,45
/data/dev/projects/ai/Trackey/trackey/research/EXTRACTED_HMDB51_FEATURES/sword_exercise_Highlander_Sword_School_wmv_sword_exercise_u_cm_np1_fr_med_0.pt,sword_exercise,45
/data/dev/projects/ai/Trackey/trackey/research/EXTRACTED_HMDB51_FEATURES/sword_exercise_Highlander_Sword_School_wmv_sword_exercise_u_cm_np1_fr_med_1.pt,sword_exercise,45
/data/dev/projects/ai/Trackey/trackey/research/EXTRACTED_HMDB51_FEATURES/sword_exercise_Highlander_Sword_School_wmv_sword_exercise_u_cm_np1_fr_med_2.pt,sword_exercise,45
/data/dev/projects/ai/Trackey/trackey/research/EXTRACTED_HMDB51_FEATURES/sword_exercise_Highlander_Sword_School_wmv_sword_exercise_u_cm_np1_ri_med_10.pt,sword_exercise,45
/data/dev/projects/ai/Trackey/trackey/research/EXTRACTED_HMDB51_FEATURES/sword_exercise_How_to_Fence_-_How_to_do_the_Balestra_sword_exercise_f_nm_np1_le_bad_0.pt,sword_exercise,45
/data/dev/projects/ai/Trackey/trackey/research/EXTRACTED_HMDB51_FEATURES/sword_exercise_IAIDO_-_Training_TV-Bericht_10_2008_sword_exercise_f_cm_np1_le_bad_2.pt,sword_exercise,45
/data/dev/projects/ai/Trackey/trackey/research/EXTRACTED_HMDB51_FEATURES/sword_exercise_Iaido_13_katas_sword_exercise_f_nm_np1_ba_bad_11.pt,sword_exercise,45
/data/dev/projects/ai/Trackey/trackey/research/EXTRACTED_HMDB51_FEATURES/sword_exercise_Iaido_13_katas_sword_exercise_f_nm_np1_fr_bad_1.pt,sword_exercise,45
/data/dev/projects/ai/Trackey/trackey/research/EXTRACTED_HMDB51_FEATURES/sword_exercise_Iaido_13_katas_sword_exercise_f_nm_np1_fr_bad_10.pt,sword_exercise,45
/data/dev/projects/ai/Trackey/trackey/research/EXTRACTED_HMDB51_FEATURES/sword_exercise_Iaido_13_katas_sword_exercise_f_nm_np1_fr_bad_13.pt,sword_exercise,45
/data/dev/projects/ai/Trackey/trackey/research/EXTRACTED_HMDB51_FEATURES/sword_exercise_Iaido_13_katas_sword_exercise_f_nm_np1_fr_bad_3.pt,sword_exercise,45
/data/dev/projects/ai/Trackey/trackey/research/EXTRACTED_HMDB51_FEATURES/sword_exercise_Iaido_13_katas_sword_exercise_f_nm_np1_fr_bad_4.pt,sword_exercise,45
/data/dev/projects/ai/Trackey/trackey/research/EXTRACTED_HMDB51_FEATURES/sword_exercise_Iaido_13_katas_sword_exercise_f_nm_np1_fr_bad_6.pt,sword_exercise,45
/data/dev/projects/ai/Trackey/trackey/research/EXTRACTED_HMDB51_FEATURES/sword_exercise_Iaido_13_katas_sword_exercise_f_nm_np1_fr_bad_8.pt,sword_exercise,45
/data/dev/projects/ai/Trackey/trackey/research/EXTRACTED_HMDB51_FEATURES/sword_exercise_Iaido_video_instruction_series_Wehrhahn_Sensei_sword_exercise_f_nm_np1_le_bad_0.pt,sword_exercise,45
/data/dev/projects/ai/Trackey/trackey/research/EXTRACTED_HMDB51_FEATURES/sword_exercise_Iaido_video_instruction_series_Wehrhahn_Sensei_sword_exercise_f_nm_np1_le_bad_1.pt,sword_exercise,45
/data/dev/projects/ai/Trackey/trackey/research/EXTRACTED_HMDB51_FEATURES/sword_exercise_Iaido_video_instruction_series_Wehrhahn_Sensei_sword_exercise_f_nm_np1_le_bad_3.pt,sword_exercise,45
/data/dev/projects/ai/Trackey/trackey/research/EXTRACTED_HMDB51_FEATURES/sword_exercise_Iaido_video_instruction_series_Wehrhahn_Sensei_sword_exercise_f_nm_np1_le_bad_6.pt,sword_exercise,45
/data/dev/projects/ai/Trackey/trackey/research/EXTRACTED_HMDB51_FEATURES/sword_exercise_Kendo_Basics_sword_exercise_f_cm_np1_le_bad_2.pt,sword_exercise,45
/data/dev/projects/ai/Trackey/trackey/research/EXTRACTED_HMDB51_FEATURES/sword_exercise_Kendo_Basics_sword_exercise_f_cm_np2_le_bad_3.pt,sword_exercise,45
/data/dev/projects/ai/Trackey/trackey/research/EXTRACTED_HMDB51_FEATURES/sword_exercise_Kendo_Basics_sword_exercise_f_nm_np1_fr_bad_5.pt,sword_exercise,45
/data/dev/projects/ai/Trackey/trackey/research/EXTRACTED_HMDB51_FEATURES/sword_exercise_Kendo_Basics_sword_exercise_f_nm_np1_le_bad_4.pt,sword_exercise,45
/data/dev/projects/ai/Trackey/trackey/research/EXTRACTED_HMDB51_FEATURES/sword_exercise_Kendo_Basics_sword_exercise_f_nm_np1_ri_bad_6.pt,sword_exercise,45
/data/dev/projects/ai/Trackey/trackey/research/EXTRACTED_HMDB51_FEATURES/sword_exercise_Kendo_Basics_sword_exercise_f_nm_np1_ri_bad_7.pt,sword_exercise,45
/data/dev/projects/ai/Trackey/trackey/research/EXTRACTED_HMDB51_FEATURES/sword_exercise_Kendo_Basics_sword_exercise_u_cm_np1_fr_bad_1.pt,sword_exercise,45
/data/dev/projects/ai/Trackey/trackey/research/EXTRACTED_HMDB51_FEATURES/sword_exercise_Kendo_Basics_sword_exercise_u_cm_np1_le_bad_0.pt,sword_exercise,45
/data/dev/projects/ai/Trackey/trackey/research/EXTRACTED_HMDB51_FEATURES/sword_exercise_Krav_Maga_Self_Defense_Techniques_-_Forward_Stab_Defense_Move_for_Krav_Maga_sword_exercise_u_cm_np1_fr_bad_0.pt,sword_exercise,45
/data/dev/projects/ai/Trackey/trackey/research/EXTRACTED_HMDB51_FEATURES/sword_exercise_Krav_Maga_Self_Defense_Techniques_-_Forward_Stab_Defense_Move_for_Krav_Maga_sword_exercise_u_cm_np1_fr_bad_1.pt,sword_exercise,45
/data/dev/projects/ai/Trackey/trackey/research/EXTRACTED_HMDB51_FEATURES/sword_exercise_Kuroda_Sensei_Iai_do_sword_exercise_f_cm_np1_le_bad_0.pt,sword_exercise,45
/data/dev/projects/ai/Trackey/trackey/research/EXTRACTED_HMDB51_FEATURES/sword_exercise_Kuroda_Sensei_Iai_do_sword_exercise_f_cm_np1_le_bad_1.pt,sword_exercise,45
/data/dev/projects/ai/Trackey/trackey/research/EXTRACTED_HMDB51_FEATURES/sword_exercise_Kuroda_Sensei_Iai_do_sword_exercise_f_cm_np1_le_bad_3.pt,sword_exercise,45
/data/dev/projects/ai/Trackey/trackey/research/EXTRACTED_HMDB51_FEATURES/sword_exercise_Light_Saber_Stab_sword_exercise_u_nm_np1_ri_bad_0.pt,sword_exercise,45
/data/dev/projects/ai/Trackey/trackey/research/EXTRACTED_HMDB51_FEATURES/sword_exercise_MAF_Tenshin_Ryu_sword_exercise_f_nm_np1_ri_bad_2.pt,sword_exercise,45
/data/dev/projects/ai/Trackey/trackey/research/EXTRACTED_HMDB51_FEATURES/sword_exercise_MAF_Tenshin_Ryu_sword_exercise_f_nm_np2_fr_bad_4.pt,sword_exercise,45
/data/dev/projects/ai/Trackey/trackey/research/EXTRACTED_HMDB51_FEATURES/sword_exercise_Nakayama_Aikido_Iaido_Part_3_sword_exercise_f_cm_np1_le_bad_1.pt,sword_exercise,45
/data/dev/projects/ai/Trackey/trackey/research/EXTRACTED_HMDB51_FEATURES/sword_exercise_Samurai_Sword_Techniques_-_Samurai_Sword_Slashes_sword_exercise_f_nm_np1_fr_med_0.pt,sword_exercise,45
/data/dev/projects/ai/Trackey/trackey/research/EXTRACTED_HMDB51_FEATURES/sword_exercise_Samurai_Sword_Techniques_-_Samurai_Sword_Slashes_sword_exercise_f_nm_np2_fr_med_2.pt,sword_exercise,45
/data/dev/projects/ai/Trackey/trackey/research/EXTRACTED_HMDB51_FEATURES/sword_exercise_Samurai_Sword_Techniques_-_Samurai_Sword_Slashes_sword_exercise_f_nm_np2_fr_med_3.pt,sword_exercise,45
/data/dev/projects/ai/Trackey/trackey/research/EXTRACTED_HMDB51_FEATURES/sword_exercise_Samurai_Sword_Techniques_-_Samurai_Sword_Slashes_sword_exercise_f_nm_np2_fr_med_4.pt,sword_exercise,45
/data/dev/projects/ai/Trackey/trackey/research/EXTRACTED_HMDB51_FEATURES/sword_exercise_Samurai_Sword_Techniques_-_Samurai_Sword_Slashes_sword_exercise_u_nm_np1_fr_med_1.pt,sword_exercise,45
/data/dev/projects/ai/Trackey/trackey/research/EXTRACTED_HMDB51_FEATURES/sword_exercise_Sensei_Mellone_en_Argentina__Mae__Iaido_kendo_sword_exercise_f_cm_np1_fr_bad_1.pt,sword_exercise,45
/data/dev/projects/ai/Trackey/trackey/research/EXTRACTED_HMDB51_FEATURES/sword_exercise_Sensei_Mellone_en_Argentina__Mae__Iaido_kendo_sword_exercise_f_cm_np1_fr_bad_2.pt,sword_exercise,45
/data/dev/projects/ai/Trackey/trackey/research/EXTRACTED_HMDB51_FEATURES/sword_exercise_Spanish_counters_to_Italian_fencing_sword_exercise_f_cm_np2_le_bad_2.pt,sword_exercise,45
/data/dev/projects/ai/Trackey/trackey/research/EXTRACTED_HMDB51_FEATURES/sword_exercise_Spanish_counters_to_Italian_fencing_sword_exercise_f_cm_np2_ri_bad_0.pt,sword_exercise,45
/data/dev/projects/ai/Trackey/trackey/research/EXTRACTED_HMDB51_FEATURES/sword_exercise_Spanish_counters_to_Italian_fencing_sword_exercise_f_cm_np2_ri_bad_1.pt,sword_exercise,45
/data/dev/projects/ai/Trackey/trackey/research/EXTRACTED_HMDB51_FEATURES/sword_exercise_Spirit_Of_The_Sword_Volume_1_DVD_sword_exercise_f_nm_np1_fr_bad_2.pt,sword_exercise,45
/data/dev/projects/ai/Trackey/trackey/research/EXTRACTED_HMDB51_FEATURES/sword_exercise_Sword_and_Targe_Solo_Exercises_sword_exercise_f_cm_np1_ba_med_2.pt,sword_exercise,45
/data/dev/projects/ai/Trackey/trackey/research/EXTRACTED_HMDB51_FEATURES/sword_exercise_Sword_and_Targe_Solo_Exercises_sword_exercise_f_cm_np1_fr_med_1.pt,sword_exercise,45
/data/dev/projects/ai/Trackey/trackey/research/EXTRACTED_HMDB51_FEATURES/sword_exercise_Sword_and_Targe_Solo_Exercises_sword_exercise_f_cm_np1_fr_med_3.pt,sword_exercise,45
/data/dev/projects/ai/Trackey/trackey/research/EXTRACTED_HMDB51_FEATURES/sword_exercise_Sword_and_Targe_Solo_Exercises_sword_exercise_f_cm_np1_fr_med_4.pt,sword_exercise,45
/data/dev/projects/ai/Trackey/trackey/research/EXTRACTED_HMDB51_FEATURES/sword_exercise_Sword_and_Targe_Solo_Exercises_sword_exercise_f_cm_np1_fr_med_5.pt,sword_exercise,45
/data/dev/projects/ai/Trackey/trackey/research/EXTRACTED_HMDB51_FEATURES/sword_exercise_Sword_and_Targe_Solo_Exercises_sword_exercise_f_cm_np1_le_med_0.pt,sword_exercise,45
/data/dev/projects/ai/Trackey/trackey/research/EXTRACTED_HMDB51_FEATURES/sword_exercise_Sword_and_Targe_Solo_Exercises_sword_exercise_f_cm_np1_ri_med_7.pt,sword_exercise,45
/data/dev/projects/ai/Trackey/trackey/research/EXTRACTED_HMDB51_FEATURES/sword_exercise_Sword_and_Targe_Solo_Exercises_sword_exercise_f_cm_np1_ri_med_9.pt,sword_exercise,45
/data/dev/projects/ai/Trackey/trackey/research/EXTRACTED_HMDB51_FEATURES/sword_exercise_Sword_and_Targe_Solo_Exercises_sword_exercise_u_cm_np1_le_med_8.pt,sword_exercise,45
/data/dev/projects/ai/Trackey/trackey/research/EXTRACTED_HMDB51_FEATURES/sword_exercise_Sword_and_Targe_Solo_Exercises_sword_exercise_u_cm_np1_ri_med_6.pt,sword_exercise,45
/data/dev/projects/ai/Trackey/trackey/research/EXTRACTED_HMDB51_FEATURES/sword_exercise_Takeda_Ryu_Iaido_-_Batto_Giri_sword_exercise_f_nm_np1_fr_bad_3.pt,sword_exercise,45
/data/dev/projects/ai/Trackey/trackey/research/EXTRACTED_HMDB51_FEATURES/sword_exercise_Takeda_Ryu_Iaido_-_Batto_Giri_sword_exercise_f_nm_np1_le_bad_0.pt,sword_exercise,45
/data/dev/projects/ai/Trackey/trackey/research/EXTRACTED_HMDB51_FEATURES/sword_exercise_Takeda_Ryu_Iaido_-_Batto_Giri_sword_exercise_f_nm_np1_le_bad_1.pt,sword_exercise,45
/data/dev/projects/ai/Trackey/trackey/research/EXTRACTED_HMDB51_FEATURES/sword_exercise_Takeda_Ryu_Iaido_-_Batto_Giri_sword_exercise_f_nm_np1_le_bad_2.pt,sword_exercise,45
/data/dev/projects/ai/Trackey/trackey/research/EXTRACTED_HMDB51_FEATURES/sword_exercise_The_Kurgan_sword_exercise_f_nm_np1_ri_med_0.pt,sword_exercise,45
/data/dev/projects/ai/Trackey/trackey/research/EXTRACTED_HMDB51_FEATURES/sword_exercise_The_Last_Samurai_-_In_Your_Honor_sword_exercise_f_cm_np1_ri_bad_5.pt,sword_exercise,45
/data/dev/projects/ai/Trackey/trackey/research/EXTRACTED_HMDB51_FEATURES/sword_exercise_The_Last_Samurai_-_In_Your_Honor_sword_exercise_f_cm_np5_fr_bad_2.pt,sword_exercise,45
/data/dev/projects/ai/Trackey/trackey/research/EXTRACTED_HMDB51_FEATURES/sword_exercise_The_Last_Samurai_-_In_Your_Honor_sword_exercise_u_cm_np5_fr_bad_3.pt,sword_exercise,45
/data/dev/projects/ai/Trackey/trackey/research/EXTRACTED_HMDB51_FEATURES/sword_exercise_The_Last_Samurai_-_In_Your_Honor_sword_exercise_u_nm_np4_fr_bad_4.pt,sword_exercise,45
/data/dev/projects/ai/Trackey/trackey/research/EXTRACTED_HMDB51_FEATURES/sword_exercise_VERGIL_(DEVIL_MAY_CRY)_swinging_his_sword_sword_exercise_f_cm_np1_fr_med_1.pt,sword_exercise,45
/data/dev/projects/ai/Trackey/trackey/research/EXTRACTED_HMDB51_FEATURES/sword_exercise_VERGIL_(DEVIL_MAY_CRY)_swinging_his_sword_sword_exercise_f_cm_np1_fr_med_2.pt,sword_exercise,45
/data/dev/projects/ai/Trackey/trackey/research/EXTRACTED_HMDB51_FEATURES/sword_exercise_VERGIL_(DEVIL_MAY_CRY)_swinging_his_sword_sword_exercise_f_cm_np1_fr_med_3.pt,sword_exercise,45
/data/dev/projects/ai/Trackey/trackey/research/EXTRACTED_HMDB51_FEATURES/sword_exercise_VERGIL_(DEVIL_MAY_CRY)_swinging_his_sword_sword_exercise_f_cm_np1_fr_med_5.pt,sword_exercise,45
/data/dev/projects/ai/Trackey/trackey/research/EXTRACTED_HMDB51_FEATURES/sword_exercise_japanese_sword_action_basic_swing_sword_exercise_u_cm_np1_le_med_0.pt,sword_exercise,45
/data/dev/projects/ai/Trackey/trackey/research/EXTRACTED_HMDB51_FEATURES/sword_exercise_jonhs_netfreemovies_holygrail_sword_exercise_f_nm_np1_ba_bad_3.pt,sword_exercise,45
/data/dev/projects/ai/Trackey/trackey/research/EXTRACTED_HMDB51_FEATURES/sword_exercise_samurai_sword_action_lesson_preview_sword_exercise_f_cm_np1_fr_med_1.pt,sword_exercise,45
/data/dev/projects/ai/Trackey/trackey/research/EXTRACTED_HMDB51_FEATURES/sword_exercise_samurai_sword_action_lesson_preview_sword_exercise_f_cm_np1_le_med_0.pt,sword_exercise,45
/data/dev/projects/ai/Trackey/trackey/research/EXTRACTED_HMDB51_FEATURES/sword_exercise_samurai_sword_action_lesson_preview_sword_exercise_f_cm_np1_le_med_3.pt,sword_exercise,45
/data/dev/projects/ai/Trackey/trackey/research/EXTRACTED_HMDB51_FEATURES/sword_exercise_samurai_sword_action_lesson_preview_sword_exercise_f_cm_np1_ri_med_2.pt,sword_exercise,45
/data/dev/projects/ai/Trackey/trackey/research/EXTRACTED_HMDB51_FEATURES/sword_exercise_samurai_training_sword_exercise_f_cm_np1_fr_med_0.pt,sword_exercise,45
/data/dev/projects/ai/Trackey/trackey/research/EXTRACTED_HMDB51_FEATURES/sword_exercise_samurai_training_sword_exercise_f_cm_np1_fr_med_1.pt,sword_exercise,45
/data/dev/projects/ai/Trackey/trackey/research/EXTRACTED_HMDB51_FEATURES/sword_exercise_samurai_training_sword_exercise_f_cm_np1_fr_med_10.pt,sword_exercise,45
/data/dev/projects/ai/Trackey/trackey/research/EXTRACTED_HMDB51_FEATURES/sword_exercise_samurai_training_sword_exercise_f_cm_np1_fr_med_11.pt,sword_exercise,45
/data/dev/projects/ai/Trackey/trackey/research/EXTRACTED_HMDB51_FEATURES/sword_exercise_samurai_training_sword_exercise_f_cm_np1_fr_med_12.pt,sword_exercise,45
/data/dev/projects/ai/Trackey/trackey/research/EXTRACTED_HMDB51_FEATURES/sword_exercise_samurai_training_sword_exercise_f_cm_np1_fr_med_2.pt,sword_exercise,45
/data/dev/projects/ai/Trackey/trackey/research/EXTRACTED_HMDB51_FEATURES/sword_exercise_samurai_training_sword_exercise_f_cm_np1_fr_med_3.pt,sword_exercise,45
/data/dev/projects/ai/Trackey/trackey/research/EXTRACTED_HMDB51_FEATURES/sword_exercise_samurai_training_sword_exercise_f_cm_np1_fr_med_4.pt,sword_exercise,45
/data/dev/projects/ai/Trackey/trackey/research/EXTRACTED_HMDB51_FEATURES/sword_exercise_samurai_training_sword_exercise_f_cm_np1_fr_med_5.pt,sword_exercise,45
/data/dev/projects/ai/Trackey/trackey/research/EXTRACTED_HMDB51_FEATURES/sword_exercise_samurai_training_sword_exercise_f_cm_np1_fr_med_6.pt,sword_exercise,45
/data/dev/projects/ai/Trackey/trackey/research/EXTRACTED_HMDB51_FEATURES/sword_exercise_samurai_training_sword_exercise_f_cm_np1_fr_med_7.pt,sword_exercise,45
/data/dev/projects/ai/Trackey/trackey/research/EXTRACTED_HMDB51_FEATURES/sword_exercise_samurai_training_sword_exercise_f_cm_np1_fr_med_8.pt,sword_exercise,45
/data/dev/projects/ai/Trackey/trackey/research/EXTRACTED_HMDB51_FEATURES/sword_exercise_samurai_training_sword_exercise_f_cm_np1_fr_med_9.pt,sword_exercise,45
/data/dev/projects/ai/Trackey/trackey/research/EXTRACTED_HMDB51_FEATURES/talk_American_History_X_talk_h_nm_np1_fr_goo_20.pt,talk,46
/data/dev/projects/ai/Trackey/trackey/research/EXTRACTED_HMDB51_FEATURES/talk_American_History_X_talk_u_nm_np1_fr_goo_21.pt,talk,46
/data/dev/projects/ai/Trackey/trackey/research/EXTRACTED_HMDB51_FEATURES/talk_Faith_Rewarded_talk_h_nm_np1_fr_goo_46.pt,talk,46
/data/dev/projects/ai/Trackey/trackey/research/EXTRACTED_HMDB51_FEATURES/talk_Faith_Rewarded_talk_h_nm_np1_fr_goo_65.pt,talk,46
/data/dev/projects/ai/Trackey/trackey/research/EXTRACTED_HMDB51_FEATURES/talk_Faith_Rewarded_talk_h_nm_np1_fr_goo_90.pt,talk,46
/data/dev/projects/ai/Trackey/trackey/research/EXTRACTED_HMDB51_FEATURES/talk_Faith_Rewarded_talk_h_nm_np1_fr_goo_91.pt,talk,46
/data/dev/projects/ai/Trackey/trackey/research/EXTRACTED_HMDB51_FEATURES/talk_Faith_Rewarded_talk_h_nm_np1_fr_goo_92.pt,talk,46
/data/dev/projects/ai/Trackey/trackey/research/EXTRACTED_HMDB51_FEATURES/talk_Faith_Rewarded_talk_u_nm_np1_fr_goo_8.pt,talk,46
/data/dev/projects/ai/Trackey/trackey/research/EXTRACTED_HMDB51_FEATURES/talk_Fellowship_2_talk_h_nm_np1_fr_bad_6.pt,talk,46
/data/dev/projects/ai/Trackey/trackey/research/EXTRACTED_HMDB51_FEATURES/talk_Fellowship_3_talk_h_nm_np1_fr_goo_1.pt,talk,46
/data/dev/projects/ai/Trackey/trackey/research/EXTRACTED_HMDB51_FEATURES/talk_Fellowship_3_talk_u_nm_np1_fr_med_5.pt,talk,46
/data/dev/projects/ai/Trackey/trackey/research/EXTRACTED_HMDB51_FEATURES/talk_Fellowship_4_talk_u_nm_np1_fr_med_0.pt,talk,46
/data/dev/projects/ai/Trackey/trackey/research/EXTRACTED_HMDB51_FEATURES/talk_Fellowship_5_talk_h_cm_np1_ri_goo_0.pt,talk,46
/data/dev/projects/ai/Trackey/trackey/research/EXTRACTED_HMDB51_FEATURES/talk_Fellowship_5_talk_h_nm_np1_fr_goo_1.pt,talk,46
/data/dev/projects/ai/Trackey/trackey/research/EXTRACTED_HMDB51_FEATURES/talk_Fellowship_6_talk_h_cm_np1_fr_goo_13.pt,talk,46
/data/dev/projects/ai/Trackey/trackey/research/EXTRACTED_HMDB51_FEATURES/talk_Fellowship_6_talk_h_cm_np1_fr_goo_14.pt,talk,46
/data/dev/projects/ai/Trackey/trackey/research/EXTRACTED_HMDB51_FEATURES/talk_Fellowship_6_talk_h_cm_np1_fr_goo_7.pt,talk,46
/data/dev/projects/ai/Trackey/trackey/research/EXTRACTED_HMDB51_FEATURES/talk_Fellowship_6_talk_h_nm_np1_fr_goo_12.pt,talk,46
/data/dev/projects/ai/Trackey/trackey/research/EXTRACTED_HMDB51_FEATURES/talk_Fellowship_6_talk_u_cm_np1_fr_med_6.pt,talk,46
/data/dev/projects/ai/Trackey/trackey/research/EXTRACTED_HMDB51_FEATURES/talk_Hamlet_(1996)_Fencing_Scenes_talk_u_cm_np1_fr_med_0.pt,talk,46
/data/dev/projects/ai/Trackey/trackey/research/EXTRACTED_HMDB51_FEATURES/talk_Italian_Job_1_talk_h_nm_np1_fr_goo_2.pt,talk,46
/data/dev/projects/ai/Trackey/trackey/research/EXTRACTED_HMDB51_FEATURES/talk_Italian_Job_1_talk_u_cm_np1_ri_goo_0.pt,talk,46
/data/dev/projects/ai/Trackey/trackey/research/EXTRACTED_HMDB51_FEATURES/talk_Italian_Job_2_talk_h_nm_np1_fr_med_3.pt,talk,46
/data/dev/projects/ai/Trackey/trackey/research/EXTRACTED_HMDB51_FEATURES/talk_Italian_Job_2_talk_h_nm_np1_fr_med_6.pt,talk,46
/data/dev/projects/ai/Trackey/trackey/research/EXTRACTED_HMDB51_FEATURES/talk_Italian_Job_3_talk_h_nm_np1_ri_med_0.pt,talk,46
/data/dev/projects/ai/Trackey/trackey/research/EXTRACTED_HMDB51_FEATURES/talk_Pirates_1_talk_h_nm_np1_fr_goo_2.pt,talk,46
/data/dev/projects/ai/Trackey/trackey/research/EXTRACTED_HMDB51_FEATURES/talk_Pirates_1_talk_h_nm_np1_ri_med_1.pt,talk,46
/data/dev/projects/ai/Trackey/trackey/research/EXTRACTED_HMDB51_FEATURES/talk_Pirates_1_talk_u_nm_np1_fr_med_6.pt,talk,46
/data/dev/projects/ai/Trackey/trackey/research/EXTRACTED_HMDB51_FEATURES/talk_Pirates_2_talk_h_nm_np1_fr_goo_1.pt,talk,46
/data/dev/projects/ai/Trackey/trackey/research/EXTRACTED_HMDB51_FEATURES/talk_Pirates_3_talk_h_cm_np1_fr_goo_0.pt,talk,46
/data/dev/projects/ai/Trackey/trackey/research/EXTRACTED_HMDB51_FEATURES/talk_Pirates_4_talk_h_nm_np1_fr_med_2.pt,talk,46
/data/dev/projects/ai/Trackey/trackey/research/EXTRACTED_HMDB51_FEATURES/talk_Pirates_5_talk_h_nm_np1_fr_goo_10.pt,talk,46
/data/dev/projects/ai/Trackey/trackey/research/EXTRACTED_HMDB51_FEATURES/talk_Pirates_5_talk_h_nm_np1_fr_goo_14.pt,talk,46
/data/dev/projects/ai/Trackey/trackey/research/EXTRACTED_HMDB51_FEATURES/talk_Pirates_6_talk_h_nm_np1_fr_med_1.pt,talk,46
/data/dev/projects/ai/Trackey/trackey/research/EXTRACTED_HMDB51_FEATURES/talk_Pirates_6_talk_u_nm_np1_fr_bad_0.pt,talk,46
/data/dev/projects/ai/Trackey/trackey/research/EXTRACTED_HMDB51_FEATURES/talk_Pirates_7_talk_h_nm_np1_fr_goo_3.pt,talk,46
/data/dev/projects/ai/Trackey/trackey/research/EXTRACTED_HMDB51_FEATURES/talk_Pirates_7_talk_u_nm_np1_fr_med_5.pt,talk,46
/data/dev/projects/ai/Trackey/trackey/research/EXTRACTED_HMDB51_FEATURES/talk_Prelinger_ActYourA1949_talk_h_nm_np1_fr_goo_15.pt,talk,46
/data/dev/projects/ai/Trackey/trackey/research/EXTRACTED_HMDB51_FEATURES/talk_Prelinger_ActYourA1949_talk_h_nm_np1_fr_med_5.pt,talk,46
/data/dev/projects/ai/Trackey/trackey/research/EXTRACTED_HMDB51_FEATURES/talk_Prelinger_ActYourA1949_talk_u_nm_np1_fr_med_3.pt,talk,46
/data/dev/projects/ai/Trackey/trackey/research/EXTRACTED_HMDB51_FEATURES/talk_Prelinger_ActYourA1949_talk_u_nm_np1_fr_med_4.pt,talk,46
/data/dev/projects/ai/Trackey/trackey/research/EXTRACTED_HMDB51_FEATURES/talk_Prelinger_ActYourA1949_talk_u_nm_np1_fr_med_6.pt,talk,46
/data/dev/projects/ai/Trackey/trackey/research/EXTRACTED_HMDB51_FEATURES/talk_Prelinger_FamilyLi1949_talk_h_cm_np1_le_goo_17.pt,talk,46
/data/dev/projects/ai/Trackey/trackey/research/EXTRACTED_HMDB51_FEATURES/talk_Prelinger_FamilyLi1949_talk_h_cm_np1_le_med_8.pt,talk,46
/data/dev/projects/ai/Trackey/trackey/research/EXTRACTED_HMDB51_FEATURES/talk_Prelinger_FamilyLi1949_talk_h_nm_np1_fr_goo_11.pt,talk,46
/data/dev/projects/ai/Trackey/trackey/research/EXTRACTED_HMDB51_FEATURES/talk_Prelinger_FamilyLi1949_talk_h_nm_np1_fr_goo_12.pt,talk,46
/data/dev/projects/ai/Trackey/trackey/research/EXTRACTED_HMDB51_FEATURES/talk_Prelinger_FamilyLi1949_talk_h_nm_np1_fr_goo_13.pt,talk,46
/data/dev/projects/ai/Trackey/trackey/research/EXTRACTED_HMDB51_FEATURES/talk_Prelinger_FamilyLi1949_talk_h_nm_np1_fr_goo_14.pt,talk,46
/data/dev/projects/ai/Trackey/trackey/research/EXTRACTED_HMDB51_FEATURES/talk_Prelinger_FamilyLi1949_talk_h_nm_np1_fr_goo_15.pt,talk,46
/data/dev/projects/ai/Trackey/trackey/research/EXTRACTED_HMDB51_FEATURES/talk_Prelinger_FamilyLi1949_talk_h_nm_np1_fr_goo_18.pt,talk,46
/data/dev/projects/ai/Trackey/trackey/research/EXTRACTED_HMDB51_FEATURES/talk_Prelinger_FamilyLi1949_talk_h_nm_np1_fr_goo_19.pt,talk,46
/data/dev/projects/ai/Trackey/trackey/research/EXTRACTED_HMDB51_FEATURES/talk_Prelinger_FamilyLi1949_talk_h_nm_np1_fr_goo_2.pt,talk,46
/data/dev/projects/ai/Trackey/trackey/research/EXTRACTED_HMDB51_FEATURES/talk_Prelinger_FamilyLi1949_talk_h_nm_np1_fr_goo_21.pt,talk,46
/data/dev/projects/ai/Trackey/trackey/research/EXTRACTED_HMDB51_FEATURES/talk_Prelinger_FamilyLi1949_talk_h_nm_np1_fr_goo_24.pt,talk,46
/data/dev/projects/ai/Trackey/trackey/research/EXTRACTED_HMDB51_FEATURES/talk_Prelinger_FamilyLi1949_talk_h_nm_np1_fr_goo_25.pt,talk,46
/data/dev/projects/ai/Trackey/trackey/research/EXTRACTED_HMDB51_FEATURES/talk_Prelinger_FamilyLi1949_talk_h_nm_np1_fr_goo_5.pt,talk,46
/data/dev/projects/ai/Trackey/trackey/research/EXTRACTED_HMDB51_FEATURES/talk_Prelinger_FamilyLi1949_talk_h_nm_np1_fr_med_1.pt,talk,46
/data/dev/projects/ai/Trackey/trackey/research/EXTRACTED_HMDB51_FEATURES/talk_Prelinger_FamilyLi1949_talk_h_nm_np1_fr_med_10.pt,talk,46
/data/dev/projects/ai/Trackey/trackey/research/EXTRACTED_HMDB51_FEATURES/talk_Prelinger_FamilyLi1949_talk_h_nm_np1_fr_med_9.pt,talk,46
/data/dev/projects/ai/Trackey/trackey/research/EXTRACTED_HMDB51_FEATURES/talk_Prelinger_FamilyLi1949_talk_h_nm_np1_le_goo_22.pt,talk,46
/data/dev/projects/ai/Trackey/trackey/research/EXTRACTED_HMDB51_FEATURES/talk_Prelinger_FamilyLi1949_talk_u_nm_np1_fr_med_20.pt,talk,46
/data/dev/projects/ai/Trackey/trackey/research/EXTRACTED_HMDB51_FEATURES/talk_Prelinger_FamilyLi1949_talk_u_nm_np1_fr_med_3.pt,talk,46
/data/dev/projects/ai/Trackey/trackey/research/EXTRACTED_HMDB51_FEATURES/talk_Prelinger_FamilyLi1949_talk_u_nm_np1_le_med_4.pt,talk,46
/data/dev/projects/ai/Trackey/trackey/research/EXTRACTED_HMDB51_FEATURES/talk_Prelinger_FamilyLi1949_talk_u_nm_np1_ri_med_23.pt,talk,46
/data/dev/projects/ai/Trackey/trackey/research/EXTRACTED_HMDB51_FEATURES/talk_Prelinger_HabitPat1954_talk_f_nm_np1_fr_med_7.pt,talk,46
/data/dev/projects/ai/Trackey/trackey/research/EXTRACTED_HMDB51_FEATURES/talk_Prelinger_HabitPat1954_talk_u_nm_np1_fr_bad_6.pt,talk,46
/data/dev/projects/ai/Trackey/trackey/research/EXTRACTED_HMDB51_FEATURES/talk_Prelinger_HabitPat1954_talk_u_nm_np1_fr_med_22.pt,talk,46
/data/dev/projects/ai/Trackey/trackey/research/EXTRACTED_HMDB51_FEATURES/talk_Prelinger_HabitPat1954_talk_u_nm_np1_fr_med_23.pt,talk,46
/data/dev/projects/ai/Trackey/trackey/research/EXTRACTED_HMDB51_FEATURES/talk_Prelinger_LetYours1940_talk_h_nm_np1_fr_goo_2.pt,talk,46
/data/dev/projects/ai/Trackey/trackey/research/EXTRACTED_HMDB51_FEATURES/talk_Prelinger_LetYours1940_talk_u_nm_np1_fr_med_1.pt,talk,46
/data/dev/projects/ai/Trackey/trackey/research/EXTRACTED_HMDB51_FEATURES/talk_Return_of_the_King_2_talk_h_cm_np1_fr_goo_6.pt,talk,46
/data/dev/projects/ai/Trackey/trackey/research/EXTRACTED_HMDB51_FEATURES/talk_Return_of_the_King_3_talk_h_nm_np1_fr_goo_2.pt,talk,46
/data/dev/projects/ai/Trackey/trackey/research/EXTRACTED_HMDB51_FEATURES/talk_TheBoondockSaints_talk_h_cm_np1_fr_med_12.pt,talk,46
/data/dev/projects/ai/Trackey/trackey/research/EXTRACTED_HMDB51_FEATURES/talk_The_Fugitive_3_talk_u_nm_np1_fr_med_4.pt,talk,46
/data/dev/projects/ai/Trackey/trackey/research/EXTRACTED_HMDB51_FEATURES/talk_The_Fugitive_3_talk_u_nm_np1_fr_med_5.pt,talk,46
/data/dev/projects/ai/Trackey/trackey/research/EXTRACTED_HMDB51_FEATURES/talk_The_Fugitive_5_talk_h_nm_np1_fr_goo_10.pt,talk,46
/data/dev/projects/ai/Trackey/trackey/research/EXTRACTED_HMDB51_FEATURES/talk_The_Fugitive_5_talk_u_nm_np1_fr_goo_11.pt,talk,46
/data/dev/projects/ai/Trackey/trackey/research/EXTRACTED_HMDB51_FEATURES/talk_The_Fugitive_6_talk_h_nm_np1_fr_goo_0.pt,talk,46
/data/dev/projects/ai/Trackey/trackey/research/EXTRACTED_HMDB51_FEATURES/talk_The_Fugitive_6_talk_h_nm_np1_fr_goo_3.pt,talk,46
/data/dev/projects/ai/Trackey/trackey/research/EXTRACTED_HMDB51_FEATURES/talk_The_Fugitive_6_talk_h_nm_np1_fr_goo_9.pt,talk,46
/data/dev/projects/ai/Trackey/trackey/research/EXTRACTED_HMDB51_FEATURES/talk_The_Matrix_1_talk_h_nm_np1_le_goo_2.pt,talk,46
/data/dev/projects/ai/Trackey/trackey/research/EXTRACTED_HMDB51_FEATURES/talk_The_Matrix_2_talk_h_nm_np1_fr_goo_2.pt,talk,46
/data/dev/projects/ai/Trackey/trackey/research/EXTRACTED_HMDB51_FEATURES/talk_The_Matrix_3_talk_h_nm_np1_fr_goo_13.pt,talk,46
/data/dev/projects/ai/Trackey/trackey/research/EXTRACTED_HMDB51_FEATURES/talk_The_Matrix_5_talk_h_nm_np1_fr_goo_1.pt,talk,46
/data/dev/projects/ai/Trackey/trackey/research/EXTRACTED_HMDB51_FEATURES/talk_The_Matrix_5_talk_u_cm_np1_ri_goo_0.pt,talk,46
/data/dev/projects/ai/Trackey/trackey/research/EXTRACTED_HMDB51_FEATURES/talk_The_Matrix_Revolutions_5_talk_h_nm_np1_fr_goo_2.pt,talk,46
/data/dev/projects/ai/Trackey/trackey/research/EXTRACTED_HMDB51_FEATURES/talk_Two_Towers_5_talk_h_nm_np1_fr_goo_2.pt,talk,46
/data/dev/projects/ai/Trackey/trackey/research/EXTRACTED_HMDB51_FEATURES/talk_Two_Towers_5_talk_h_nm_np1_fr_goo_5.pt,talk,46
/data/dev/projects/ai/Trackey/trackey/research/EXTRACTED_HMDB51_FEATURES/talk_Two_Towers_7_talk_h_cm_np1_fr_goo_0.pt,talk,46
/data/dev/projects/ai/Trackey/trackey/research/EXTRACTED_HMDB51_FEATURES/talk_jonhs_netfreemovies_holygrail_talk_h_cm_np1_ri_goo_0.pt,talk,46
/data/dev/projects/ai/Trackey/trackey/research/EXTRACTED_HMDB51_FEATURES/talk_jonhs_netfreemovies_holygrail_talk_h_cm_np1_ri_med_14.pt,talk,46
/data/dev/projects/ai/Trackey/trackey/research/EXTRACTED_HMDB51_FEATURES/talk_jonhs_netfreemovies_holygrail_talk_h_nm_np1_fr_goo_12.pt,talk,46
/data/dev/projects/ai/Trackey/trackey/research/EXTRACTED_HMDB51_FEATURES/talk_jonhs_netfreemovies_holygrail_talk_h_nm_np1_fr_goo_13.pt,talk,46
/data/dev/projects/ai/Trackey/trackey/research/EXTRACTED_HMDB51_FEATURES/talk_jonhs_netfreemovies_holygrail_talk_h_nm_np1_fr_med_1.pt,talk,46
/data/dev/projects/ai/Trackey/trackey/research/EXTRACTED_HMDB51_FEATURES/talk_jonhs_netfreemovies_holygrail_talk_h_nm_np1_fr_med_6.pt,talk,46
/data/dev/projects/ai/Trackey/trackey/research/EXTRACTED_HMDB51_FEATURES/talk_jonhs_netfreemovies_holygrail_talk_h_nm_np1_fr_med_7.pt,talk,46
/data/dev/projects/ai/Trackey/trackey/research/EXTRACTED_HMDB51_FEATURES/talk_jonhs_netfreemovies_holygrail_talk_u_nm_np1_le_med_17.pt,talk,46
/data/dev/projects/ai/Trackey/trackey/research/EXTRACTED_HMDB51_FEATURES/talk_jonhs_netfreemovies_holygrail_talk_u_nm_np1_le_med_18.pt,talk,46
/data/dev/projects/ai/Trackey/trackey/research/EXTRACTED_HMDB51_FEATURES/talk_prelinger_ControlY1950_talk_h_nm_np1_fr_goo_3.pt,talk,46
/data/dev/projects/ai/Trackey/trackey/research/EXTRACTED_HMDB51_FEATURES/talk_prelinger_ControlY1950_talk_h_nm_np1_ri_goo_16.pt,talk,46
/data/dev/projects/ai/Trackey/trackey/research/EXTRACTED_HMDB51_FEATURES/talk_prelinger_LetsPlay1949_talk_h_nm_np1_fr_goo_17.pt,talk,46
/data/dev/projects/ai/Trackey/trackey/research/EXTRACTED_HMDB51_FEATURES/talk_prelinger_LetsPlay1949_talk_h_nm_np1_fr_goo_18.pt,talk,46
/data/dev/projects/ai/Trackey/trackey/research/EXTRACTED_HMDB51_FEATURES/talk_prelinger_LetsPlay1949_talk_h_nm_np1_fr_goo_26.pt,talk,46
/data/dev/projects/ai/Trackey/trackey/research/EXTRACTED_HMDB51_FEATURES/talk_prelinger_LetsPlay1949_talk_u_nm_np1_fr_med_20.pt,talk,46
/data/dev/projects/ai/Trackey/trackey/research/EXTRACTED_HMDB51_FEATURES/talk_prelinger_LetsPlay1949_talk_u_nm_np1_ri_med_2.pt,talk,46
/data/dev/projects/ai/Trackey/trackey/research/EXTRACTED_HMDB51_FEATURES/talk_prelinger_TowardEm1954_talk_h_nm_np1_le_goo_6.pt,talk,46
/data/dev/projects/ai/Trackey/trackey/research/EXTRACTED_HMDB51_FEATURES/talk_prelinger_TowardEm1954_talk_u_cm_np1_fr_med_0.pt,talk,46
/data/dev/projects/ai/Trackey/trackey/research/EXTRACTED_HMDB51_FEATURES/talk_prelinger_TowardEm1954_talk_u_nm_np1_fr_med_1.pt,talk,46
/data/dev/projects/ai/Trackey/trackey/research/EXTRACTED_HMDB51_FEATURES/talk_prelinger_they_grow_up_so_fast_1_talk_h_nm_np1_ri_goo_4.pt,talk,46
/data/dev/projects/ai/Trackey/trackey/research/EXTRACTED_HMDB51_FEATURES/talk_prelinger_they_grow_up_so_fast_1_talk_u_nm_np1_fr_goo_13.pt,talk,46
/data/dev/projects/ai/Trackey/trackey/research/EXTRACTED_HMDB51_FEATURES/talk_veoh_harold_and_kumar_talk_h_nm_np1_fr_goo_0.pt,talk,46
/data/dev/projects/ai/Trackey/trackey/research/EXTRACTED_HMDB51_FEATURES/talk_veoh_harold_and_kumar_talk_h_nm_np1_fr_goo_12.pt,talk,46
/data/dev/projects/ai/Trackey/trackey/research/EXTRACTED_HMDB51_FEATURES/talk_veoh_harold_and_kumar_talk_h_nm_np1_fr_goo_17.pt,talk,46
/data/dev/projects/ai/Trackey/trackey/research/EXTRACTED_HMDB51_FEATURES/talk_veoh_harold_and_kumar_talk_h_nm_np1_fr_goo_3.pt,talk,46
/data/dev/projects/ai/Trackey/trackey/research/EXTRACTED_HMDB51_FEATURES/talk_veoh_harold_and_kumar_talk_h_nm_np1_fr_goo_9.pt,talk,46
/data/dev/projects/ai/Trackey/trackey/research/EXTRACTED_HMDB51_FEATURES/talk_veoh_harold_and_kumar_talk_h_nm_np1_fr_med_18.pt,talk,46
/data/dev/projects/ai/Trackey/trackey/research/EXTRACTED_HMDB51_FEATURES/talk_veoh_harold_and_kumar_talk_u_cm_np1_fr_goo_16.pt,talk,46
/data/dev/projects/ai/Trackey/trackey/research/EXTRACTED_HMDB51_FEATURES/talk_veoh_harold_and_kumar_talk_u_cm_np1_fr_med_13.pt,talk,46
/data/dev/projects/ai/Trackey/trackey/research/EXTRACTED_HMDB51_FEATURES/talk_veoh_harold_and_kumar_talk_u_nm_np1_fr_goo_1.pt,talk,46
/data/dev/projects/ai/Trackey/trackey/research/EXTRACTED_HMDB51_FEATURES/talk_veoh_harold_and_kumar_talk_u_nm_np1_fr_goo_14.pt,talk,46
/data/dev/projects/ai/Trackey/trackey/research/EXTRACTED_HMDB51_FEATURES/throw_20060723sfjffangelina_throw_u_cm_np1_ba_med_4.pt,throw,47
/data/dev/projects/ai/Trackey/trackey/research/EXTRACTED_HMDB51_FEATURES/throw_2008-08-09GiantsGameDodgersPracticeClaytonKershaw_throw_f_cm_np1_fr_med_0.pt,throw,47
/data/dev/projects/ai/Trackey/trackey/research/EXTRACTED_HMDB51_FEATURES/throw_2008-08-09GiantsGameDodgersPracticeClaytonKershaw_throw_f_cm_np1_fr_med_1.pt,throw,47
/data/dev/projects/ai/Trackey/trackey/research/EXTRACTED_HMDB51_FEATURES/throw_2008-08-09GiantsGameDodgersPracticeClaytonKershaw_throw_f_cm_np1_fr_med_2.pt,throw,47
/data/dev/projects/ai/Trackey/trackey/research/EXTRACTED_HMDB51_FEATURES/throw_APOCALYPTO_throw_f_nm_np1_fr_med_1.pt,throw,47
/data/dev/projects/ai/Trackey/trackey/research/EXTRACTED_HMDB51_FEATURES/throw_APOCALYPTO_throw_u_cm_np1_ri_med_0.pt,throw,47
/data/dev/projects/ai/Trackey/trackey/research/EXTRACTED_HMDB51_FEATURES/throw_AboutABoy_throw_f_nm_np1_ba_med_2.pt,throw,47
/data/dev/projects/ai/Trackey/trackey/research/EXTRACTED_HMDB51_FEATURES/throw_AboutABoy_throw_u_nm_np1_ba_med_3.pt,throw,47
/data/dev/projects/ai/Trackey/trackey/research/EXTRACTED_HMDB51_FEATURES/throw_AdamandAlvonplayingbasketball2_throw_f_nm_np1_fr_med_1.pt,throw,47
/data/dev/projects/ai/Trackey/trackey/research/EXTRACTED_HMDB51_FEATURES/throw_BaseballPitchingtarget_BaseballPitchingCage_throw_u_cm_np1_ba_med_1.pt,throw,47
/data/dev/projects/ai/Trackey/trackey/research/EXTRACTED_HMDB51_FEATURES/throw_BaseballPitchingtarget_BaseballPitchingCage_throw_u_nm_np1_ba_med_0.pt,throw,47
/data/dev/projects/ai/Trackey/trackey/research/EXTRACTED_HMDB51_FEATURES/throw_BiomechanicsEvaluationofaPitcher_throw_f_cm_np1_ri_med_0.pt,throw,47
/data/dev/projects/ai/Trackey/trackey/research/EXTRACTED_HMDB51_FEATURES/throw_Compilationknifethrowing_throw_u_nm_np1_ba_med_0.pt,throw,47
/data/dev/projects/ai/Trackey/trackey/research/EXTRACTED_HMDB51_FEATURES/throw_Compilationknifethrowing_throw_u_nm_np1_ba_med_1.pt,throw,47
/data/dev/projects/ai/Trackey/trackey/research/EXTRACTED_HMDB51_FEATURES/throw_Compilationknifethrowing_throw_u_nm_np1_ba_med_10.pt,throw,47
/data/dev/projects/ai/Trackey/trackey/research/EXTRACTED_HMDB51_FEATURES/throw_Compilationknifethrowing_throw_u_nm_np1_ba_med_11.pt,throw,47
/data/dev/projects/ai/Trackey/trackey/research/EXTRACTED_HMDB51_FEATURES/throw_Compilationknifethrowing_throw_u_nm_np1_ba_med_12.pt,throw,47
/data/dev/projects/ai/Trackey/trackey/research/EXTRACTED_HMDB51_FEATURES/throw_Compilationknifethrowing_throw_u_nm_np1_ba_med_13.pt,throw,47
/data/dev/projects/ai/Trackey/trackey/research/EXTRACTED_HMDB51_FEATURES/throw_Compilationknifethrowing_throw_u_nm_np1_ba_med_14.pt,throw,47
/data/dev/projects/ai/Trackey/trackey/research/EXTRACTED_HMDB51_FEATURES/throw_Compilationknifethrowing_throw_u_nm_np1_ba_med_15.pt,throw,47
/data/dev/projects/ai/Trackey/trackey/research/EXTRACTED_HMDB51_FEATURES/throw_Compilationknifethrowing_throw_u_nm_np1_ba_med_16.pt,throw,47
/data/dev/projects/ai/Trackey/trackey/research/EXTRACTED_HMDB51_FEATURES/throw_Compilationknifethrowing_throw_u_nm_np1_ba_med_17.pt,throw,47
/data/dev/projects/ai/Trackey/trackey/research/EXTRACTED_HMDB51_FEATURES/throw_Compilationknifethrowing_throw_u_nm_np1_ba_med_18.pt,throw,47
/data/dev/projects/ai/Trackey/trackey/research/EXTRACTED_HMDB51_FEATURES/throw_Compilationknifethrowing_throw_u_nm_np1_ba_med_19.pt,throw,47
/data/dev/projects/ai/Trackey/trackey/research/EXTRACTED_HMDB51_FEATURES/throw_Compilationknifethrowing_throw_u_nm_np1_ba_med_2.pt,throw,47
/data/dev/projects/ai/Trackey/trackey/research/EXTRACTED_HMDB51_FEATURES/throw_Compilationknifethrowing_throw_u_nm_np1_ba_med_3.pt,throw,47
/data/dev/projects/ai/Trackey/trackey/research/EXTRACTED_HMDB51_FEATURES/throw_Compilationknifethrowing_throw_u_nm_np1_ba_med_4.pt,throw,47
/data/dev/projects/ai/Trackey/trackey/research/EXTRACTED_HMDB51_FEATURES/throw_Compilationknifethrowing_throw_u_nm_np1_ba_med_5.pt,throw,47
/data/dev/projects/ai/Trackey/trackey/research/EXTRACTED_HMDB51_FEATURES/throw_Compilationknifethrowing_throw_u_nm_np1_ba_med_6.pt,throw,47
/data/dev/projects/ai/Trackey/trackey/research/EXTRACTED_HMDB51_FEATURES/throw_Compilationknifethrowing_throw_u_nm_np1_ba_med_7.pt,throw,47
/data/dev/projects/ai/Trackey/trackey/research/EXTRACTED_HMDB51_FEATURES/throw_Compilationknifethrowing_throw_u_nm_np1_ba_med_8.pt,throw,47
/data/dev/projects/ai/Trackey/trackey/research/EXTRACTED_HMDB51_FEATURES/throw_Compilationknifethrowing_throw_u_nm_np1_ba_med_9.pt,throw,47
/data/dev/projects/ai/Trackey/trackey/research/EXTRACTED_HMDB51_FEATURES/throw_Faith_Rewarded_throw_f_cm_np1_ba_med_74.pt,throw,47
/data/dev/projects/ai/Trackey/trackey/research/EXTRACTED_HMDB51_FEATURES/throw_Faith_Rewarded_throw_f_cm_np1_fr_bad_14.pt,throw,47
/data/dev/projects/ai/Trackey/trackey/research/EXTRACTED_HMDB51_FEATURES/throw_Faith_Rewarded_throw_f_cm_np1_le_med_13.pt,throw,47
/data/dev/projects/ai/Trackey/trackey/research/EXTRACTED_HMDB51_FEATURES/throw_Faith_Rewarded_throw_f_nm_np1_ba_bad_79.pt,throw,47
/data/dev/projects/ai/Trackey/trackey/research/EXTRACTED_HMDB51_FEATURES/throw_Faith_Rewarded_throw_f_nm_np1_fr_med_84.pt,throw,47
/data/dev/projects/ai/Trackey/trackey/research/EXTRACTED_HMDB51_FEATURES/throw_Faith_Rewarded_throw_f_nm_np1_le_bad_76.pt,throw,47
/data/dev/projects/ai/Trackey/trackey/research/EXTRACTED_HMDB51_FEATURES/throw_Faith_Rewarded_throw_f_nm_np1_ri_bad_9.pt,throw,47
/data/dev/projects/ai/Trackey/trackey/research/EXTRACTED_HMDB51_FEATURES/throw_Faith_Rewarded_throw_u_cm_np1_ba_med_6.pt,throw,47
/data/dev/projects/ai/Trackey/trackey/research/EXTRACTED_HMDB51_FEATURES/throw_Faith_Rewarded_throw_u_cm_np1_fr_med_2.pt,throw,47
/data/dev/projects/ai/Trackey/trackey/research/EXTRACTED_HMDB51_FEATURES/throw_Faith_Rewarded_throw_u_cm_np1_fr_med_33.pt,throw,47
/data/dev/projects/ai/Trackey/trackey/research/EXTRACTED_HMDB51_FEATURES/throw_Faith_Rewarded_throw_u_nm_np1_fr_bad_34.pt,throw,47
/data/dev/projects/ai/Trackey/trackey/research/EXTRACTED_HMDB51_FEATURES/throw_Fellowship_3_throw_u_nm_np1_fr_bad_4.pt,throw,47
/data/dev/projects/ai/Trackey/trackey/research/EXTRACTED_HMDB51_FEATURES/throw_Fellowship_5_throw_u_cm_np1_fr_med_9.pt,throw,47
/data/dev/projects/ai/Trackey/trackey/research/EXTRACTED_HMDB51_FEATURES/throw_Fellowship_5_throw_u_cm_np1_ri_med_2.pt,throw,47
/data/dev/projects/ai/Trackey/trackey/research/EXTRACTED_HMDB51_FEATURES/throw_Finding_Forrester_3_throw_u_nm_np1_fr_med_13.pt,throw,47
/data/dev/projects/ai/Trackey/trackey/research/EXTRACTED_HMDB51_FEATURES/throw_HowtoParticipateinKnife_throw_f_cm_np1_le_med_1.pt,throw,47
/data/dev/projects/ai/Trackey/trackey/research/EXTRACTED_HMDB51_FEATURES/throw_HowtoParticipateinKnife_throw_u_cm_np1_ba_med_0.pt,throw,47
/data/dev/projects/ai/Trackey/trackey/research/EXTRACTED_HMDB51_FEATURES/throw_IndianaJonesandTheTempleofDoom_throw_u_nm_np1_fr_med_4.pt,throw,47
/data/dev/projects/ai/Trackey/trackey/research/EXTRACTED_HMDB51_FEATURES/throw_KUNG_FU_HUSTLE_throw_u_cm_np1_fr_med_1.pt,throw,47
/data/dev/projects/ai/Trackey/trackey/research/EXTRACTED_HMDB51_FEATURES/throw_KnifeThrowingJackDaggerDemoReel_throw_f_nm_np1_fr_med_1.pt,throw,47
/data/dev/projects/ai/Trackey/trackey/research/EXTRACTED_HMDB51_FEATURES/throw_KnifeThrowingJackDaggerDemoReel_throw_f_nm_np1_fr_med_2.pt,throw,47
/data/dev/projects/ai/Trackey/trackey/research/EXTRACTED_HMDB51_FEATURES/throw_KnifeThrowingJackDaggerDemoReel_throw_f_nm_np1_le_med_4.pt,throw,47
/data/dev/projects/ai/Trackey/trackey/research/EXTRACTED_HMDB51_FEATURES/throw_KnifeThrowingJackDaggerDemoReel_throw_u_cm_np1_ba_med_6.pt,throw,47
/data/dev/projects/ai/Trackey/trackey/research/EXTRACTED_HMDB51_FEATURES/throw_KnifeThrowingJackDaggerDemoReel_throw_u_cm_np1_ri_med_7.pt,throw,47
/data/dev/projects/ai/Trackey/trackey/research/EXTRACTED_HMDB51_FEATURES/throw_KnifeThrowingJackDaggerDemoReel_throw_u_nm_np1_ba_med_0.pt,throw,47
/data/dev/projects/ai/Trackey/trackey/research/EXTRACTED_HMDB51_FEATURES/throw_KnifeThrowingJackDaggerDemoReel_throw_u_nm_np1_ba_med_3.pt,throw,47
/data/dev/projects/ai/Trackey/trackey/research/EXTRACTED_HMDB51_FEATURES/throw_KnifeThrowingJackDaggerDemoReel_throw_u_nm_np1_fr_med_5.pt,throw,47
/data/dev/projects/ai/Trackey/trackey/research/EXTRACTED_HMDB51_FEATURES/throw_KnifeThrowing_throw_f_nm_np1_le_med_0.pt,throw,47
/data/dev/projects/ai/Trackey/trackey/research/EXTRACTED_HMDB51_FEATURES/throw_KnifeThrowing_throw_f_nm_np1_le_med_1.pt,throw,47
/data/dev/projects/ai/Trackey/trackey/research/EXTRACTED_HMDB51_FEATURES/throw_KnifeThrowing_throw_f_nm_np1_le_med_2.pt,throw,47
/data/dev/projects/ai/Trackey/trackey/research/EXTRACTED_HMDB51_FEATURES/throw_KnifeThrowing_throw_f_nm_np1_le_med_3.pt,throw,47
/data/dev/projects/ai/Trackey/trackey/research/EXTRACTED_HMDB51_FEATURES/throw_KnifeThrowing_throw_f_nm_np1_le_med_4.pt,throw,47
/data/dev/projects/ai/Trackey/trackey/research/EXTRACTED_HMDB51_FEATURES/throw_Knifethrowing1_throw_u_cm_np1_le_med_0.pt,throw,47
/data/dev/projects/ai/Trackey/trackey/research/EXTRACTED_HMDB51_FEATURES/throw_Knifethrowing4knivestogethernospin_throw_f_nm_np1_ri_med_1.pt,throw,47
/data/dev/projects/ai/Trackey/trackey/research/EXTRACTED_HMDB51_FEATURES/throw_Knifethrowing4knivestogethernospin_throw_u_nm_np1_ba_med_0.pt,throw,47
/data/dev/projects/ai/Trackey/trackey/research/EXTRACTED_HMDB51_FEATURES/throw_LittleChildren_throw_u_nm_np1_fr_med_8.pt,throw,47
/data/dev/projects/ai/Trackey/trackey/research/EXTRACTED_HMDB51_FEATURES/throw_NOVA_ELEGANTUNIVERSE2_throw_f_nm_np1_fr_med_2.pt,throw,47
/data/dev/projects/ai/Trackey/trackey/research/EXTRACTED_HMDB51_FEATURES/throw_Pirates_4_throw_u_nm_np1_ba_med_4.pt,throw,47
/data/dev/projects/ai/Trackey/trackey/research/EXTRACTED_HMDB51_FEATURES/throw_Pirates_6_throw_u_cm_np1_fr_med_3.pt,throw,47
/data/dev/projects/ai/Trackey/trackey/research/EXTRACTED_HMDB51_FEATURES/throw_Prelinger_ActYourA1949_throw_f_cm_np1_ri_med_8.pt,throw,47
/data/dev/projects/ai/Trackey/trackey/research/EXTRACTED_HMDB51_FEATURES/throw_Prelinger_ActYourA1949_throw_u_nm_np1_ri_med_13.pt,throw,47
/data/dev/projects/ai/Trackey/trackey/research/EXTRACTED_HMDB51_FEATURES/throw_Return_of_the_King_12_throw_f_nm_np1_fr_med_0.pt,throw,47
/data/dev/projects/ai/Trackey/trackey/research/EXTRACTED_HMDB51_FEATURES/throw_SchoolRulesHowTheyHelpUs_throw_f_nm_np1_ba_med_3.pt,throw,47
/data/dev/projects/ai/Trackey/trackey/research/EXTRACTED_HMDB51_FEATURES/throw_ScottKazmir_throw_f_cm_np1_fr_med_0.pt,throw,47
/data/dev/projects/ai/Trackey/trackey/research/EXTRACTED_HMDB51_FEATURES/throw_ScottKazmir_throw_f_cm_np1_fr_med_1.pt,throw,47
/data/dev/projects/ai/Trackey/trackey/research/EXTRACTED_HMDB51_FEATURES/throw_ScottKazmir_throw_f_cm_np1_fr_med_2.pt,throw,47
/data/dev/projects/ai/Trackey/trackey/research/EXTRACTED_HMDB51_FEATURES/throw_Shadow_of_a_Doubt_throw_u_cm_np1_ba_med_0.pt,throw,47
/data/dev/projects/ai/Trackey/trackey/research/EXTRACTED_HMDB51_FEATURES/throw_Shadow_of_a_Doubt_throw_u_cm_np1_fr_med_5.pt,throw,47
/data/dev/projects/ai/Trackey/trackey/research/EXTRACTED_HMDB51_FEATURES/throw_Two_Towers_6_throw_h_cm_np1_fr_bad_3.pt,throw,47
/data/dev/projects/ai/Trackey/trackey/research/EXTRACTED_HMDB51_FEATURES/throw_Veoh_Alpha_Dog_1_throw_f_cm_np1_le_med_5.pt,throw,47
/data/dev/projects/ai/Trackey/trackey/research/EXTRACTED_HMDB51_FEATURES/throw_Veoh_Alpha_Dog_1_throw_f_cm_np2_fr_med_57.pt,throw,47
/data/dev/projects/ai/Trackey/trackey/research/EXTRACTED_HMDB51_FEATURES/throw_Veoh_Alpha_Dog_1_throw_u_nm_np1_ri_med_25.pt,throw,47
/data/dev/projects/ai/Trackey/trackey/research/EXTRACTED_HMDB51_FEATURES/throw_Wayne_Rooney_At_Home_Funny_Must_See_throw_u_cm_np1_fr_bad_1.pt,throw,47
/data/dev/projects/ai/Trackey/trackey/research/EXTRACTED_HMDB51_FEATURES/throw_Webbpitching0045-8-08_throw_f_cm_np1_ba_med_0.pt,throw,47
/data/dev/projects/ai/Trackey/trackey/research/EXTRACTED_HMDB51_FEATURES/throw_Webbpitching0045-8-08_throw_f_cm_np1_ba_med_1.pt,throw,47
/data/dev/projects/ai/Trackey/trackey/research/EXTRACTED_HMDB51_FEATURES/throw_Webbpitching0045-8-08_throw_f_cm_np1_ba_med_2.pt,throw,47
/data/dev/projects/ai/Trackey/trackey/research/EXTRACTED_HMDB51_FEATURES/throw_Webbpitching0045-8-08_throw_f_cm_np1_ba_med_3.pt,throw,47
/data/dev/projects/ai/Trackey/trackey/research/EXTRACTED_HMDB51_FEATURES/throw_Webbpitching0045-8-08_throw_f_cm_np1_ba_med_4.pt,throw,47
/data/dev/projects/ai/Trackey/trackey/research/EXTRACTED_HMDB51_FEATURES/throw_Webbpitching0045-8-08_throw_f_cm_np1_ba_med_5.pt,throw,47
/data/dev/projects/ai/Trackey/trackey/research/EXTRACTED_HMDB51_FEATURES/throw_Webbpitching0045-8-08_throw_f_cm_np1_ba_med_6.pt,throw,47
/data/dev/projects/ai/Trackey/trackey/research/EXTRACTED_HMDB51_FEATURES/throw_Webbpitching0045-8-08_throw_f_cm_np1_ba_med_7.pt,throw,47
/data/dev/projects/ai/Trackey/trackey/research/EXTRACTED_HMDB51_FEATURES/throw_amazingballthrowingtricks_throw_f_cm_np1_fr_med_6.pt,throw,47
/data/dev/projects/ai/Trackey/trackey/research/EXTRACTED_HMDB51_FEATURES/throw_amazingballthrowingtricks_throw_f_cm_np1_ri_med_1.pt,throw,47
/data/dev/projects/ai/Trackey/trackey/research/EXTRACTED_HMDB51_FEATURES/throw_amazingballthrowingtricks_throw_f_cm_np1_ri_med_2.pt,throw,47
/data/dev/projects/ai/Trackey/trackey/research/EXTRACTED_HMDB51_FEATURES/throw_amazingballthrowingtricks_throw_f_cm_np1_ri_med_4.pt,throw,47
/data/dev/projects/ai/Trackey/trackey/research/EXTRACTED_HMDB51_FEATURES/throw_amazingballthrowingtricks_throw_f_cm_np1_ri_med_5.pt,throw,47
/data/dev/projects/ai/Trackey/trackey/research/EXTRACTED_HMDB51_FEATURES/throw_amazingballthrowingtricks_throw_f_nm_np1_ri_med_0.pt,throw,47
/data/dev/projects/ai/Trackey/trackey/research/EXTRACTED_HMDB51_FEATURES/throw_amazingballthrowingtricks_throw_u_cm_np1_fr_med_3.pt,throw,47
/data/dev/projects/ai/Trackey/trackey/research/EXTRACTED_HMDB51_FEATURES/throw_baseballpitchslowmotion_throw_f_nm_np1_fr_med_0.pt,throw,47
/data/dev/projects/ai/Trackey/trackey/research/EXTRACTED_HMDB51_FEATURES/throw_prelinger_they_grow_up_so_fast_1_throw_f_nm_np1_fr_med_8.pt,throw,47
/data/dev/projects/ai/Trackey/trackey/research/EXTRACTED_HMDB51_FEATURES/turn_20060723sfjffcomeback_turn_u_nm_np1_le_med_0.pt,turn,48
/data/dev/projects/ai/Trackey/trackey/research/EXTRACTED_HMDB51_FEATURES/turn_20060723sfjffkillerskiss_turn_f_cm_np1_ri_med_0.pt,turn,48
/data/dev/projects/ai/Trackey/trackey/research/EXTRACTED_HMDB51_FEATURES/turn_21_turn_h_cm_np1_fr_goo_12.pt,turn,48
/data/dev/projects/ai/Trackey/trackey/research/EXTRACTED_HMDB51_FEATURES/turn_21_turn_h_cm_np1_fr_goo_13.pt,turn,48
/data/dev/projects/ai/Trackey/trackey/research/EXTRACTED_HMDB51_FEATURES/turn_21_turn_h_nm_np1_fr_goo_14.pt,turn,48
/data/dev/projects/ai/Trackey/trackey/research/EXTRACTED_HMDB51_FEATURES/turn_21_turn_h_nm_np1_fr_goo_4.pt,turn,48
/data/dev/projects/ai/Trackey/trackey/research/EXTRACTED_HMDB51_FEATURES/turn_21_turn_h_nm_np1_ri_goo_8.pt,turn,48
/data/dev/projects/ai/Trackey/trackey/research/EXTRACTED_HMDB51_FEATURES/turn_21_turn_u_nm_np1_ba_goo_6.pt,turn,48
/data/dev/projects/ai/Trackey/trackey/research/EXTRACTED_HMDB51_FEATURES/turn_310ToYuma_turn_h_nm_np1_ba_med_1.pt,turn,48
/data/dev/projects/ai/Trackey/trackey/research/EXTRACTED_HMDB51_FEATURES/turn_310ToYuma_turn_u_nm_np1_ba_med_0.pt,turn,48
/data/dev/projects/ai/Trackey/trackey/research/EXTRACTED_HMDB51_FEATURES/turn_50_FIRST_DATES_turn_f_cm_np1_fr_med_11.pt,turn,48
/data/dev/projects/ai/Trackey/trackey/research/EXTRACTED_HMDB51_FEATURES/turn_50_FIRST_DATES_turn_f_nm_np1_le_bad_9.pt,turn,48
/data/dev/projects/ai/Trackey/trackey/research/EXTRACTED_HMDB51_FEATURES/turn_50_FIRST_DATES_turn_h_nm_np1_fr_goo_23.pt,turn,48
/data/dev/projects/ai/Trackey/trackey/research/EXTRACTED_HMDB51_FEATURES/turn_50_FIRST_DATES_turn_u_nm_np1_fr_med_6.pt,turn,48
/data/dev/projects/ai/Trackey/trackey/research/EXTRACTED_HMDB51_FEATURES/turn_APOCALYPTO_turn_u_nm_np1_fr_goo_2.pt,turn,48
/data/dev/projects/ai/Trackey/trackey/research/EXTRACTED_HMDB51_FEATURES/turn_AReporttoHomeBuilders_turn_u_nm_np1_ba_med_1.pt,turn,48
/data/dev/projects/ai/Trackey/trackey/research/EXTRACTED_HMDB51_FEATURES/turn_A_Beautiful_Mind_1_turn_h_nm_np1_ri_goo_10.pt,turn,48
/data/dev/projects/ai/Trackey/trackey/research/EXTRACTED_HMDB51_FEATURES/turn_A_Beautiful_Mind_1_turn_h_nm_np1_ri_goo_7.pt,turn,48
/data/dev/projects/ai/Trackey/trackey/research/EXTRACTED_HMDB51_FEATURES/turn_A_Beautiful_Mind_1_turn_u_cm_np1_ri_goo_9.pt,turn,48
/data/dev/projects/ai/Trackey/trackey/research/EXTRACTED_HMDB51_FEATURES/turn_A_Beautiful_Mind_1_turn_u_nm_np1_ri_med_5.pt,turn,48
/data/dev/projects/ai/Trackey/trackey/research/EXTRACTED_HMDB51_FEATURES/turn_A_Beautiful_Mind_2_turn_h_cm_np1_ri_med_5.pt,turn,48
/data/dev/projects/ai/Trackey/trackey/research/EXTRACTED_HMDB51_FEATURES/turn_A_Beautiful_Mind_2_turn_u_cm_np1_fr_goo_1.pt,turn,48
/data/dev/projects/ai/Trackey/trackey/research/EXTRACTED_HMDB51_FEATURES/turn_A_Beautiful_Mind_2_turn_u_cm_np1_fr_med_6.pt,turn,48
/data/dev/projects/ai/Trackey/trackey/research/EXTRACTED_HMDB51_FEATURES/turn_A_Beautiful_Mind_2_turn_u_cm_np2_ba_med_4.pt,turn,48
/data/dev/projects/ai/Trackey/trackey/research/EXTRACTED_HMDB51_FEATURES/turn_A_Beautiful_Mind_3_turn_u_nm_np1_fr_goo_0.pt,turn,48
/data/dev/projects/ai/Trackey/trackey/research/EXTRACTED_HMDB51_FEATURES/turn_A_Beautiful_Mind_4_turn_u_cm_np1_fr_med_7.pt,turn,48
/data/dev/projects/ai/Trackey/trackey/research/EXTRACTED_HMDB51_FEATURES/turn_A_Beautiful_Mind_5_turn_h_cm_np1_fr_goo_5.pt,turn,48
/data/dev/projects/ai/Trackey/trackey/research/EXTRACTED_HMDB51_FEATURES/turn_A_Beautiful_Mind_5_turn_h_cm_np1_fr_goo_9.pt,turn,48
/data/dev/projects/ai/Trackey/trackey/research/EXTRACTED_HMDB51_FEATURES/turn_A_Beautiful_Mind_5_turn_u_cm_np1_le_med_2.pt,turn,48
/data/dev/projects/ai/Trackey/trackey/research/EXTRACTED_HMDB51_FEATURES/turn_A_Beautiful_Mind_5_turn_u_nm_np1_le_med_4.pt,turn,48
/data/dev/projects/ai/Trackey/trackey/research/EXTRACTED_HMDB51_FEATURES/turn_A_Beautiful_Mind_6_turn_f_cm_np1_le_med_6.pt,turn,48
/data/dev/projects/ai/Trackey/trackey/research/EXTRACTED_HMDB51_FEATURES/turn_A_Beautiful_Mind_6_turn_u_cm_np1_ba_med_10.pt,turn,48
/data/dev/projects/ai/Trackey/trackey/research/EXTRACTED_HMDB51_FEATURES/turn_A_Beautiful_Mind_6_turn_u_cm_np1_fr_med_0.pt,turn,48
/data/dev/projects/ai/Trackey/trackey/research/EXTRACTED_HMDB51_FEATURES/turn_Age13_1_turn_u_nm_np1_fr_med_0.pt,turn,48
/data/dev/projects/ai/Trackey/trackey/research/EXTRACTED_HMDB51_FEATURES/turn_AgentCodyBanks_turn_h_cm_np1_ba_goo_8.pt,turn,48
/data/dev/projects/ai/Trackey/trackey/research/EXTRACTED_HMDB51_FEATURES/turn_AgentCodyBanks_turn_h_nm_np1_fr_med_18.pt,turn,48
/data/dev/projects/ai/Trackey/trackey/research/EXTRACTED_HMDB51_FEATURES/turn_AgentCodyBanks_turn_h_nm_np1_fr_med_2.pt,turn,48
/data/dev/projects/ai/Trackey/trackey/research/EXTRACTED_HMDB51_FEATURES/turn_AgentCodyBanks_turn_h_nm_np1_le_med_3.pt,turn,48
/data/dev/projects/ai/Trackey/trackey/research/EXTRACTED_HMDB51_FEATURES/turn_AgentCodyBanks_turn_h_nm_np1_ri_goo_14.pt,turn,48
/data/dev/projects/ai/Trackey/trackey/research/EXTRACTED_HMDB51_FEATURES/turn_AgentCodyBanks_turn_h_nm_np1_ri_goo_6.pt,turn,48
/data/dev/projects/ai/Trackey/trackey/research/EXTRACTED_HMDB51_FEATURES/turn_AgentCodyBanks_turn_u_cm_np1_ba_med_12.pt,turn,48
/data/dev/projects/ai/Trackey/trackey/research/EXTRACTED_HMDB51_FEATURES/turn_AgentCodyBanks_turn_u_cm_np1_le_med_7.pt,turn,48
/data/dev/projects/ai/Trackey/trackey/research/EXTRACTED_HMDB51_FEATURES/turn_AgentCodyBanks_turn_u_nm_np1_ba_med_1.pt,turn,48
/data/dev/projects/ai/Trackey/trackey/research/EXTRACTED_HMDB51_FEATURES/turn_AgentCodyBanks_turn_u_nm_np1_fr_med_15.pt,turn,48
/data/dev/projects/ai/Trackey/trackey/research/EXTRACTED_HMDB51_FEATURES/turn_AmericanGangster_turn_u_cm_np1_fr_med_7.pt,turn,48
/data/dev/projects/ai/Trackey/trackey/research/EXTRACTED_HMDB51_FEATURES/turn_CasinoRoyale_turn_h_nm_np1_fr_goo_0.pt,turn,48
/data/dev/projects/ai/Trackey/trackey/research/EXTRACTED_HMDB51_FEATURES/turn_HP_PRISONER_OF_AZKABAN_turn_f_cm_np1_ri_med_15.pt,turn,48
/data/dev/projects/ai/Trackey/trackey/research/EXTRACTED_HMDB51_FEATURES/turn_HP_PRISONER_OF_AZKABAN_turn_u_cm_np1_fr_med_22.pt,turn,48
/data/dev/projects/ai/Trackey/trackey/research/EXTRACTED_HMDB51_FEATURES/turn_HP_PRISONER_OF_AZKABAN_turn_u_nm_np1_ba_med_19.pt,turn,48
/data/dev/projects/ai/Trackey/trackey/research/EXTRACTED_HMDB51_FEATURES/turn_HP_PRISONER_OF_AZKABAN_turn_u_nm_np1_ba_med_34.pt,turn,48
/data/dev/projects/ai/Trackey/trackey/research/EXTRACTED_HMDB51_FEATURES/turn_HP_PRISONER_OF_AZKABAN_turn_u_nm_np1_fr_med_21.pt,turn,48
/data/dev/projects/ai/Trackey/trackey/research/EXTRACTED_HMDB51_FEATURES/turn_HP_PRISONER_OF_AZKABAN_turn_u_nm_np1_fr_med_40.pt,turn,48
/data/dev/projects/ai/Trackey/trackey/research/EXTRACTED_HMDB51_FEATURES/turn_HP_PRISONER_OF_AZKABAN_turn_u_nm_np1_le_med_8.pt,turn,48
/data/dev/projects/ai/Trackey/trackey/research/EXTRACTED_HMDB51_FEATURES/turn_Hitch_Part_2_turn_u_cm_np1_ba_med_2.pt,turn,48
/data/dev/projects/ai/Trackey/trackey/research/EXTRACTED_HMDB51_FEATURES/turn_Hitch_Part_2_turn_u_nm_np1_ba_med_4.pt,turn,48
/data/dev/projects/ai/Trackey/trackey/research/EXTRACTED_HMDB51_FEATURES/turn_Hitch_Part_2_turn_u_nm_np1_fr_med_7.pt,turn,48
/data/dev/projects/ai/Trackey/trackey/research/EXTRACTED_HMDB51_FEATURES/turn_IamLegend_turn_h_cm_np1_ba_goo_18.pt,turn,48
/data/dev/projects/ai/Trackey/trackey/research/EXTRACTED_HMDB51_FEATURES/turn_Italian_Job_2_turn_h_nm_np1_fr_med_5.pt,turn,48
/data/dev/projects/ai/Trackey/trackey/research/EXTRACTED_HMDB51_FEATURES/turn_Italian_Job_2_turn_h_nm_np1_ri_med_7.pt,turn,48
/data/dev/projects/ai/Trackey/trackey/research/EXTRACTED_HMDB51_FEATURES/turn_Italian_Job_2_turn_h_nm_np1_ri_med_9.pt,turn,48
/data/dev/projects/ai/Trackey/trackey/research/EXTRACTED_HMDB51_FEATURES/turn_Italian_Job_2_turn_u_nm_np1_ba_med_4.pt,turn,48
/data/dev/projects/ai/Trackey/trackey/research/EXTRACTED_HMDB51_FEATURES/turn_Italian_Job_2_turn_u_nm_np1_ba_med_8.pt,turn,48
/data/dev/projects/ai/Trackey/trackey/research/EXTRACTED_HMDB51_FEATURES/turn_Italian_Job_5_turn_u_nm_np1_ba_med_0.pt,turn,48
/data/dev/projects/ai/Trackey/trackey/research/EXTRACTED_HMDB51_FEATURES/turn_Juno_turn_u_cm_np1_ba_med_3.pt,turn,48
/data/dev/projects/ai/Trackey/trackey/research/EXTRACTED_HMDB51_FEATURES/turn_Juno_turn_u_nm_np1_ba_med_6.pt,turn,48
/data/dev/projects/ai/Trackey/trackey/research/EXTRACTED_HMDB51_FEATURES/turn_KUNG_FU_HUSTLE_turn_f_nm_np1_ba_med_28.pt,turn,48
/data/dev/projects/ai/Trackey/trackey/research/EXTRACTED_HMDB51_FEATURES/turn_KUNG_FU_HUSTLE_turn_u_cm_np1_ba_med_24.pt,turn,48
/data/dev/projects/ai/Trackey/trackey/research/EXTRACTED_HMDB51_FEATURES/turn_KUNG_FU_HUSTLE_turn_u_cm_np1_ri_med_48.pt,turn,48
/data/dev/projects/ai/Trackey/trackey/research/EXTRACTED_HMDB51_FEATURES/turn_LONGESTYARD_turn_u_cm_np1_ba_med_0.pt,turn,48
/data/dev/projects/ai/Trackey/trackey/research/EXTRACTED_HMDB51_FEATURES/turn_LONGESTYARD_turn_u_nm_np1_ba_med_11.pt,turn,48
/data/dev/projects/ai/Trackey/trackey/research/EXTRACTED_HMDB51_FEATURES/turn_LittleChildren_turn_f_nm_np1_ri_med_0.pt,turn,48
/data/dev/projects/ai/Trackey/trackey/research/EXTRACTED_HMDB51_FEATURES/turn_LivefreeorDieHard_turn_h_cm_np1_fr_med_3.pt,turn,48
/data/dev/projects/ai/Trackey/trackey/research/EXTRACTED_HMDB51_FEATURES/turn_LivefreeorDieHard_turn_u_cm_np1_le_goo_2.pt,turn,48
/data/dev/projects/ai/Trackey/trackey/research/EXTRACTED_HMDB51_FEATURES/turn_Man_Who_Cheated_Himself_512kb_turn_u_nm_np1_fr_med_10.pt,turn,48
/data/dev/projects/ai/Trackey/trackey/research/EXTRACTED_HMDB51_FEATURES/turn_Man_Who_Cheated_Himself_512kb_turn_u_nm_np1_fr_med_9.pt,turn,48
/data/dev/projects/ai/Trackey/trackey/research/EXTRACTED_HMDB51_FEATURES/turn_MeettheFockers_turn_u_nm_np1_ba_med_0.pt,turn,48
/data/dev/projects/ai/Trackey/trackey/research/EXTRACTED_HMDB51_FEATURES/turn_MeettheFockers_turn_u_nm_np1_ri_med_12.pt,turn,48
/data/dev/projects/ai/Trackey/trackey/research/EXTRACTED_HMDB51_FEATURES/turn_MeettheParents_turn_h_nm_np1_fr_goo_0.pt,turn,48
/data/dev/projects/ai/Trackey/trackey/research/EXTRACTED_HMDB51_FEATURES/turn_NOVA_ELEGANTUNIVERSE2_turn_f_nm_np1_ba_med_1.pt,turn,48
/data/dev/projects/ai/Trackey/trackey/research/EXTRACTED_HMDB51_FEATURES/turn_NoCountryForOldMen_turn_u_nm_np1_le_med_3.pt,turn,48
/data/dev/projects/ai/Trackey/trackey/research/EXTRACTED_HMDB51_FEATURES/turn_Oceans11_turn_h_cm_np1_ba_med_11.pt,turn,48
/data/dev/projects/ai/Trackey/trackey/research/EXTRACTED_HMDB51_FEATURES/turn_Oceans11_turn_h_nm_np1_le_goo_10.pt,turn,48
/data/dev/projects/ai/Trackey/trackey/research/EXTRACTED_HMDB51_FEATURES/turn_Oceans12_turn_h_nm_np1_ba_med_3.pt,turn,48
/data/dev/projects/ai/Trackey/trackey/research/EXTRACTED_HMDB51_FEATURES/turn_Oceans12_turn_h_nm_np1_fr_med_11.pt,turn,48
/data/dev/projects/ai/Trackey/trackey/research/EXTRACTED_HMDB51_FEATURES/turn_Oceans12_turn_h_nm_np1_le_med_2.pt,turn,48
/data/dev/projects/ai/Trackey/trackey/research/EXTRACTED_HMDB51_FEATURES/turn_Oceans12_turn_u_nm_np1_fr_goo_9.pt,turn,48
/data/dev/projects/ai/Trackey/trackey/research/EXTRACTED_HMDB51_FEATURES/turn_Oceans12_turn_u_nm_np1_fr_med_14.pt,turn,48
/data/dev/projects/ai/Trackey/trackey/research/EXTRACTED_HMDB51_FEATURES/turn_Oceans13_turn_h_cm_np1_fr_goo_10.pt,turn,48
/data/dev/projects/ai/Trackey/trackey/research/EXTRACTED_HMDB51_FEATURES/turn_Oceans13_turn_u_cm_np1_ri_med_0.pt,turn,48
/data/dev/projects/ai/Trackey/trackey/research/EXTRACTED_HMDB51_FEATURES/turn_Oceans13_turn_u_nm_np1_ba_med_8.pt,turn,48
/data/dev/projects/ai/Trackey/trackey/research/EXTRACTED_HMDB51_FEATURES/turn_OldSchool_turn_f_cm_np1_ba_med_16.pt,turn,48
/data/dev/projects/ai/Trackey/trackey/research/EXTRACTED_HMDB51_FEATURES/turn_OldSchool_turn_f_nm_np1_fr_med_22.pt,turn,48
/data/dev/projects/ai/Trackey/trackey/research/EXTRACTED_HMDB51_FEATURES/turn_OldSchool_turn_f_nm_np1_fr_med_3.pt,turn,48
/data/dev/projects/ai/Trackey/trackey/research/EXTRACTED_HMDB51_FEATURES/turn_OldSchool_turn_u_cm_np1_le_med_19.pt,turn,48
/data/dev/projects/ai/Trackey/trackey/research/EXTRACTED_HMDB51_FEATURES/turn_OldSchool_turn_u_nm_np1_ba_med_11.pt,turn,48
/data/dev/projects/ai/Trackey/trackey/research/EXTRACTED_HMDB51_FEATURES/turn_Pirates_1_turn_h_nm_np1_ba_goo_5.pt,turn,48
/data/dev/projects/ai/Trackey/trackey/research/EXTRACTED_HMDB51_FEATURES/turn_Pirates_1_turn_h_nm_np1_ba_goo_9.pt,turn,48
/data/dev/projects/ai/Trackey/trackey/research/EXTRACTED_HMDB51_FEATURES/turn_Pirates_2_turn_h_cm_np1_fr_goo_2.pt,turn,48
/data/dev/projects/ai/Trackey/trackey/research/EXTRACTED_HMDB51_FEATURES/turn_Pirates_4_turn_h_cm_np1_ba_goo_0.pt,turn,48
/data/dev/projects/ai/Trackey/trackey/research/EXTRACTED_HMDB51_FEATURES/turn_Pirates_4_turn_h_nm_np1_ba_med_1.pt,turn,48
/data/dev/projects/ai/Trackey/trackey/research/EXTRACTED_HMDB51_FEATURES/turn_Pirates_5_turn_f_cm_np1_fr_med_12.pt,turn,48
/data/dev/projects/ai/Trackey/trackey/research/EXTRACTED_HMDB51_FEATURES/turn_Pirates_5_turn_h_nm_np1_ba_goo_9.pt,turn,48
/data/dev/projects/ai/Trackey/trackey/research/EXTRACTED_HMDB51_FEATURES/turn_Pirates_5_turn_h_nm_np1_fr_goo_13.pt,turn,48
/data/dev/projects/ai/Trackey/trackey/research/EXTRACTED_HMDB51_FEATURES/turn_Pirates_6_turn_u_nm_np1_le_med_2.pt,turn,48
/data/dev/projects/ai/Trackey/trackey/research/EXTRACTED_HMDB51_FEATURES/turn_Pirates_7_turn_h_nm_np2_fr_med_0.pt,turn,48
/data/dev/projects/ai/Trackey/trackey/research/EXTRACTED_HMDB51_FEATURES/turn_RATRACE_turn_f_cm_np1_ba_med_15.pt,turn,48
/data/dev/projects/ai/Trackey/trackey/research/EXTRACTED_HMDB51_FEATURES/turn_RATRACE_turn_h_nm_np1_ba_med_32.pt,turn,48
/data/dev/projects/ai/Trackey/trackey/research/EXTRACTED_HMDB51_FEATURES/turn_RATRACE_turn_u_nm_np1_ba_med_1.pt,turn,48
/data/dev/projects/ai/Trackey/trackey/research/EXTRACTED_HMDB51_FEATURES/turn_RATRACE_turn_u_nm_np1_fr_med_4.pt,turn,48
/data/dev/projects/ai/Trackey/trackey/research/EXTRACTED_HMDB51_FEATURES/turn_RETURN_OF_THE_KING_turn_u_cm_np1_ba_med_4.pt,turn,48
/data/dev/projects/ai/Trackey/trackey/research/EXTRACTED_HMDB51_FEATURES/turn_SchoolRulesHowTheyHelpUs_turn_u_nm_np1_ri_med_4.pt,turn,48
/data/dev/projects/ai/Trackey/trackey/research/EXTRACTED_HMDB51_FEATURES/turn_SellingasaCareer_turn_u_nm_np1_fr_med_2.pt,turn,48
/data/dev/projects/ai/Trackey/trackey/research/EXTRACTED_HMDB51_FEATURES/turn_Shadow_of_a_Doubt_turn_u_nm_np1_ba_med_14.pt,turn,48
/data/dev/projects/ai/Trackey/trackey/research/EXTRACTED_HMDB51_FEATURES/turn_Sixthsense_turn_f_nm_np1_ba_med_10.pt,turn,48
/data/dev/projects/ai/Trackey/trackey/research/EXTRACTED_HMDB51_FEATURES/turn_Sixthsense_turn_f_nm_np1_ba_med_6.pt,turn,48
/data/dev/projects/ai/Trackey/trackey/research/EXTRACTED_HMDB51_FEATURES/turn_Sixthsense_turn_u_cm_np1_ba_med_0.pt,turn,48
/data/dev/projects/ai/Trackey/trackey/research/EXTRACTED_HMDB51_FEATURES/turn_SoundAndTheStory_turn_f_nm_np1_le_med_2.pt,turn,48
/data/dev/projects/ai/Trackey/trackey/research/EXTRACTED_HMDB51_FEATURES/turn_SoundAndTheStory_turn_u_nm_np1_ba_med_1.pt,turn,48
/data/dev/projects/ai/Trackey/trackey/research/EXTRACTED_HMDB51_FEATURES/turn_SweeneyTodd_turn_h_cm_np1_fr_goo_36.pt,turn,48
/data/dev/projects/ai/Trackey/trackey/research/EXTRACTED_HMDB51_FEATURES/turn_SweeneyTodd_turn_h_nm_np1_ba_med_37.pt,turn,48
/data/dev/projects/ai/Trackey/trackey/research/EXTRACTED_HMDB51_FEATURES/turn_SweeneyTodd_turn_h_nm_np1_fr_goo_30.pt,turn,48
/data/dev/projects/ai/Trackey/trackey/research/EXTRACTED_HMDB51_FEATURES/turn_SweeneyTodd_turn_h_nm_np1_fr_goo_35.pt,turn,48
/data/dev/projects/ai/Trackey/trackey/research/EXTRACTED_HMDB51_FEATURES/turn_SweeneyTodd_turn_h_nm_np1_le_bad_5.pt,turn,48
/data/dev/projects/ai/Trackey/trackey/research/EXTRACTED_HMDB51_FEATURES/turn_SweeneyTodd_turn_u_nm_np1_ba_med_6.pt,turn,48
/data/dev/projects/ai/Trackey/trackey/research/EXTRACTED_HMDB51_FEATURES/turn_SweeneyTodd_turn_u_nm_np1_fr_med_27.pt,turn,48
/data/dev/projects/ai/Trackey/trackey/research/EXTRACTED_HMDB51_FEATURES/turn_TheBigBangS01E01Pilot_turn_u_nm_np1_ba_med_3.pt,turn,48
/data/dev/projects/ai/Trackey/trackey/research/EXTRACTED_HMDB51_FEATURES/turn_TheBigBangS01E01Pilot_turn_u_nm_np1_ri_med_2.pt,turn,48
/data/dev/projects/ai/Trackey/trackey/research/EXTRACTED_HMDB51_FEATURES/turn_TheBigBangS01E02TheBigBranHypothesis_turn_u_nm_np1_ri_med_2.pt,turn,48
/data/dev/projects/ai/Trackey/trackey/research/EXTRACTED_HMDB51_FEATURES/turn_TheBoondockSaints_turn_f_cm_np1_fr_bad_1.pt,turn,48
/data/dev/projects/ai/Trackey/trackey/research/EXTRACTED_HMDB51_FEATURES/turn_TheBoondockSaints_turn_f_nm_np1_le_med_22.pt,turn,48
/data/dev/projects/ai/Trackey/trackey/research/EXTRACTED_HMDB51_FEATURES/turn_TheBoondockSaints_turn_h_nm_np1_ri_med_10.pt,turn,48
/data/dev/projects/ai/Trackey/trackey/research/EXTRACTED_HMDB51_FEATURES/turn_TheBoondockSaints_turn_h_nm_np1_ri_med_86.pt,turn,48
/data/dev/projects/ai/Trackey/trackey/research/EXTRACTED_HMDB51_FEATURES/turn_TheBoondockSaints_turn_u_cm_np1_ba_med_110.pt,turn,48
/data/dev/projects/ai/Trackey/trackey/research/EXTRACTED_HMDB51_FEATURES/turn_TheBoondockSaints_turn_u_cm_np1_ba_med_9.pt,turn,48
/data/dev/projects/ai/Trackey/trackey/research/EXTRACTED_HMDB51_FEATURES/turn_TheBoondockSaints_turn_u_cm_np1_ri_med_91.pt,turn,48
/data/dev/projects/ai/Trackey/trackey/research/EXTRACTED_HMDB51_FEATURES/turn_TheBoondockSaints_turn_u_nm_np1_ba_med_13.pt,turn,48
/data/dev/projects/ai/Trackey/trackey/research/EXTRACTED_HMDB51_FEATURES/turn_TheBoondockSaints_turn_u_nm_np1_ba_med_32.pt,turn,48
/data/dev/projects/ai/Trackey/trackey/research/EXTRACTED_HMDB51_FEATURES/turn_TheBoondockSaints_turn_u_nm_np1_fr_med_27.pt,turn,48
/data/dev/projects/ai/Trackey/trackey/research/EXTRACTED_HMDB51_FEATURES/turn_TheBoondockSaints_turn_u_nm_np1_fr_med_28.pt,turn,48
/data/dev/projects/ai/Trackey/trackey/research/EXTRACTED_HMDB51_FEATURES/turn_TheBoondockSaints_turn_u_nm_np1_fr_med_31.pt,turn,48
/data/dev/projects/ai/Trackey/trackey/research/EXTRACTED_HMDB51_FEATURES/turn_TheBoondockSaints_turn_u_nm_np1_le_med_72.pt,turn,48
/data/dev/projects/ai/Trackey/trackey/research/EXTRACTED_HMDB51_FEATURES/turn_TheLastManOnearth_turn_f_nm_np1_fr_med_44.pt,turn,48
/data/dev/projects/ai/Trackey/trackey/research/EXTRACTED_HMDB51_FEATURES/turn_TheLastManOnearth_turn_f_nm_np1_le_med_32.pt,turn,48
/data/dev/projects/ai/Trackey/trackey/research/EXTRACTED_HMDB51_FEATURES/turn_TheLastManOnearth_turn_u_cm_np1_fr_med_43.pt,turn,48
/data/dev/projects/ai/Trackey/trackey/research/EXTRACTED_HMDB51_FEATURES/turn_TheLastManOnearth_turn_u_nm_np1_le_med_11.pt,turn,48
/data/dev/projects/ai/Trackey/trackey/research/EXTRACTED_HMDB51_FEATURES/turn_TheLittleShopofHorrors_turn_h_nm_np1_fr_med_11.pt,turn,48
/data/dev/projects/ai/Trackey/trackey/research/EXTRACTED_HMDB51_FEATURES/turn_TheLittleShopofHorrors_turn_u_cm_np1_ba_med_2.pt,turn,48
/data/dev/projects/ai/Trackey/trackey/research/EXTRACTED_HMDB51_FEATURES/turn_ThePerfectScore_turn_u_nm_np1_ba_med_6.pt,turn,48
/data/dev/projects/ai/Trackey/trackey/research/EXTRACTED_HMDB51_FEATURES/turn_TheRoyalTenenbaums_turn_h_nm_np1_ba_goo_0.pt,turn,48
/data/dev/projects/ai/Trackey/trackey/research/EXTRACTED_HMDB51_FEATURES/turn_The_Departed_-_Part_1_turn_h_cm_np1_ri_goo_11.pt,turn,48
/data/dev/projects/ai/Trackey/trackey/research/EXTRACTED_HMDB51_FEATURES/turn_The_Departed_-_Part_2_turn_h_cm_np1_ri_med_6.pt,turn,48
/data/dev/projects/ai/Trackey/trackey/research/EXTRACTED_HMDB51_FEATURES/turn_The_Fugitive_2_turn_h_cm_np1_ba_med_14.pt,turn,48
/data/dev/projects/ai/Trackey/trackey/research/EXTRACTED_HMDB51_FEATURES/turn_The_Fugitive_2_turn_h_nm_np1_fr_goo_17.pt,turn,48
/data/dev/projects/ai/Trackey/trackey/research/EXTRACTED_HMDB51_FEATURES/turn_The_Fugitive_2_turn_h_nm_np1_fr_goo_7.pt,turn,48
/data/dev/projects/ai/Trackey/trackey/research/EXTRACTED_HMDB51_FEATURES/turn_The_Fugitive_2_turn_h_nm_np1_le_goo_3.pt,turn,48
/data/dev/projects/ai/Trackey/trackey/research/EXTRACTED_HMDB51_FEATURES/turn_The_Fugitive_2_turn_u_cm_np1_ba_med_11.pt,turn,48
/data/dev/projects/ai/Trackey/trackey/research/EXTRACTED_HMDB51_FEATURES/turn_The_Fugitive_2_turn_u_cm_np1_fr_med_10.pt,turn,48
/data/dev/projects/ai/Trackey/trackey/research/EXTRACTED_HMDB51_FEATURES/turn_The_Fugitive_2_turn_u_nm_np1_ba_goo_18.pt,turn,48
/data/dev/projects/ai/Trackey/trackey/research/EXTRACTED_HMDB51_FEATURES/turn_The_Fugitive_2_turn_u_nm_np1_ba_med_16.pt,turn,48
/data/dev/projects/ai/Trackey/trackey/research/EXTRACTED_HMDB51_FEATURES/turn_The_Fugitive_2_turn_u_nm_np1_ba_med_9.pt,turn,48
/data/dev/projects/ai/Trackey/trackey/research/EXTRACTED_HMDB51_FEATURES/turn_The_Fugitive_2_turn_u_nm_np1_fr_goo_19.pt,turn,48
/data/dev/projects/ai/Trackey/trackey/research/EXTRACTED_HMDB51_FEATURES/turn_The_Fugitive_2_turn_u_nm_np1_le_goo_0.pt,turn,48
/data/dev/projects/ai/Trackey/trackey/research/EXTRACTED_HMDB51_FEATURES/turn_The_Fugitive_2_turn_u_nm_np1_ri_med_4.pt,turn,48
/data/dev/projects/ai/Trackey/trackey/research/EXTRACTED_HMDB51_FEATURES/turn_The_Fugitive_4_turn_h_nm_np1_fr_goo_4.pt,turn,48
/data/dev/projects/ai/Trackey/trackey/research/EXTRACTED_HMDB51_FEATURES/turn_The_Fugitive_4_turn_u_cm_np1_fr_med_1.pt,turn,48
/data/dev/projects/ai/Trackey/trackey/research/EXTRACTED_HMDB51_FEATURES/turn_The_Fugitive_4_turn_u_cm_np1_fr_med_3.pt,turn,48
/data/dev/projects/ai/Trackey/trackey/research/EXTRACTED_HMDB51_FEATURES/turn_The_Fugitive_4_turn_u_cm_np1_le_med_2.pt,turn,48
/data/dev/projects/ai/Trackey/trackey/research/EXTRACTED_HMDB51_FEATURES/turn_The_Fugitive_5_turn_h_cm_np1_fr_goo_7.pt,turn,48
/data/dev/projects/ai/Trackey/trackey/research/EXTRACTED_HMDB51_FEATURES/turn_The_Fugitive_5_turn_u_nm_np1_ba_med_0.pt,turn,48
/data/dev/projects/ai/Trackey/trackey/research/EXTRACTED_HMDB51_FEATURES/turn_The_Fugitive_5_turn_u_nm_np1_ba_med_9.pt,turn,48
/data/dev/projects/ai/Trackey/trackey/research/EXTRACTED_HMDB51_FEATURES/turn_The_Fugitive_6_turn_h_cm_np1_fr_goo_1.pt,turn,48
/data/dev/projects/ai/Trackey/trackey/research/EXTRACTED_HMDB51_FEATURES/turn_The_Fugitive_6_turn_h_cm_np1_le_goo_2.pt,turn,48
/data/dev/projects/ai/Trackey/trackey/research/EXTRACTED_HMDB51_FEATURES/turn_The_Fugitive_6_turn_u_cm_np1_le_goo_8.pt,turn,48
/data/dev/projects/ai/Trackey/trackey/research/EXTRACTED_HMDB51_FEATURES/turn_The_Fugitive_6_turn_u_cm_np1_le_med_4.pt,turn,48
/data/dev/projects/ai/Trackey/trackey/research/EXTRACTED_HMDB51_FEATURES/turn_The_House_on_Haunted_Hill_turn_u_nm_np1_le_med_5.pt,turn,48
/data/dev/projects/ai/Trackey/trackey/research/EXTRACTED_HMDB51_FEATURES/turn_The_Matrix_2_turn_h_cm_np1_ri_goo_1.pt,turn,48
/data/dev/projects/ai/Trackey/trackey/research/EXTRACTED_HMDB51_FEATURES/turn_The_Matrix_5_turn_h_nm_np1_ba_goo_12.pt,turn,48
/data/dev/projects/ai/Trackey/trackey/research/EXTRACTED_HMDB51_FEATURES/turn_The_Matrix_5_turn_h_nm_np1_ba_goo_7.pt,turn,48
/data/dev/projects/ai/Trackey/trackey/research/EXTRACTED_HMDB51_FEATURES/turn_The_Matrix_Revolutions_4_turn_u_nm_np3_ba_med_0.pt,turn,48
/data/dev/projects/ai/Trackey/trackey/research/EXTRACTED_HMDB51_FEATURES/turn_ThreeStories_turn_u_cm_np1_fr_med_0.pt,turn,48
/data/dev/projects/ai/Trackey/trackey/research/EXTRACTED_HMDB51_FEATURES/turn_TrumanShow_turn_f_nm_np1_ri_med_10.pt,turn,48
/data/dev/projects/ai/Trackey/trackey/research/EXTRACTED_HMDB51_FEATURES/turn_TrumanShow_turn_u_nm_np1_ba_goo_16.pt,turn,48
/data/dev/projects/ai/Trackey/trackey/research/EXTRACTED_HMDB51_FEATURES/turn_TrumanShow_turn_u_nm_np1_ba_goo_20.pt,turn,48
/data/dev/projects/ai/Trackey/trackey/research/EXTRACTED_HMDB51_FEATURES/turn_Two_Towers_5_turn_h_cm_np1_fr_goo_3.pt,turn,48
/data/dev/projects/ai/Trackey/trackey/research/EXTRACTED_HMDB51_FEATURES/turn_Two_Towers_5_turn_u_nm_np1_ba_med_4.pt,turn,48
/data/dev/projects/ai/Trackey/trackey/research/EXTRACTED_HMDB51_FEATURES/turn_UNREPEATABLE_turn_f_nm_np1_le_med_1.pt,turn,48
/data/dev/projects/ai/Trackey/trackey/research/EXTRACTED_HMDB51_FEATURES/turn_UNREPEATABLE_turn_f_nm_np1_le_med_2.pt,turn,48
/data/dev/projects/ai/Trackey/trackey/research/EXTRACTED_HMDB51_FEATURES/turn_UNREPEATABLE_turn_f_nm_np1_ri_med_3.pt,turn,48
/data/dev/projects/ai/Trackey/trackey/research/EXTRACTED_HMDB51_FEATURES/turn_UNREPEATABLE_turn_u_nm_np1_ri_med_4.pt,turn,48
/data/dev/projects/ai/Trackey/trackey/research/EXTRACTED_HMDB51_FEATURES/turn_Veoh_Alpha_Dog_1_turn_f_nm_np1_ri_med_44.pt,turn,48
/data/dev/projects/ai/Trackey/trackey/research/EXTRACTED_HMDB51_FEATURES/turn_Veoh_Alpha_Dog_1_turn_h_nm_np1_le_goo_1.pt,turn,48
/data/dev/projects/ai/Trackey/trackey/research/EXTRACTED_HMDB51_FEATURES/turn_Veoh_Alpha_Dog_1_turn_u_cm_np1_fr_goo_3.pt,turn,48
/data/dev/projects/ai/Trackey/trackey/research/EXTRACTED_HMDB51_FEATURES/turn_Veoh_Alpha_Dog_1_turn_u_nm_np1_ba_med_2.pt,turn,48
/data/dev/projects/ai/Trackey/trackey/research/EXTRACTED_HMDB51_FEATURES/turn_Veoh_Alpha_Dog_1_turn_u_nm_np1_fr_med_26.pt,turn,48
/data/dev/projects/ai/Trackey/trackey/research/EXTRACTED_HMDB51_FEATURES/turn_Veoh_Alpha_Dog_1_turn_u_nm_np1_fr_med_60.pt,turn,48
/data/dev/projects/ai/Trackey/trackey/research/EXTRACTED_HMDB51_FEATURES/turn_Veoh_Alpha_Dog_1_turn_u_nm_np1_le_med_19.pt,turn,48
/data/dev/projects/ai/Trackey/trackey/research/EXTRACTED_HMDB51_FEATURES/turn_Veoh_Alpha_Dog_1_turn_u_nm_np1_ri_med_22.pt,turn,48
/data/dev/projects/ai/Trackey/trackey/research/EXTRACTED_HMDB51_FEATURES/turn_Veoh_Alpha_Dog_1_turn_u_nm_np2_ba_med_45.pt,turn,48
/data/dev/projects/ai/Trackey/trackey/research/EXTRACTED_HMDB51_FEATURES/turn_Veoh_Alpha_Dog_2_turn_h_nm_np1_ba_med_7.pt,turn,48
/data/dev/projects/ai/Trackey/trackey/research/EXTRACTED_HMDB51_FEATURES/turn_Veoh_Alpha_Dog_2_turn_h_nm_np1_le_med_14.pt,turn,48
/data/dev/projects/ai/Trackey/trackey/research/EXTRACTED_HMDB51_FEATURES/turn_Veoh_Alpha_Dog_2_turn_h_nm_np1_ri_goo_13.pt,turn,48
/data/dev/projects/ai/Trackey/trackey/research/EXTRACTED_HMDB51_FEATURES/turn_Veoh_Alpha_Dog_2_turn_u_nm_np1_fr_med_24.pt,turn,48
/data/dev/projects/ai/Trackey/trackey/research/EXTRACTED_HMDB51_FEATURES/turn_Veoh_Alpha_Dog_2_turn_u_nm_np1_le_med_1.pt,turn,48
/data/dev/projects/ai/Trackey/trackey/research/EXTRACTED_HMDB51_FEATURES/turn_Veoh_Alpha_Dog_2_turn_u_nm_np1_ri_med_2.pt,turn,48
/data/dev/projects/ai/Trackey/trackey/research/EXTRACTED_HMDB51_FEATURES/turn_Veoh_Alpha_Dog_2_turn_u_nm_np1_ri_med_20.pt,turn,48
/data/dev/projects/ai/Trackey/trackey/research/EXTRACTED_HMDB51_FEATURES/turn_Veoh_Alpha_Dog_2_turn_u_nm_np2_ri_med_18.pt,turn,48
/data/dev/projects/ai/Trackey/trackey/research/EXTRACTED_HMDB51_FEATURES/turn_WeddingCrashers_turn_h_nm_np1_ba_goo_17.pt,turn,48
/data/dev/projects/ai/Trackey/trackey/research/EXTRACTED_HMDB51_FEATURES/turn_WeddingCrashers_turn_h_nm_np1_fr_goo_10.pt,turn,48
/data/dev/projects/ai/Trackey/trackey/research/EXTRACTED_HMDB51_FEATURES/turn_WeddingCrashers_turn_h_nm_np1_fr_goo_13.pt,turn,48
/data/dev/projects/ai/Trackey/trackey/research/EXTRACTED_HMDB51_FEATURES/turn_WeddingCrashers_turn_h_nm_np1_fr_goo_18.pt,turn,48
/data/dev/projects/ai/Trackey/trackey/research/EXTRACTED_HMDB51_FEATURES/turn_WeddingCrashers_turn_h_nm_np1_fr_goo_21.pt,turn,48
/data/dev/projects/ai/Trackey/trackey/research/EXTRACTED_HMDB51_FEATURES/turn_WeddingCrashers_turn_h_nm_np1_fr_med_3.pt,turn,48
/data/dev/projects/ai/Trackey/trackey/research/EXTRACTED_HMDB51_FEATURES/turn_WeddingCrashers_turn_h_nm_np1_ri_med_2.pt,turn,48
/data/dev/projects/ai/Trackey/trackey/research/EXTRACTED_HMDB51_FEATURES/turn_WeddingCrashers_turn_u_cm_np1_ri_goo_11.pt,turn,48
/data/dev/projects/ai/Trackey/trackey/research/EXTRACTED_HMDB51_FEATURES/turn_WeddingCrashers_turn_u_cm_np1_ri_med_14.pt,turn,48
/data/dev/projects/ai/Trackey/trackey/research/EXTRACTED_HMDB51_FEATURES/turn_WeddingCrashers_turn_u_nm_np1_fr_med_9.pt,turn,48
/data/dev/projects/ai/Trackey/trackey/research/EXTRACTED_HMDB51_FEATURES/turn_WhatDreamsMayCome_turn_u_cm_np1_ba_med_2.pt,turn,48
/data/dev/projects/ai/Trackey/trackey/research/EXTRACTED_HMDB51_FEATURES/turn_americanthrift2_turn_u_cm_np1_fr_med_0.pt,turn,48
/data/dev/projects/ai/Trackey/trackey/research/EXTRACTED_HMDB51_FEATURES/turn_eddieizzardcircle_turn_f_nm_np1_le_med_1.pt,turn,48
/data/dev/projects/ai/Trackey/trackey/research/EXTRACTED_HMDB51_FEATURES/turn_eddieizzardcircle_turn_f_nm_np1_le_med_3.pt,turn,48
/data/dev/projects/ai/Trackey/trackey/research/EXTRACTED_HMDB51_FEATURES/turn_eddieizzardcircle_turn_f_nm_np1_ri_med_2.pt,turn,48
/data/dev/projects/ai/Trackey/trackey/research/EXTRACTED_HMDB51_FEATURES/turn_eddieizzardcircle_turn_f_nm_np1_ri_med_4.pt,turn,48
/data/dev/projects/ai/Trackey/trackey/research/EXTRACTED_HMDB51_FEATURES/turn_eddieizzardcircle_turn_f_nm_np1_ri_med_5.pt,turn,48
/data/dev/projects/ai/Trackey/trackey/research/EXTRACTED_HMDB51_FEATURES/turn_eddieizzardcircle_turn_f_nm_np1_ri_med_6.pt,turn,48
/data/dev/projects/ai/Trackey/trackey/research/EXTRACTED_HMDB51_FEATURES/turn_eddieizzardcircle_turn_u_cm_np1_le_med_7.pt,turn,48
/data/dev/projects/ai/Trackey/trackey/research/EXTRACTED_HMDB51_FEATURES/turn_happy_go_lovely_turn_u_nm_np1_ba_med_3.pt,turn,48
/data/dev/projects/ai/Trackey/trackey/research/EXTRACTED_HMDB51_FEATURES/turn_happy_go_lovely_turn_u_nm_np1_fr_med_1.pt,turn,48
/data/dev/projects/ai/Trackey/trackey/research/EXTRACTED_HMDB51_FEATURES/turn_happy_go_lovely_turn_u_nm_np1_fr_med_10.pt,turn,48
/data/dev/projects/ai/Trackey/trackey/research/EXTRACTED_HMDB51_FEATURES/turn_happy_go_lovely_turn_u_nm_np1_fr_med_12.pt,turn,48
/data/dev/projects/ai/Trackey/trackey/research/EXTRACTED_HMDB51_FEATURES/turn_likebeckam_turn_f_cm_np1_ba_med_41.pt,turn,48
/data/dev/projects/ai/Trackey/trackey/research/EXTRACTED_HMDB51_FEATURES/turn_likebeckam_turn_f_cm_np1_ba_med_44.pt,turn,48
/data/dev/projects/ai/Trackey/trackey/research/EXTRACTED_HMDB51_FEATURES/turn_likebeckam_turn_f_cm_np1_le_med_16.pt,turn,48
/data/dev/projects/ai/Trackey/trackey/research/EXTRACTED_HMDB51_FEATURES/turn_likebeckam_turn_f_cm_np1_ri_med_43.pt,turn,48
/data/dev/projects/ai/Trackey/trackey/research/EXTRACTED_HMDB51_FEATURES/turn_likebeckam_turn_f_nm_np1_fr_med_37.pt,turn,48
/data/dev/projects/ai/Trackey/trackey/research/EXTRACTED_HMDB51_FEATURES/turn_likebeckam_turn_f_nm_np1_fr_med_38.pt,turn,48
/data/dev/projects/ai/Trackey/trackey/research/EXTRACTED_HMDB51_FEATURES/turn_likebeckam_turn_f_nm_np1_fr_med_42.pt,turn,48
/data/dev/projects/ai/Trackey/trackey/research/EXTRACTED_HMDB51_FEATURES/turn_likebeckam_turn_u_cm_np1_ba_med_15.pt,turn,48
/data/dev/projects/ai/Trackey/trackey/research/EXTRACTED_HMDB51_FEATURES/turn_nameunknown256kb_turn_u_nm_np1_le_med_0.pt,turn,48
/data/dev/projects/ai/Trackey/trackey/research/EXTRACTED_HMDB51_FEATURES/turn_prelinger_LetsPlay1949_turn_u_nm_np1_ba_med_12.pt,turn,48
/data/dev/projects/ai/Trackey/trackey/research/EXTRACTED_HMDB51_FEATURES/turn_prideandprejudice1_turn_f_nm_np1_ba_med_1.pt,turn,48
/data/dev/projects/ai/Trackey/trackey/research/EXTRACTED_HMDB51_FEATURES/walk_20060723sfjffbitemebaby_walk_u_nm_np1_fr_med_0.pt,walk,49
/data/dev/projects/ai/Trackey/trackey/research/EXTRACTED_HMDB51_FEATURES/walk_20060723sfjffbumblebeesuitman_walk_u_cm_np2_fr_med_0.pt,walk,49
/data/dev/projects/ai/Trackey/trackey/research/EXTRACTED_HMDB51_FEATURES/walk_20060723sfjffcomeback_walk_u_cm_np1_ri_med_2.pt,walk,49
/data/dev/projects/ai/Trackey/trackey/research/EXTRACTED_HMDB51_FEATURES/walk_20060723sfjffcookies_walk_u_nm_np1_ba_med_1.pt,walk,49
/data/dev/projects/ai/Trackey/trackey/research/EXTRACTED_HMDB51_FEATURES/walk_20060723sfjffcookies_walk_u_nm_np1_fr_med_0.pt,walk,49
/data/dev/projects/ai/Trackey/trackey/research/EXTRACTED_HMDB51_FEATURES/walk_20060723sfjffjewcy_walk_f_cm_np1_ba_med_2.pt,walk,49
/data/dev/projects/ai/Trackey/trackey/research/EXTRACTED_HMDB51_FEATURES/walk_20060723sfjffjewcy_walk_f_nm_np1_fr_med_0.pt,walk,49
/data/dev/projects/ai/Trackey/trackey/research/EXTRACTED_HMDB51_FEATURES/walk_20060723sfjffjewcy_walk_f_nm_np1_fr_med_1.pt,walk,49
/data/dev/projects/ai/Trackey/trackey/research/EXTRACTED_HMDB51_FEATURES/walk_20060723sfjffjewgotmail_walk_f_cm_np2_ba_med_2.pt,walk,49
/data/dev/projects/ai/Trackey/trackey/research/EXTRACTED_HMDB51_FEATURES/walk_20060723sfjffjewgotmail_walk_f_nm_np1_fr_med_1.pt,walk,49
/data/dev/projects/ai/Trackey/trackey/research/EXTRACTED_HMDB51_FEATURES/walk_20060723sfjffkillerskiss_walk_f_cm_np1_fr_med_1.pt,walk,49
/data/dev/projects/ai/Trackey/trackey/research/EXTRACTED_HMDB51_FEATURES/walk_20060723sfjffmyspot_walk_f_nm_np1_ri_med_0.pt,walk,49
/data/dev/projects/ai/Trackey/trackey/research/EXTRACTED_HMDB51_FEATURES/walk_20060723sfjffprofessionalhelp_walk_u_nm_np2_le_med_0.pt,walk,49
/data/dev/projects/ai/Trackey/trackey/research/EXTRACTED_HMDB51_FEATURES/walk_20060723sfjffschmoozer_walk_f_cm_np1_ri_med_1.pt,walk,49
/data/dev/projects/ai/Trackey/trackey/research/EXTRACTED_HMDB51_FEATURES/walk_20060723sfjffschmoozer_walk_f_cm_np2_ri_med_0.pt,walk,49
/data/dev/projects/ai/Trackey/trackey/research/EXTRACTED_HMDB51_FEATURES/walk_20060723sfjffsomelikeitwarmed_walk_f_cm_np1_ba_med_0.pt,walk,49
/data/dev/projects/ai/Trackey/trackey/research/EXTRACTED_HMDB51_FEATURES/walk_20060723sfjffsomelikeitwarmed_walk_f_nm_np1_ba_med_4.pt,walk,49
/data/dev/projects/ai/Trackey/trackey/research/EXTRACTED_HMDB51_FEATURES/walk_20070723_sfjff_waitingforrescue_walk_f_nm_np1_ba_med_1.pt,walk,49
/data/dev/projects/ai/Trackey/trackey/research/EXTRACTED_HMDB51_FEATURES/walk_21_walk_h_cm_np1_fr_med_10.pt,walk,49
/data/dev/projects/ai/Trackey/trackey/research/EXTRACTED_HMDB51_FEATURES/walk_21_walk_u_cm_np1_fr_bad_3.pt,walk,49
/data/dev/projects/ai/Trackey/trackey/research/EXTRACTED_HMDB51_FEATURES/walk_21_walk_u_cm_np1_fr_med_0.pt,walk,49
/data/dev/projects/ai/Trackey/trackey/research/EXTRACTED_HMDB51_FEATURES/walk_21_walk_u_cm_np1_fr_med_11.pt,walk,49
/data/dev/projects/ai/Trackey/trackey/research/EXTRACTED_HMDB51_FEATURES/walk_21_walk_u_cm_np1_fr_med_15.pt,walk,49
/data/dev/projects/ai/Trackey/trackey/research/EXTRACTED_HMDB51_FEATURES/walk_21_walk_u_cm_np1_fr_med_7.pt,walk,49
/data/dev/projects/ai/Trackey/trackey/research/EXTRACTED_HMDB51_FEATURES/walk_21_walk_u_nm_np1_fr_med_1.pt,walk,49
/data/dev/projects/ai/Trackey/trackey/research/EXTRACTED_HMDB51_FEATURES/walk_50_FIRST_DATES_walk_f_cm_np1_fr_med_26.pt,walk,49
/data/dev/projects/ai/Trackey/trackey/research/EXTRACTED_HMDB51_FEATURES/walk_50_FIRST_DATES_walk_f_cm_np1_fr_med_7.pt,walk,49
/data/dev/projects/ai/Trackey/trackey/research/EXTRACTED_HMDB51_FEATURES/walk_50_FIRST_DATES_walk_f_cm_np1_le_med_10.pt,walk,49
/data/dev/projects/ai/Trackey/trackey/research/EXTRACTED_HMDB51_FEATURES/walk_50_FIRST_DATES_walk_f_cm_np1_le_med_13.pt,walk,49
/data/dev/projects/ai/Trackey/trackey/research/EXTRACTED_HMDB51_FEATURES/walk_50_FIRST_DATES_walk_f_cm_np1_le_med_28.pt,walk,49
/data/dev/projects/ai/Trackey/trackey/research/EXTRACTED_HMDB51_FEATURES/walk_50_FIRST_DATES_walk_f_cm_np1_le_med_33.pt,walk,49
/data/dev/projects/ai/Trackey/trackey/research/EXTRACTED_HMDB51_FEATURES/walk_50_FIRST_DATES_walk_f_cm_np1_ri_med_31.pt,walk,49
/data/dev/projects/ai/Trackey/trackey/research/EXTRACTED_HMDB51_FEATURES/walk_50_FIRST_DATES_walk_f_nm_np1_ri_med_5.pt,walk,49
/data/dev/projects/ai/Trackey/trackey/research/EXTRACTED_HMDB51_FEATURES/walk_50_FIRST_DATES_walk_u_cm_np1_le_med_2.pt,walk,49
/data/dev/projects/ai/Trackey/trackey/research/EXTRACTED_HMDB51_FEATURES/walk_50_FIRST_DATES_walk_u_nm_np1_ba_med_27.pt,walk,49
/data/dev/projects/ai/Trackey/trackey/research/EXTRACTED_HMDB51_FEATURES/walk_AMADEUS_walk_f_nm_np1_ba_med_9.pt,walk,49
/data/dev/projects/ai/Trackey/trackey/research/EXTRACTED_HMDB51_FEATURES/walk_AMADEUS_walk_f_nm_np1_fr_med_1.pt,walk,49
/data/dev/projects/ai/Trackey/trackey/research/EXTRACTED_HMDB51_FEATURES/walk_AMADEUS_walk_u_nm_np1_ba_bad_3.pt,walk,49
/data/dev/projects/ai/Trackey/trackey/research/EXTRACTED_HMDB51_FEATURES/walk_AMADEUS_walk_u_nm_np1_fr_med_0.pt,walk,49
/data/dev/projects/ai/Trackey/trackey/research/EXTRACTED_HMDB51_FEATURES/walk_AMADEUS_walk_u_nm_np1_le_med_12.pt,walk,49
/data/dev/projects/ai/Trackey/trackey/research/EXTRACTED_HMDB51_FEATURES/walk_A_Beautiful_Mind_2_walk_f_cm_np1_fr_med_7.pt,walk,49
/data/dev/projects/ai/Trackey/trackey/research/EXTRACTED_HMDB51_FEATURES/walk_A_Beautiful_Mind_2_walk_f_cm_np2_fr_bad_8.pt,walk,49
/data/dev/projects/ai/Trackey/trackey/research/EXTRACTED_HMDB51_FEATURES/walk_A_Beautiful_Mind_2_walk_f_cm_np2_fr_med_9.pt,walk,49
/data/dev/projects/ai/Trackey/trackey/research/EXTRACTED_HMDB51_FEATURES/walk_A_Beautiful_Mind_3_walk_f_cm_np2_fr_med_3.pt,walk,49
/data/dev/projects/ai/Trackey/trackey/research/EXTRACTED_HMDB51_FEATURES/walk_A_Beautiful_Mind_4_walk_u_cm_np3_fr_med_12.pt,walk,49
/data/dev/projects/ai/Trackey/trackey/research/EXTRACTED_HMDB51_FEATURES/walk_A_Beautiful_Mind_5_walk_f_cm_np1_ri_med_3.pt,walk,49
/data/dev/projects/ai/Trackey/trackey/research/EXTRACTED_HMDB51_FEATURES/walk_A_Beautiful_Mind_6_walk_f_cm_np1_ba_med_7.pt,walk,49
/data/dev/projects/ai/Trackey/trackey/research/EXTRACTED_HMDB51_FEATURES/walk_A_Beautiful_Mind_6_walk_u_cm_np1_fr_med_1.pt,walk,49
/data/dev/projects/ai/Trackey/trackey/research/EXTRACTED_HMDB51_FEATURES/walk_A_Beautiful_Mind_6_walk_u_cm_np2_fr_med_9.pt,walk,49
/data/dev/projects/ai/Trackey/trackey/research/EXTRACTED_HMDB51_FEATURES/walk_AboutABoy_walk_f_cm_np1_fr_med_4.pt,walk,49
/data/dev/projects/ai/Trackey/trackey/research/EXTRACTED_HMDB51_FEATURES/walk_AboutABoy_walk_f_nm_np1_fr_med_0.pt,walk,49
/data/dev/projects/ai/Trackey/trackey/research/EXTRACTED_HMDB51_FEATURES/walk_AboutABoy_walk_f_nm_np1_le_med_5.pt,walk,49
/data/dev/projects/ai/Trackey/trackey/research/EXTRACTED_HMDB51_FEATURES/walk_AboutABoy_walk_f_nm_np1_le_med_6.pt,walk,49
/data/dev/projects/ai/Trackey/trackey/research/EXTRACTED_HMDB51_FEATURES/walk_Age13_2_walk_f_cm_np1_fr_med_0.pt,walk,49
/data/dev/projects/ai/Trackey/trackey/research/EXTRACTED_HMDB51_FEATURES/walk_AgentCodyBanks_walk_f_nm_np1_fr_med_17.pt,walk,49
/data/dev/projects/ai/Trackey/trackey/research/EXTRACTED_HMDB51_FEATURES/walk_AgentCodyBanks_walk_f_nm_np1_ri_med_16.pt,walk,49
/data/dev/projects/ai/Trackey/trackey/research/EXTRACTED_HMDB51_FEATURES/walk_AgentCodyBanks_walk_u_cm_np1_fr_med_10.pt,walk,49
/data/dev/projects/ai/Trackey/trackey/research/EXTRACTED_HMDB51_FEATURES/walk_AgentCodyBanks_walk_u_nm_np1_ba_med_0.pt,walk,49
/data/dev/projects/ai/Trackey/trackey/research/EXTRACTED_HMDB51_FEATURES/walk_AgriculturalAviation_walk_f_nm_np1_le_med_0.pt,walk,49
/data/dev/projects/ai/Trackey/trackey/research/EXTRACTED_HMDB51_FEATURES/walk_AgriculturalAviation_walk_f_nm_np1_le_med_1.pt,walk,49
/data/dev/projects/ai/Trackey/trackey/research/EXTRACTED_HMDB51_FEATURES/walk_AllThePresidentMen_walk_u_nm_np1_le_med_0.pt,walk,49
/data/dev/projects/ai/Trackey/trackey/research/EXTRACTED_HMDB51_FEATURES/walk_AmericanGangster_walk_f_cm_np1_fr_bad_9.pt,walk,49
/data/dev/projects/ai/Trackey/trackey/research/EXTRACTED_HMDB51_FEATURES/walk_AmericanGangster_walk_f_cm_np1_fr_med_1.pt,walk,49
/data/dev/projects/ai/Trackey/trackey/research/EXTRACTED_HMDB51_FEATURES/walk_AmericanGangster_walk_f_cm_np1_fr_med_58.pt,walk,49
/data/dev/projects/ai/Trackey/trackey/research/EXTRACTED_HMDB51_FEATURES/walk_AmericanGangster_walk_f_cm_np1_le_bad_8.pt,walk,49
/data/dev/projects/ai/Trackey/trackey/research/EXTRACTED_HMDB51_FEATURES/walk_AmericanGangster_walk_f_cm_np1_le_med_23.pt,walk,49
/data/dev/projects/ai/Trackey/trackey/research/EXTRACTED_HMDB51_FEATURES/walk_AmericanGangster_walk_f_cm_np1_ri_bad_54.pt,walk,49
/data/dev/projects/ai/Trackey/trackey/research/EXTRACTED_HMDB51_FEATURES/walk_AmericanGangster_walk_f_cm_np1_ri_med_50.pt,walk,49
/data/dev/projects/ai/Trackey/trackey/research/EXTRACTED_HMDB51_FEATURES/walk_AmericanGangster_walk_f_nm_np1_ba_med_30.pt,walk,49
/data/dev/projects/ai/Trackey/trackey/research/EXTRACTED_HMDB51_FEATURES/walk_AmericanGangster_walk_f_nm_np1_ba_med_72.pt,walk,49
/data/dev/projects/ai/Trackey/trackey/research/EXTRACTED_HMDB51_FEATURES/walk_AmericanGangster_walk_f_nm_np1_fr_bad_41.pt,walk,49
/data/dev/projects/ai/Trackey/trackey/research/EXTRACTED_HMDB51_FEATURES/walk_AmericanGangster_walk_f_nm_np1_fr_med_2.pt,walk,49
/data/dev/projects/ai/Trackey/trackey/research/EXTRACTED_HMDB51_FEATURES/walk_AmericanGangster_walk_f_nm_np1_fr_med_32.pt,walk,49
/data/dev/projects/ai/Trackey/trackey/research/EXTRACTED_HMDB51_FEATURES/walk_AmericanGangster_walk_f_nm_np1_fr_med_38.pt,walk,49
/data/dev/projects/ai/Trackey/trackey/research/EXTRACTED_HMDB51_FEATURES/walk_AmericanGangster_walk_f_nm_np1_fr_med_45.pt,walk,49
/data/dev/projects/ai/Trackey/trackey/research/EXTRACTED_HMDB51_FEATURES/walk_AmericanGangster_walk_f_nm_np1_fr_med_5.pt,walk,49
/data/dev/projects/ai/Trackey/trackey/research/EXTRACTED_HMDB51_FEATURES/walk_AmericanGangster_walk_f_nm_np1_fr_med_6.pt,walk,49
/data/dev/projects/ai/Trackey/trackey/research/EXTRACTED_HMDB51_FEATURES/walk_AmericanGangster_walk_f_nm_np1_fr_med_71.pt,walk,49
/data/dev/projects/ai/Trackey/trackey/research/EXTRACTED_HMDB51_FEATURES/walk_AmericanGangster_walk_f_nm_np1_fr_med_73.pt,walk,49
/data/dev/projects/ai/Trackey/trackey/research/EXTRACTED_HMDB51_FEATURES/walk_AmericanGangster_walk_f_nm_np1_ri_med_14.pt,walk,49
/data/dev/projects/ai/Trackey/trackey/research/EXTRACTED_HMDB51_FEATURES/walk_AmericanGangster_walk_u_cm_np1_ba_med_20.pt,walk,49
/data/dev/projects/ai/Trackey/trackey/research/EXTRACTED_HMDB51_FEATURES/walk_AmericanGangster_walk_u_cm_np1_ba_med_37.pt,walk,49
/data/dev/projects/ai/Trackey/trackey/research/EXTRACTED_HMDB51_FEATURES/walk_AmericanGangster_walk_u_cm_np1_le_bad_48.pt,walk,49
/data/dev/projects/ai/Trackey/trackey/research/EXTRACTED_HMDB51_FEATURES/walk_AmericanGangster_walk_u_cm_np1_le_med_21.pt,walk,49
/data/dev/projects/ai/Trackey/trackey/research/EXTRACTED_HMDB51_FEATURES/walk_AmericanGangster_walk_u_cm_np1_ri_med_24.pt,walk,49
/data/dev/projects/ai/Trackey/trackey/research/EXTRACTED_HMDB51_FEATURES/walk_AmericanGangster_walk_u_cm_np1_ri_med_42.pt,walk,49
/data/dev/projects/ai/Trackey/trackey/research/EXTRACTED_HMDB51_FEATURES/walk_AmericanGangster_walk_u_cm_np1_ri_med_49.pt,walk,49
/data/dev/projects/ai/Trackey/trackey/research/EXTRACTED_HMDB51_FEATURES/walk_AmericanGangster_walk_u_nm_np1_ba_med_56.pt,walk,49
/data/dev/projects/ai/Trackey/trackey/research/EXTRACTED_HMDB51_FEATURES/walk_AmericanGangster_walk_u_nm_np1_fr_med_15.pt,walk,49
/data/dev/projects/ai/Trackey/trackey/research/EXTRACTED_HMDB51_FEATURES/walk_AmericanGangster_walk_u_nm_np1_fr_med_31.pt,walk,49
/data/dev/projects/ai/Trackey/trackey/research/EXTRACTED_HMDB51_FEATURES/walk_American_History_X_walk_f_cm_np1_ri_med_12.pt,walk,49
/data/dev/projects/ai/Trackey/trackey/research/EXTRACTED_HMDB51_FEATURES/walk_American_History_X_walk_f_cm_np1_ri_med_48.pt,walk,49
/data/dev/projects/ai/Trackey/trackey/research/EXTRACTED_HMDB51_FEATURES/walk_American_History_X_walk_f_nm_np1_ba_med_13.pt,walk,49
/data/dev/projects/ai/Trackey/trackey/research/EXTRACTED_HMDB51_FEATURES/walk_BATMAN_BEGINS_walk_f_cm_np1_ba_med_1.pt,walk,49
/data/dev/projects/ai/Trackey/trackey/research/EXTRACTED_HMDB51_FEATURES/walk_BATMAN_BEGINS_walk_f_cm_np1_fr_med_16.pt,walk,49
/data/dev/projects/ai/Trackey/trackey/research/EXTRACTED_HMDB51_FEATURES/walk_BATMAN_BEGINS_walk_f_cm_np1_fr_med_4.pt,walk,49
/data/dev/projects/ai/Trackey/trackey/research/EXTRACTED_HMDB51_FEATURES/walk_BIG_FISH_walk_f_cm_np1_fr_med_32.pt,walk,49
/data/dev/projects/ai/Trackey/trackey/research/EXTRACTED_HMDB51_FEATURES/walk_BIG_FISH_walk_f_nm_np1_ba_med_12.pt,walk,49
/data/dev/projects/ai/Trackey/trackey/research/EXTRACTED_HMDB51_FEATURES/walk_BIG_FISH_walk_f_nm_np1_ba_med_18.pt,walk,49
/data/dev/projects/ai/Trackey/trackey/research/EXTRACTED_HMDB51_FEATURES/walk_BIG_FISH_walk_f_nm_np1_ba_med_8.pt,walk,49
/data/dev/projects/ai/Trackey/trackey/research/EXTRACTED_HMDB51_FEATURES/walk_BIG_FISH_walk_f_nm_np1_fr_bad_20.pt,walk,49
/data/dev/projects/ai/Trackey/trackey/research/EXTRACTED_HMDB51_FEATURES/walk_BIG_FISH_walk_f_nm_np1_fr_med_13.pt,walk,49
/data/dev/projects/ai/Trackey/trackey/research/EXTRACTED_HMDB51_FEATURES/walk_BIG_FISH_walk_f_nm_np1_fr_med_2.pt,walk,49
/data/dev/projects/ai/Trackey/trackey/research/EXTRACTED_HMDB51_FEATURES/walk_BIG_FISH_walk_f_nm_np1_fr_med_23.pt,walk,49
/data/dev/projects/ai/Trackey/trackey/research/EXTRACTED_HMDB51_FEATURES/walk_BIG_FISH_walk_f_nm_np1_fr_med_29.pt,walk,49
/data/dev/projects/ai/Trackey/trackey/research/EXTRACTED_HMDB51_FEATURES/walk_BIG_FISH_walk_f_nm_np1_ri_bad_0.pt,walk,49
/data/dev/projects/ai/Trackey/trackey/research/EXTRACTED_HMDB51_FEATURES/walk_BIG_FISH_walk_f_nm_np1_ri_med_31.pt,walk,49
/data/dev/projects/ai/Trackey/trackey/research/EXTRACTED_HMDB51_FEATURES/walk_BIG_FISH_walk_u_cm_np1_fr_med_3.pt,walk,49
/data/dev/projects/ai/Trackey/trackey/research/EXTRACTED_HMDB51_FEATURES/walk_BLACK_HAWK_DOWN_walk_f_cm_np1_fr_med_23.pt,walk,49
/data/dev/projects/ai/Trackey/trackey/research/EXTRACTED_HMDB51_FEATURES/walk_BLACK_HAWK_DOWN_walk_f_cm_np1_ri_med_20.pt,walk,49
/data/dev/projects/ai/Trackey/trackey/research/EXTRACTED_HMDB51_FEATURES/walk_BLACK_HAWK_DOWN_walk_f_nm_np1_le_med_7.pt,walk,49
/data/dev/projects/ai/Trackey/trackey/research/EXTRACTED_HMDB51_FEATURES/walk_BLACK_HAWK_DOWN_walk_u_cm_np1_le_med_3.pt,walk,49
/data/dev/projects/ai/Trackey/trackey/research/EXTRACTED_HMDB51_FEATURES/walk_BRIDGETOTERABITHIA_walk_f_nm_np1_le_med_2.pt,walk,49
/data/dev/projects/ai/Trackey/trackey/research/EXTRACTED_HMDB51_FEATURES/walk_BRIDGETOTERABITHIA_walk_u_nm_np1_fr_med_5.pt,walk,49
/data/dev/projects/ai/Trackey/trackey/research/EXTRACTED_HMDB51_FEATURES/walk_BeforeNightFalls_walk_f_cm_np1_le_med_2.pt,walk,49
/data/dev/projects/ai/Trackey/trackey/research/EXTRACTED_HMDB51_FEATURES/walk_BuddhaPainter_walk_u_cm_np1_ba_bad_0.pt,walk,49
/data/dev/projects/ai/Trackey/trackey/research/EXTRACTED_HMDB51_FEATURES/walk_CasinoRoyale_walk_f_nm_np1_ba_bad_5.pt,walk,49
/data/dev/projects/ai/Trackey/trackey/research/EXTRACTED_HMDB51_FEATURES/walk_CasinoRoyale_walk_u_nm_np1_ba_med_2.pt,walk,49
/data/dev/projects/ai/Trackey/trackey/research/EXTRACTED_HMDB51_FEATURES/walk_CasinoRoyale_walk_u_nm_np1_fr_bad_4.pt,walk,49
/data/dev/projects/ai/Trackey/trackey/research/EXTRACTED_HMDB51_FEATURES/walk_CasinoRoyale_walk_u_nm_np1_le_med_3.pt,walk,49
/data/dev/projects/ai/Trackey/trackey/research/EXTRACTED_HMDB51_FEATURES/walk_CastAway1_walk_f_cm_np1_ba_med_0.pt,walk,49
/data/dev/projects/ai/Trackey/trackey/research/EXTRACTED_HMDB51_FEATURES/walk_CastAway1_walk_f_cm_np1_ba_med_1.pt,walk,49
/data/dev/projects/ai/Trackey/trackey/research/EXTRACTED_HMDB51_FEATURES/walk_CastAway1_walk_f_cm_np1_ba_med_18.pt,walk,49
/data/dev/projects/ai/Trackey/trackey/research/EXTRACTED_HMDB51_FEATURES/walk_CastAway1_walk_f_cm_np1_ri_med_13.pt,walk,49
/data/dev/projects/ai/Trackey/trackey/research/EXTRACTED_HMDB51_FEATURES/walk_CastAway1_walk_f_nm_np1_ba_bad_9.pt,walk,49
/data/dev/projects/ai/Trackey/trackey/research/EXTRACTED_HMDB51_FEATURES/walk_CastAway1_walk_f_nm_np1_ba_med_19.pt,walk,49
/data/dev/projects/ai/Trackey/trackey/research/EXTRACTED_HMDB51_FEATURES/walk_CastAway1_walk_f_nm_np1_ba_med_21.pt,walk,49
/data/dev/projects/ai/Trackey/trackey/research/EXTRACTED_HMDB51_FEATURES/walk_CastAway1_walk_f_nm_np1_fr_med_10.pt,walk,49
/data/dev/projects/ai/Trackey/trackey/research/EXTRACTED_HMDB51_FEATURES/walk_CastAway1_walk_f_nm_np1_fr_med_12.pt,walk,49
/data/dev/projects/ai/Trackey/trackey/research/EXTRACTED_HMDB51_FEATURES/walk_CastAway2_walk_f_cm_np1_ba_med_5.pt,walk,49
/data/dev/projects/ai/Trackey/trackey/research/EXTRACTED_HMDB51_FEATURES/walk_CastAway2_walk_f_cm_np1_fr_med_3.pt,walk,49
/data/dev/projects/ai/Trackey/trackey/research/EXTRACTED_HMDB51_FEATURES/walk_CastAway2_walk_f_cm_np1_fr_med_4.pt,walk,49
/data/dev/projects/ai/Trackey/trackey/research/EXTRACTED_HMDB51_FEATURES/walk_CastAway2_walk_u_cm_np1_ri_med_7.pt,walk,49
/data/dev/projects/ai/Trackey/trackey/research/EXTRACTED_HMDB51_FEATURES/walk_Catch_Me_If_You_Can_walk_f_cm_np1_fr_bad_10.pt,walk,49
/data/dev/projects/ai/Trackey/trackey/research/EXTRACTED_HMDB51_FEATURES/walk_Catch_Me_If_You_Can_walk_f_cm_np1_fr_med_3.pt,walk,49
/data/dev/projects/ai/Trackey/trackey/research/EXTRACTED_HMDB51_FEATURES/walk_Catch_Me_If_You_Can_walk_f_cm_np1_fr_med_4.pt,walk,49
/data/dev/projects/ai/Trackey/trackey/research/EXTRACTED_HMDB51_FEATURES/walk_Catch_Me_If_You_Can_walk_f_cm_np1_fr_med_7.pt,walk,49
/data/dev/projects/ai/Trackey/trackey/research/EXTRACTED_HMDB51_FEATURES/walk_Catch_Me_If_You_Can_walk_u_cm_np1_fr_med_1.pt,walk,49
/data/dev/projects/ai/Trackey/trackey/research/EXTRACTED_HMDB51_FEATURES/walk_Catch_Me_If_You_Can_walk_u_cm_np1_fr_med_2.pt,walk,49
/data/dev/projects/ai/Trackey/trackey/research/EXTRACTED_HMDB51_FEATURES/walk_CharlieAndTheChocolateFactory_walk_f_cm_np1_fr_med_13.pt,walk,49
/data/dev/projects/ai/Trackey/trackey/research/EXTRACTED_HMDB51_FEATURES/walk_CharlieAndTheChocolateFactory_walk_f_cm_np1_fr_med_14.pt,walk,49
/data/dev/projects/ai/Trackey/trackey/research/EXTRACTED_HMDB51_FEATURES/walk_CharlieAndTheChocolateFactory_walk_f_cm_np1_fr_med_9.pt,walk,49
/data/dev/projects/ai/Trackey/trackey/research/EXTRACTED_HMDB51_FEATURES/walk_CharlieAndTheChocolateFactory_walk_f_nm_np1_fr_med_20.pt,walk,49
/data/dev/projects/ai/Trackey/trackey/research/EXTRACTED_HMDB51_FEATURES/walk_CharlieAndTheChocolateFactory_walk_f_nm_np1_le_med_27.pt,walk,49
/data/dev/projects/ai/Trackey/trackey/research/EXTRACTED_HMDB51_FEATURES/walk_Crash_walk_f_cm_np1_le_med_2.pt,walk,49
/data/dev/projects/ai/Trackey/trackey/research/EXTRACTED_HMDB51_FEATURES/walk_Crash_walk_f_cm_np1_le_med_7.pt,walk,49
/data/dev/projects/ai/Trackey/trackey/research/EXTRACTED_HMDB51_FEATURES/walk_Crash_walk_f_cm_np1_ri_med_0.pt,walk,49
/data/dev/projects/ai/Trackey/trackey/research/EXTRACTED_HMDB51_FEATURES/walk_Crash_walk_f_nm_np1_ba_med_14.pt,walk,49
/data/dev/projects/ai/Trackey/trackey/research/EXTRACTED_HMDB51_FEATURES/walk_Crash_walk_f_nm_np1_fr_bad_24.pt,walk,49
/data/dev/projects/ai/Trackey/trackey/research/EXTRACTED_HMDB51_FEATURES/walk_Crash_walk_f_nm_np1_fr_med_29.pt,walk,49
/data/dev/projects/ai/Trackey/trackey/research/EXTRACTED_HMDB51_FEATURES/walk_Crash_walk_u_cm_np1_ba_med_4.pt,walk,49
/data/dev/projects/ai/Trackey/trackey/research/EXTRACTED_HMDB51_FEATURES/walk_Crash_walk_u_nm_np1_ba_med_3.pt,walk,49
/data/dev/projects/ai/Trackey/trackey/research/EXTRACTED_HMDB51_FEATURES/walk_Crash_walk_u_nm_np1_fr_bad_9.pt,walk,49
/data/dev/projects/ai/Trackey/trackey/research/EXTRACTED_HMDB51_FEATURES/walk_DONNIE_DARKO_walk_f_nm_np1_fr_med_5.pt,walk,49
/data/dev/projects/ai/Trackey/trackey/research/EXTRACTED_HMDB51_FEATURES/walk_EVOLUTION_walk_f_cm_np1_ba_med_12.pt,walk,49
/data/dev/projects/ai/Trackey/trackey/research/EXTRACTED_HMDB51_FEATURES/walk_EVOLUTION_walk_f_cm_np1_fr_med_23.pt,walk,49
/data/dev/projects/ai/Trackey/trackey/research/EXTRACTED_HMDB51_FEATURES/walk_EVOLUTION_walk_f_cm_np1_le_med_14.pt,walk,49
/data/dev/projects/ai/Trackey/trackey/research/EXTRACTED_HMDB51_FEATURES/walk_EVOLUTION_walk_f_nm_np1_fr_bad_13.pt,walk,49
/data/dev/projects/ai/Trackey/trackey/research/EXTRACTED_HMDB51_FEATURES/walk_EVOLUTION_walk_f_nm_np1_fr_med_24.pt,walk,49
/data/dev/projects/ai/Trackey/trackey/research/EXTRACTED_HMDB51_FEATURES/walk_EVOLUTION_walk_f_nm_np1_ri_med_19.pt,walk,49
/data/dev/projects/ai/Trackey/trackey/research/EXTRACTED_HMDB51_FEATURES/walk_Eurotrip_walk_f_nm_np1_fr_med_5.pt,walk,49
/data/dev/projects/ai/Trackey/trackey/research/EXTRACTED_HMDB51_FEATURES/walk_Eurotrip_walk_f_nm_np1_fr_med_8.pt,walk,49
/data/dev/projects/ai/Trackey/trackey/research/EXTRACTED_HMDB51_FEATURES/walk_Eurotrip_walk_u_cm_np1_fr_med_6.pt,walk,49
/data/dev/projects/ai/Trackey/trackey/research/EXTRACTED_HMDB51_FEATURES/walk_EverythingisIlluminated_walk_f_nm_np1_fr_med_1.pt,walk,49
/data/dev/projects/ai/Trackey/trackey/research/EXTRACTED_HMDB51_FEATURES/walk_EverythingisIlluminated_walk_f_nm_np1_le_med_0.pt,walk,49
/data/dev/projects/ai/Trackey/trackey/research/EXTRACTED_HMDB51_FEATURES/walk_Fellowship_2_walk_f_nm_np2_ri_bad_2.pt,walk,49
/data/dev/projects/ai/Trackey/trackey/research/EXTRACTED_HMDB51_FEATURES/walk_Fellowship_2_walk_u_nm_np2_fr_bad_3.pt,walk,49
/data/dev/projects/ai/Trackey/trackey/research/EXTRACTED_HMDB51_FEATURES/walk_Fellowship_6_walk_f_cm_np1_fr_med_11.pt,walk,49
/data/dev/projects/ai/Trackey/trackey/research/EXTRACTED_HMDB51_FEATURES/walk_Finding_Forrester_1_walk_f_nm_np1_ba_med_5.pt,walk,49
/data/dev/projects/ai/Trackey/trackey/research/EXTRACTED_HMDB51_FEATURES/walk_Finding_Forrester_1_walk_f_nm_np1_ba_med_6.pt,walk,49
/data/dev/projects/ai/Trackey/trackey/research/EXTRACTED_HMDB51_FEATURES/walk_Finding_Forrester_1_walk_f_nm_np1_fr_bad_1.pt,walk,49
/data/dev/projects/ai/Trackey/trackey/research/EXTRACTED_HMDB51_FEATURES/walk_Finding_Forrester_1_walk_u_cm_np1_fr_med_2.pt,walk,49
/data/dev/projects/ai/Trackey/trackey/research/EXTRACTED_HMDB51_FEATURES/walk_Glory_walk_f_cm_np3_fr_med_2.pt,walk,49
/data/dev/projects/ai/Trackey/trackey/research/EXTRACTED_HMDB51_FEATURES/walk_Glory_walk_f_nm_np1_fr_med_9.pt,walk,49
/data/dev/projects/ai/Trackey/trackey/research/EXTRACTED_HMDB51_FEATURES/walk_Gossip1953256kb_walk_f_cm_np1_fr_med_1.pt,walk,49
/data/dev/projects/ai/Trackey/trackey/research/EXTRACTED_HMDB51_FEATURES/walk_HP_PRISONER_OF_AZKABAN_walk_f_cm_np1_ba_bad_29.pt,walk,49
/data/dev/projects/ai/Trackey/trackey/research/EXTRACTED_HMDB51_FEATURES/walk_HP_PRISONER_OF_AZKABAN_walk_f_cm_np1_ba_med_23.pt,walk,49
/data/dev/projects/ai/Trackey/trackey/research/EXTRACTED_HMDB51_FEATURES/walk_HP_PRISONER_OF_AZKABAN_walk_f_cm_np1_ri_med_17.pt,walk,49
/data/dev/projects/ai/Trackey/trackey/research/EXTRACTED_HMDB51_FEATURES/walk_HP_PRISONER_OF_AZKABAN_walk_f_cm_np1_ri_med_2.pt,walk,49
/data/dev/projects/ai/Trackey/trackey/research/EXTRACTED_HMDB51_FEATURES/walk_HP_PRISONER_OF_AZKABAN_walk_f_nm_np1_ba_goo_6.pt,walk,49
/data/dev/projects/ai/Trackey/trackey/research/EXTRACTED_HMDB51_FEATURES/walk_HP_PRISONER_OF_AZKABAN_walk_f_nm_np1_fr_med_7.pt,walk,49
/data/dev/projects/ai/Trackey/trackey/research/EXTRACTED_HMDB51_FEATURES/walk_Hitch_Part_1_walk_u_cm_np1_fr_goo_2.pt,walk,49
/data/dev/projects/ai/Trackey/trackey/research/EXTRACTED_HMDB51_FEATURES/walk_Hitch_Part_1_walk_u_cm_np1_fr_goo_3.pt,walk,49
/data/dev/projects/ai/Trackey/trackey/research/EXTRACTED_HMDB51_FEATURES/walk_Hitch_Part_1_walk_u_cm_np1_fr_med_0.pt,walk,49
/data/dev/projects/ai/Trackey/trackey/research/EXTRACTED_HMDB51_FEATURES/walk_Hitch_Part_1_walk_u_cm_np1_le_med_4.pt,walk,49
/data/dev/projects/ai/Trackey/trackey/research/EXTRACTED_HMDB51_FEATURES/walk_Hitch_Part_1_walk_u_nm_np1_fr_med_7.pt,walk,49
/data/dev/projects/ai/Trackey/trackey/research/EXTRACTED_HMDB51_FEATURES/walk_Hitch_Part_2_walk_f_nm_np1_fr_med_6.pt,walk,49
/data/dev/projects/ai/Trackey/trackey/research/EXTRACTED_HMDB51_FEATURES/walk_Hitch_Part_2_walk_h_cm_np1_fr_med_3.pt,walk,49
/data/dev/projects/ai/Trackey/trackey/research/EXTRACTED_HMDB51_FEATURES/walk_Hitch_Part_2_walk_u_cm_np1_fr_med_1.pt,walk,49
/data/dev/projects/ai/Trackey/trackey/research/EXTRACTED_HMDB51_FEATURES/walk_Hitch_Part_2_walk_u_cm_np1_fr_med_10.pt,walk,49
/data/dev/projects/ai/Trackey/trackey/research/EXTRACTED_HMDB51_FEATURES/walk_IamLegend_walk_f_cm_np1_le_med_0.pt,walk,49
/data/dev/projects/ai/Trackey/trackey/research/EXTRACTED_HMDB51_FEATURES/walk_IamLegend_walk_f_nm_np1_ba_med_4.pt,walk,49
/data/dev/projects/ai/Trackey/trackey/research/EXTRACTED_HMDB51_FEATURES/walk_IamLegend_walk_f_nm_np1_ba_med_9.pt,walk,49
/data/dev/projects/ai/Trackey/trackey/research/EXTRACTED_HMDB51_FEATURES/walk_IamLegend_walk_f_nm_np1_fr_med_10.pt,walk,49
/data/dev/projects/ai/Trackey/trackey/research/EXTRACTED_HMDB51_FEATURES/walk_IamLegend_walk_f_nm_np1_fr_med_16.pt,walk,49
/data/dev/projects/ai/Trackey/trackey/research/EXTRACTED_HMDB51_FEATURES/walk_IamLegend_walk_f_nm_np1_fr_med_17.pt,walk,49
/data/dev/projects/ai/Trackey/trackey/research/EXTRACTED_HMDB51_FEATURES/walk_IamLegend_walk_f_nm_np1_ri_bad_8.pt,walk,49
/data/dev/projects/ai/Trackey/trackey/research/EXTRACTED_HMDB51_FEATURES/walk_IamLegend_walk_f_nm_np1_ri_med_7.pt,walk,49
/data/dev/projects/ai/Trackey/trackey/research/EXTRACTED_HMDB51_FEATURES/walk_IamLegend_walk_l_nm_np1_ba_med_5.pt,walk,49
/data/dev/projects/ai/Trackey/trackey/research/EXTRACTED_HMDB51_FEATURES/walk_Juno_walk_f_cm_np1_fr_med_8.pt,walk,49
/data/dev/projects/ai/Trackey/trackey/research/EXTRACTED_HMDB51_FEATURES/walk_Juno_walk_f_nm_np1_fr_med_1.pt,walk,49
/data/dev/projects/ai/Trackey/trackey/research/EXTRACTED_HMDB51_FEATURES/walk_KUNG_FU_HUSTLE_walk_f_cm_np1_fr_med_39.pt,walk,49
/data/dev/projects/ai/Trackey/trackey/research/EXTRACTED_HMDB51_FEATURES/walk_KUNG_FU_HUSTLE_walk_f_cm_np1_fr_med_42.pt,walk,49
/data/dev/projects/ai/Trackey/trackey/research/EXTRACTED_HMDB51_FEATURES/walk_KUNG_FU_HUSTLE_walk_f_cm_np1_le_med_6.pt,walk,49
/data/dev/projects/ai/Trackey/trackey/research/EXTRACTED_HMDB51_FEATURES/walk_KUNG_FU_HUSTLE_walk_f_nm_np1_le_med_29.pt,walk,49
/data/dev/projects/ai/Trackey/trackey/research/EXTRACTED_HMDB51_FEATURES/walk_LONGESTYARD_walk_f_cm_np1_le_med_10.pt,walk,49
/data/dev/projects/ai/Trackey/trackey/research/EXTRACTED_HMDB51_FEATURES/walk_LONGESTYARD_walk_f_cm_np1_ri_med_7.pt,walk,49
/data/dev/projects/ai/Trackey/trackey/research/EXTRACTED_HMDB51_FEATURES/walk_LONGESTYARD_walk_f_nm_np1_fr_med_6.pt,walk,49
/data/dev/projects/ai/Trackey/trackey/research/EXTRACTED_HMDB51_FEATURES/walk_LittleChildren_walk_f_cm_np1_fr_med_3.pt,walk,49
/data/dev/projects/ai/Trackey/trackey/research/EXTRACTED_HMDB51_FEATURES/walk_LivefreeorDieHard_walk_u_cm_np1_ba_med_0.pt,walk,49
/data/dev/projects/ai/Trackey/trackey/research/EXTRACTED_HMDB51_FEATURES/walk_LivefreeorDieHard_walk_u_cm_np1_fr_med_6.pt,walk,49
/data/dev/projects/ai/Trackey/trackey/research/EXTRACTED_HMDB51_FEATURES/walk_Man_Who_Cheated_Himself_512kb_walk_f_cm_np1_ba_med_15.pt,walk,49
/data/dev/projects/ai/Trackey/trackey/research/EXTRACTED_HMDB51_FEATURES/walk_Man_Who_Cheated_Himself_512kb_walk_f_cm_np1_fr_med_13.pt,walk,49
/data/dev/projects/ai/Trackey/trackey/research/EXTRACTED_HMDB51_FEATURES/walk_Man_Who_Cheated_Himself_512kb_walk_f_nm_np1_fr_bad_14.pt,walk,49
/data/dev/projects/ai/Trackey/trackey/research/EXTRACTED_HMDB51_FEATURES/walk_Man_Who_Cheated_Himself_512kb_walk_u_cm_np1_ri_med_2.pt,walk,49
/data/dev/projects/ai/Trackey/trackey/research/EXTRACTED_HMDB51_FEATURES/walk_Man_Who_Cheated_Himself_512kb_walk_u_nm_np1_ba_med_1.pt,walk,49
/data/dev/projects/ai/Trackey/trackey/research/EXTRACTED_HMDB51_FEATURES/walk_MeettheFockers_walk_f_nm_np1_ba_med_9.pt,walk,49
/data/dev/projects/ai/Trackey/trackey/research/EXTRACTED_HMDB51_FEATURES/walk_MeettheFockers_walk_u_cm_np1_fr_goo_7.pt,walk,49
/data/dev/projects/ai/Trackey/trackey/research/EXTRACTED_HMDB51_FEATURES/walk_MeettheFockers_walk_u_cm_np1_fr_med_2.pt,walk,49
/data/dev/projects/ai/Trackey/trackey/research/EXTRACTED_HMDB51_FEATURES/walk_MeettheFockers_walk_u_nm_np1_fr_med_1.pt,walk,49
/data/dev/projects/ai/Trackey/trackey/research/EXTRACTED_HMDB51_FEATURES/walk_MeettheFockers_walk_u_nm_np1_fr_med_3.pt,walk,49
/data/dev/projects/ai/Trackey/trackey/research/EXTRACTED_HMDB51_FEATURES/walk_MeettheFockers_walk_u_nm_np1_fr_med_8.pt,walk,49
/data/dev/projects/ai/Trackey/trackey/research/EXTRACTED_HMDB51_FEATURES/walk_MeettheParents_walk_f_cm_np1_fr_med_10.pt,walk,49
/data/dev/projects/ai/Trackey/trackey/research/EXTRACTED_HMDB51_FEATURES/walk_MeettheParents_walk_u_cm_np1_fr_med_1.pt,walk,49
/data/dev/projects/ai/Trackey/trackey/research/EXTRACTED_HMDB51_FEATURES/walk_MeettheParents_walk_u_cm_np1_fr_med_5.pt,walk,49
/data/dev/projects/ai/Trackey/trackey/research/EXTRACTED_HMDB51_FEATURES/walk_MeettheParents_walk_u_cm_np1_fr_med_7.pt,walk,49
/data/dev/projects/ai/Trackey/trackey/research/EXTRACTED_HMDB51_FEATURES/walk_MeettheParents_walk_u_cm_np1_fr_med_8.pt,walk,49
/data/dev/projects/ai/Trackey/trackey/research/EXTRACTED_HMDB51_FEATURES/walk_MeettheParents_walk_u_cm_np1_fr_med_9.pt,walk,49
/data/dev/projects/ai/Trackey/trackey/research/EXTRACTED_HMDB51_FEATURES/walk_MeettheParents_walk_u_nm_np1_fr_med_6.pt,walk,49
/data/dev/projects/ai/Trackey/trackey/research/EXTRACTED_HMDB51_FEATURES/walk_NOVA_ELEGANTUNIVERSE1_walk_f_nm_np1_fr_med_2.pt,walk,49
/data/dev/projects/ai/Trackey/trackey/research/EXTRACTED_HMDB51_FEATURES/walk_NOVA_ELEGANTUNIVERSE1_walk_f_nm_np1_le_med_3.pt,walk,49
/data/dev/projects/ai/Trackey/trackey/research/EXTRACTED_HMDB51_FEATURES/walk_NOVA_ELEGANTUNIVERSE1_walk_u_nm_np1_ba_med_0.pt,walk,49
/data/dev/projects/ai/Trackey/trackey/research/EXTRACTED_HMDB51_FEATURES/walk_NOVA_ELEGANTUNIVERSE1_walk_u_nm_np1_fr_bad_1.pt,walk,49
/data/dev/projects/ai/Trackey/trackey/research/EXTRACTED_HMDB51_FEATURES/walk_NOVA_ELEGANTUNIVERSE1_walk_u_nm_np1_fr_med_5.pt,walk,49
/data/dev/projects/ai/Trackey/trackey/research/EXTRACTED_HMDB51_FEATURES/walk_NOVA_ELEGANTUNIVERSE2_walk_f_nm_np1_ba_med_0.pt,walk,49
/data/dev/projects/ai/Trackey/trackey/research/EXTRACTED_HMDB51_FEATURES/walk_NOVA_ELEGANTUNIVERSE2_walk_u_nm_np1_ri_med_3.pt,walk,49
/data/dev/projects/ai/Trackey/trackey/research/EXTRACTED_HMDB51_FEATURES/walk_NOVA_ELEGANTUNIVERSE3_walk_f_nm_np1_ba_med_1.pt,walk,49
/data/dev/projects/ai/Trackey/trackey/research/EXTRACTED_HMDB51_FEATURES/walk_Narcotic19672256kb_walk_f_cm_np1_ba_med_3.pt,walk,49
/data/dev/projects/ai/Trackey/trackey/research/EXTRACTED_HMDB51_FEATURES/walk_Narcotic19672256kb_walk_f_cm_np1_fr_med_0.pt,walk,49
/data/dev/projects/ai/Trackey/trackey/research/EXTRACTED_HMDB51_FEATURES/walk_Narcotic19672256kb_walk_f_cm_np1_ri_med_1.pt,walk,49
/data/dev/projects/ai/Trackey/trackey/research/EXTRACTED_HMDB51_FEATURES/walk_Narcotic19672256kb_walk_f_cm_np1_ri_med_2.pt,walk,49
/data/dev/projects/ai/Trackey/trackey/research/EXTRACTED_HMDB51_FEATURES/walk_NoCountryForOldMen_walk_f_cm_np1_ri_med_5.pt,walk,49
/data/dev/projects/ai/Trackey/trackey/research/EXTRACTED_HMDB51_FEATURES/walk_Oceans11_walk_f_cm_np1_fr_med_6.pt,walk,49
/data/dev/projects/ai/Trackey/trackey/research/EXTRACTED_HMDB51_FEATURES/walk_Oceans11_walk_u_cm_np1_fr_med_1.pt,walk,49
/data/dev/projects/ai/Trackey/trackey/research/EXTRACTED_HMDB51_FEATURES/walk_Oceans12_walk_f_cm_np1_fr_med_12.pt,walk,49
/data/dev/projects/ai/Trackey/trackey/research/EXTRACTED_HMDB51_FEATURES/walk_Oceans12_walk_f_cm_np1_fr_med_7.pt,walk,49
/data/dev/projects/ai/Trackey/trackey/research/EXTRACTED_HMDB51_FEATURES/walk_Oceans12_walk_u_cm_np1_fr_med_10.pt,walk,49
/data/dev/projects/ai/Trackey/trackey/research/EXTRACTED_HMDB51_FEATURES/walk_Oceans12_walk_u_cm_np1_fr_med_17.pt,walk,49
/data/dev/projects/ai/Trackey/trackey/research/EXTRACTED_HMDB51_FEATURES/walk_Oceans12_walk_u_cm_np1_fr_med_5.pt,walk,49
/data/dev/projects/ai/Trackey/trackey/research/EXTRACTED_HMDB51_FEATURES/walk_Oceans12_walk_u_cm_np1_ri_med_1.pt,walk,49
/data/dev/projects/ai/Trackey/trackey/research/EXTRACTED_HMDB51_FEATURES/walk_Oceans12_walk_u_nm_np1_le_med_6.pt,walk,49
/data/dev/projects/ai/Trackey/trackey/research/EXTRACTED_HMDB51_FEATURES/walk_Oceans13_walk_f_cm_np1_fr_med_6.pt,walk,49
/data/dev/projects/ai/Trackey/trackey/research/EXTRACTED_HMDB51_FEATURES/walk_OldSchool_walk_f_cm_np1_le_med_1.pt,walk,49
/data/dev/projects/ai/Trackey/trackey/research/EXTRACTED_HMDB51_FEATURES/walk_OldSchool_walk_f_nm_np1_ba_med_10.pt,walk,49
/data/dev/projects/ai/Trackey/trackey/research/EXTRACTED_HMDB51_FEATURES/walk_OldSchool_walk_f_nm_np1_fr_med_2.pt,walk,49
/data/dev/projects/ai/Trackey/trackey/research/EXTRACTED_HMDB51_FEATURES/walk_OldSchool_walk_f_nm_np1_fr_med_7.pt,walk,49
/data/dev/projects/ai/Trackey/trackey/research/EXTRACTED_HMDB51_FEATURES/walk_OldSchool_walk_f_nm_np1_ri_med_0.pt,walk,49
/data/dev/projects/ai/Trackey/trackey/research/EXTRACTED_HMDB51_FEATURES/walk_Panic_in_the_Streets_walk_f_cm_np1_fr_med_11.pt,walk,49
/data/dev/projects/ai/Trackey/trackey/research/EXTRACTED_HMDB51_FEATURES/walk_Panic_in_the_Streets_walk_u_cm_np1_ba_med_5.pt,walk,49
/data/dev/projects/ai/Trackey/trackey/research/EXTRACTED_HMDB51_FEATURES/walk_Panic_in_the_Streets_walk_u_cm_np1_fr_med_3.pt,walk,49
/data/dev/projects/ai/Trackey/trackey/research/EXTRACTED_HMDB51_FEATURES/walk_Panic_in_the_Streets_walk_u_cm_np1_fr_med_6.pt,walk,49
/data/dev/projects/ai/Trackey/trackey/research/EXTRACTED_HMDB51_FEATURES/walk_Panic_in_the_Streets_walk_u_cm_np1_le_med_1.pt,walk,49
/data/dev/projects/ai/Trackey/trackey/research/EXTRACTED_HMDB51_FEATURES/walk_Panic_in_the_Streets_walk_u_nm_np1_fr_bad_10.pt,walk,49
/data/dev/projects/ai/Trackey/trackey/research/EXTRACTED_HMDB51_FEATURES/walk_Panic_in_the_Streets_walk_u_nm_np1_fr_med_4.pt,walk,49
/data/dev/projects/ai/Trackey/trackey/research/EXTRACTED_HMDB51_FEATURES/walk_Prelinger_ActYourA1949_walk_u_cm_np1_le_med_7.pt,walk,49
/data/dev/projects/ai/Trackey/trackey/research/EXTRACTED_HMDB51_FEATURES/walk_Prelinger_FamilyLi1949_walk_u_cm_np1_le_med_6.pt,walk,49
/data/dev/projects/ai/Trackey/trackey/research/EXTRACTED_HMDB51_FEATURES/walk_Prelinger_FamilyLi1949_walk_u_cm_np4_ri_med_26.pt,walk,49
/data/dev/projects/ai/Trackey/trackey/research/EXTRACTED_HMDB51_FEATURES/walk_Prelinger_HabitPat1954_walk_f_cm_np1_le_med_13.pt,walk,49
/data/dev/projects/ai/Trackey/trackey/research/EXTRACTED_HMDB51_FEATURES/walk_Prelinger_HabitPat1954_walk_f_nm_np6_fr_med_20.pt,walk,49
/data/dev/projects/ai/Trackey/trackey/research/EXTRACTED_HMDB51_FEATURES/walk_Prelinger_HabitPat1954_walk_u_cm_np1_le_med_24.pt,walk,49
/data/dev/projects/ai/Trackey/trackey/research/EXTRACTED_HMDB51_FEATURES/walk_Prelinger_LetYours1940_walk_f_nm_np1_ba_med_5.pt,walk,49
/data/dev/projects/ai/Trackey/trackey/research/EXTRACTED_HMDB51_FEATURES/walk_Prelinger_LetYours1940_walk_u_cm_np2_ba_med_3.pt,walk,49
/data/dev/projects/ai/Trackey/trackey/research/EXTRACTED_HMDB51_FEATURES/walk_RATRACE_walk_f_cm_np1_ba_med_17.pt,walk,49
/data/dev/projects/ai/Trackey/trackey/research/EXTRACTED_HMDB51_FEATURES/walk_RATRACE_walk_f_nm_np1_fr_med_18.pt,walk,49
/data/dev/projects/ai/Trackey/trackey/research/EXTRACTED_HMDB51_FEATURES/walk_RETURN_OF_THE_KING_walk_f_cm_np1_ba_med_3.pt,walk,49
/data/dev/projects/ai/Trackey/trackey/research/EXTRACTED_HMDB51_FEATURES/walk_RETURN_OF_THE_KING_walk_f_cm_np1_ba_med_50.pt,walk,49
/data/dev/projects/ai/Trackey/trackey/research/EXTRACTED_HMDB51_FEATURES/walk_RETURN_OF_THE_KING_walk_f_cm_np1_fr_med_28.pt,walk,49
/data/dev/projects/ai/Trackey/trackey/research/EXTRACTED_HMDB51_FEATURES/walk_RETURN_OF_THE_KING_walk_f_cm_np1_fr_med_45.pt,walk,49
/data/dev/projects/ai/Trackey/trackey/research/EXTRACTED_HMDB51_FEATURES/walk_RETURN_OF_THE_KING_walk_f_cm_np1_le_bad_22.pt,walk,49
/data/dev/projects/ai/Trackey/trackey/research/EXTRACTED_HMDB51_FEATURES/walk_RETURN_OF_THE_KING_walk_f_nm_np1_ba_med_14.pt,walk,49
/data/dev/projects/ai/Trackey/trackey/research/EXTRACTED_HMDB51_FEATURES/walk_RETURN_OF_THE_KING_walk_f_nm_np1_ba_med_25.pt,walk,49
/data/dev/projects/ai/Trackey/trackey/research/EXTRACTED_HMDB51_FEATURES/walk_RETURN_OF_THE_KING_walk_f_nm_np1_fr_bad_24.pt,walk,49
/data/dev/projects/ai/Trackey/trackey/research/EXTRACTED_HMDB51_FEATURES/walk_RETURN_OF_THE_KING_walk_f_nm_np1_fr_med_41.pt,walk,49
/data/dev/projects/ai/Trackey/trackey/research/EXTRACTED_HMDB51_FEATURES/walk_RETURN_OF_THE_KING_walk_u_nm_np1_fr_med_56.pt,walk,49
/data/dev/projects/ai/Trackey/trackey/research/EXTRACTED_HMDB51_FEATURES/walk_Return_of_the_King_11_walk_f_cm_np2_ri_med_3.pt,walk,49
/data/dev/projects/ai/Trackey/trackey/research/EXTRACTED_HMDB51_FEATURES/walk_Return_of_the_King_5_walk_f_nm_np1_ba_med_1.pt,walk,49
/data/dev/projects/ai/Trackey/trackey/research/EXTRACTED_HMDB51_FEATURES/walk_Return_of_the_King_8_walk_u_nm_np1_fr_med_1.pt,walk,49
/data/dev/projects/ai/Trackey/trackey/research/EXTRACTED_HMDB51_FEATURES/walk_RushHour2_walk_f_nm_np1_fr_med_10.pt,walk,49
/data/dev/projects/ai/Trackey/trackey/research/EXTRACTED_HMDB51_FEATURES/walk_RushHour2_walk_u_cm_np1_fr_med_6.pt,walk,49
/data/dev/projects/ai/Trackey/trackey/research/EXTRACTED_HMDB51_FEATURES/walk_RushHour2_walk_u_cm_np1_fr_med_9.pt,walk,49
/data/dev/projects/ai/Trackey/trackey/research/EXTRACTED_HMDB51_FEATURES/walk_RushHour2_walk_u_cm_np2_ri_med_5.pt,walk,49
/data/dev/projects/ai/Trackey/trackey/research/EXTRACTED_HMDB51_FEATURES/walk_SafeInPort_walk_f_nm_np1_ba_med_2.pt,walk,49
/data/dev/projects/ai/Trackey/trackey/research/EXTRACTED_HMDB51_FEATURES/walk_SafetyHarmHidesatHome_walk_f_cm_np1_ba_med_0.pt,walk,49
/data/dev/projects/ai/Trackey/trackey/research/EXTRACTED_HMDB51_FEATURES/walk_SchoolRulesHowTheyHelpUs_walk_f_cm_np1_fr_med_2.pt,walk,49
/data/dev/projects/ai/Trackey/trackey/research/EXTRACTED_HMDB51_FEATURES/walk_SellingasaCareer_walk_f_cm_np1_ri_bad_1.pt,walk,49
/data/dev/projects/ai/Trackey/trackey/research/EXTRACTED_HMDB51_FEATURES/walk_SellingasaCareer_walk_f_nm_np1_fr_med_0.pt,walk,49
/data/dev/projects/ai/Trackey/trackey/research/EXTRACTED_HMDB51_FEATURES/walk_Shadow_of_a_Doubt_walk_f_cm_np1_fr_med_10.pt,walk,49
/data/dev/projects/ai/Trackey/trackey/research/EXTRACTED_HMDB51_FEATURES/walk_Shadow_of_a_Doubt_walk_f_nm_np1_ba_med_15.pt,walk,49
/data/dev/projects/ai/Trackey/trackey/research/EXTRACTED_HMDB51_FEATURES/walk_Shadow_of_a_Doubt_walk_u_cm_np1_ba_bad_9.pt,walk,49
/data/dev/projects/ai/Trackey/trackey/research/EXTRACTED_HMDB51_FEATURES/walk_Shadow_of_a_Doubt_walk_u_cm_np1_ba_med_1.pt,walk,49
/data/dev/projects/ai/Trackey/trackey/research/EXTRACTED_HMDB51_FEATURES/walk_Shadow_of_a_Doubt_walk_u_cm_np1_ba_med_12.pt,walk,49
/data/dev/projects/ai/Trackey/trackey/research/EXTRACTED_HMDB51_FEATURES/walk_Shadow_of_a_Doubt_walk_u_cm_np1_fr_med_2.pt,walk,49
/data/dev/projects/ai/Trackey/trackey/research/EXTRACTED_HMDB51_FEATURES/walk_Shadow_of_a_Doubt_walk_u_cm_np1_fr_med_7.pt,walk,49
/data/dev/projects/ai/Trackey/trackey/research/EXTRACTED_HMDB51_FEATURES/walk_Shadow_of_a_Doubt_walk_u_cm_np1_le_med_6.pt,walk,49
/data/dev/projects/ai/Trackey/trackey/research/EXTRACTED_HMDB51_FEATURES/walk_Sixthsense_walk_f_nm_np1_ba_med_5.pt,walk,49
/data/dev/projects/ai/Trackey/trackey/research/EXTRACTED_HMDB51_FEATURES/walk_Sixthsense_walk_f_nm_np1_fr_med_8.pt,walk,49
/data/dev/projects/ai/Trackey/trackey/research/EXTRACTED_HMDB51_FEATURES/walk_Sixthsense_walk_u_nm_np1_ba_med_2.pt,walk,49
/data/dev/projects/ai/Trackey/trackey/research/EXTRACTED_HMDB51_FEATURES/walk_Sixthsense_walk_u_nm_np1_fr_med_4.pt,walk,49
/data/dev/projects/ai/Trackey/trackey/research/EXTRACTED_HMDB51_FEATURES/walk_Sixthsense_walk_u_nm_np1_fr_med_7.pt,walk,49
/data/dev/projects/ai/Trackey/trackey/research/EXTRACTED_HMDB51_FEATURES/walk_Sixthsense_walk_u_nm_np1_fr_med_9.pt,walk,49
/data/dev/projects/ai/Trackey/trackey/research/EXTRACTED_HMDB51_FEATURES/walk_StrangerThanFiction_walk_f_nm_np1_fr_med_1.pt,walk,49
/data/dev/projects/ai/Trackey/trackey/research/EXTRACTED_HMDB51_FEATURES/walk_StrangerThanFiction_walk_f_nm_np1_fr_med_2.pt,walk,49
/data/dev/projects/ai/Trackey/trackey/research/EXTRACTED_HMDB51_FEATURES/walk_Superbad_walk_u_nm_np1_fr_med_0.pt,walk,49
/data/dev/projects/ai/Trackey/trackey/research/EXTRACTED_HMDB51_FEATURES/walk_SweeneyTodd_walk_f_cm_np1_fr_bad_0.pt,walk,49
/data/dev/projects/ai/Trackey/trackey/research/EXTRACTED_HMDB51_FEATURES/walk_SweeneyTodd_walk_f_cm_np1_fr_bad_25.pt,walk,49
/data/dev/projects/ai/Trackey/trackey/research/EXTRACTED_HMDB51_FEATURES/walk_SweeneyTodd_walk_f_cm_np1_fr_med_31.pt,walk,49
/data/dev/projects/ai/Trackey/trackey/research/EXTRACTED_HMDB51_FEATURES/walk_SweeneyTodd_walk_f_cm_np1_le_med_7.pt,walk,49
/data/dev/projects/ai/Trackey/trackey/research/EXTRACTED_HMDB51_FEATURES/walk_SweeneyTodd_walk_f_nm_np1_fr_med_29.pt,walk,49
/data/dev/projects/ai/Trackey/trackey/research/EXTRACTED_HMDB51_FEATURES/walk_SweeneyTodd_walk_f_nm_np1_le_bad_40.pt,walk,49
/data/dev/projects/ai/Trackey/trackey/research/EXTRACTED_HMDB51_FEATURES/walk_SweeneyTodd_walk_f_nm_np1_ri_bad_9.pt,walk,49
/data/dev/projects/ai/Trackey/trackey/research/EXTRACTED_HMDB51_FEATURES/walk_SweeneyTodd_walk_u_nm_np1_fr_bad_17.pt,walk,49
/data/dev/projects/ai/Trackey/trackey/research/EXTRACTED_HMDB51_FEATURES/walk_THE_PROTECTOR_walk_f_cm_np1_ba_med_27.pt,walk,49
/data/dev/projects/ai/Trackey/trackey/research/EXTRACTED_HMDB51_FEATURES/walk_THE_PROTECTOR_walk_f_cm_np1_fr_bad_83.pt,walk,49
/data/dev/projects/ai/Trackey/trackey/research/EXTRACTED_HMDB51_FEATURES/walk_THE_PROTECTOR_walk_f_cm_np1_fr_med_0.pt,walk,49
/data/dev/projects/ai/Trackey/trackey/research/EXTRACTED_HMDB51_FEATURES/walk_THE_PROTECTOR_walk_f_cm_np1_ri_med_34.pt,walk,49
/data/dev/projects/ai/Trackey/trackey/research/EXTRACTED_HMDB51_FEATURES/walk_THE_PROTECTOR_walk_f_nm_np1_ri_med_60.pt,walk,49
/data/dev/projects/ai/Trackey/trackey/research/EXTRACTED_HMDB51_FEATURES/walk_THE_PROTECTOR_walk_u_cm_np1_fr_med_24.pt,walk,49
/data/dev/projects/ai/Trackey/trackey/research/EXTRACTED_HMDB51_FEATURES/walk_TheBigBangS01E02TheBigBranHypothesis_walk_f_cm_np1_fr_med_0.pt,walk,49
/data/dev/projects/ai/Trackey/trackey/research/EXTRACTED_HMDB51_FEATURES/walk_TheBigBangS01E02TheBigBranHypothesis_walk_f_nm_np1_le_med_3.pt,walk,49
/data/dev/projects/ai/Trackey/trackey/research/EXTRACTED_HMDB51_FEATURES/walk_TheBoondockSaints_walk_f_cm_np1_ba_med_23.pt,walk,49
/data/dev/projects/ai/Trackey/trackey/research/EXTRACTED_HMDB51_FEATURES/walk_TheBoondockSaints_walk_f_cm_np2_ba_bad_18.pt,walk,49
/data/dev/projects/ai/Trackey/trackey/research/EXTRACTED_HMDB51_FEATURES/walk_TheBoondockSaints_walk_f_cm_np2_fr_bad_89.pt,walk,49
/data/dev/projects/ai/Trackey/trackey/research/EXTRACTED_HMDB51_FEATURES/walk_TheBoondockSaints_walk_f_cm_np2_fr_med_51.pt,walk,49
/data/dev/projects/ai/Trackey/trackey/research/EXTRACTED_HMDB51_FEATURES/walk_TheBoondockSaints_walk_f_cm_np2_fr_med_52.pt,walk,49
/data/dev/projects/ai/Trackey/trackey/research/EXTRACTED_HMDB51_FEATURES/walk_TheBoondockSaints_walk_f_cm_np2_fr_med_53.pt,walk,49
/data/dev/projects/ai/Trackey/trackey/research/EXTRACTED_HMDB51_FEATURES/walk_TheBoondockSaints_walk_f_cm_np2_fr_med_7.pt,walk,49
/data/dev/projects/ai/Trackey/trackey/research/EXTRACTED_HMDB51_FEATURES/walk_TheBoondockSaints_walk_f_cm_np2_fr_med_94.pt,walk,49
/data/dev/projects/ai/Trackey/trackey/research/EXTRACTED_HMDB51_FEATURES/walk_TheBoondockSaints_walk_f_cm_np2_ri_med_14.pt,walk,49
/data/dev/projects/ai/Trackey/trackey/research/EXTRACTED_HMDB51_FEATURES/walk_TheBoondockSaints_walk_f_cm_np3_ba_med_124.pt,walk,49
/data/dev/projects/ai/Trackey/trackey/research/EXTRACTED_HMDB51_FEATURES/walk_TheBoondockSaints_walk_f_nm_np1_ba_med_2.pt,walk,49
/data/dev/projects/ai/Trackey/trackey/research/EXTRACTED_HMDB51_FEATURES/walk_TheBoondockSaints_walk_f_nm_np1_fr_bad_57.pt,walk,49
/data/dev/projects/ai/Trackey/trackey/research/EXTRACTED_HMDB51_FEATURES/walk_TheBoondockSaints_walk_f_nm_np1_fr_med_21.pt,walk,49
/data/dev/projects/ai/Trackey/trackey/research/EXTRACTED_HMDB51_FEATURES/walk_TheBoondockSaints_walk_f_nm_np1_fr_med_41.pt,walk,49
/data/dev/projects/ai/Trackey/trackey/research/EXTRACTED_HMDB51_FEATURES/walk_TheBoondockSaints_walk_f_nm_np2_fr_med_54.pt,walk,49
/data/dev/projects/ai/Trackey/trackey/research/EXTRACTED_HMDB51_FEATURES/walk_TheBoondockSaints_walk_f_nm_np2_fr_med_85.pt,walk,49
/data/dev/projects/ai/Trackey/trackey/research/EXTRACTED_HMDB51_FEATURES/walk_TheBoondockSaints_walk_f_nm_np2_ri_med_43.pt,walk,49
/data/dev/projects/ai/Trackey/trackey/research/EXTRACTED_HMDB51_FEATURES/walk_TheBoondockSaints_walk_h_cm_np2_ba_med_8.pt,walk,49
/data/dev/projects/ai/Trackey/trackey/research/EXTRACTED_HMDB51_FEATURES/walk_TheBoondockSaints_walk_u_cm_np1_fr_bad_118.pt,walk,49
/data/dev/projects/ai/Trackey/trackey/research/EXTRACTED_HMDB51_FEATURES/walk_TheBoondockSaints_walk_u_cm_np1_fr_bad_119.pt,walk,49
/data/dev/projects/ai/Trackey/trackey/research/EXTRACTED_HMDB51_FEATURES/walk_TheBoondockSaints_walk_u_cm_np1_fr_bad_92.pt,walk,49
/data/dev/projects/ai/Trackey/trackey/research/EXTRACTED_HMDB51_FEATURES/walk_TheBoondockSaints_walk_u_cm_np1_fr_med_20.pt,walk,49
/data/dev/projects/ai/Trackey/trackey/research/EXTRACTED_HMDB51_FEATURES/walk_TheBoondockSaints_walk_u_cm_np1_fr_med_33.pt,walk,49
/data/dev/projects/ai/Trackey/trackey/research/EXTRACTED_HMDB51_FEATURES/walk_TheBoondockSaints_walk_u_cm_np1_fr_med_44.pt,walk,49
/data/dev/projects/ai/Trackey/trackey/research/EXTRACTED_HMDB51_FEATURES/walk_TheBoondockSaints_walk_u_cm_np1_fr_med_49.pt,walk,49
/data/dev/projects/ai/Trackey/trackey/research/EXTRACTED_HMDB51_FEATURES/walk_TheBoondockSaints_walk_u_cm_np1_fr_med_6.pt,walk,49
/data/dev/projects/ai/Trackey/trackey/research/EXTRACTED_HMDB51_FEATURES/walk_TheBoondockSaints_walk_u_cm_np1_fr_med_98.pt,walk,49
/data/dev/projects/ai/Trackey/trackey/research/EXTRACTED_HMDB51_FEATURES/walk_TheBoondockSaints_walk_u_cm_np1_le_med_25.pt,walk,49
/data/dev/projects/ai/Trackey/trackey/research/EXTRACTED_HMDB51_FEATURES/walk_TheBoondockSaints_walk_u_cm_np1_ri_bad_126.pt,walk,49
/data/dev/projects/ai/Trackey/trackey/research/EXTRACTED_HMDB51_FEATURES/walk_TheBoondockSaints_walk_u_cm_np1_ri_bad_90.pt,walk,49
/data/dev/projects/ai/Trackey/trackey/research/EXTRACTED_HMDB51_FEATURES/walk_TheBoondockSaints_walk_u_cm_np1_ri_med_113.pt,walk,49
/data/dev/projects/ai/Trackey/trackey/research/EXTRACTED_HMDB51_FEATURES/walk_TheBoondockSaints_walk_u_cm_np1_ri_med_26.pt,walk,49
/data/dev/projects/ai/Trackey/trackey/research/EXTRACTED_HMDB51_FEATURES/walk_TheBoondockSaints_walk_u_cm_np1_ri_med_50.pt,walk,49
/data/dev/projects/ai/Trackey/trackey/research/EXTRACTED_HMDB51_FEATURES/walk_TheBoondockSaints_walk_u_cm_np2_ba_bad_3.pt,walk,49
/data/dev/projects/ai/Trackey/trackey/research/EXTRACTED_HMDB51_FEATURES/walk_TheBoondockSaints_walk_u_cm_np2_fr_bad_106.pt,walk,49
/data/dev/projects/ai/Trackey/trackey/research/EXTRACTED_HMDB51_FEATURES/walk_TheBoondockSaints_walk_u_cm_np2_le_med_11.pt,walk,49
/data/dev/projects/ai/Trackey/trackey/research/EXTRACTED_HMDB51_FEATURES/walk_TheBoondockSaints_walk_u_cm_np2_le_med_17.pt,walk,49
/data/dev/projects/ai/Trackey/trackey/research/EXTRACTED_HMDB51_FEATURES/walk_TheBoondockSaints_walk_u_cm_np2_le_med_96.pt,walk,49
/data/dev/projects/ai/Trackey/trackey/research/EXTRACTED_HMDB51_FEATURES/walk_TheBoondockSaints_walk_u_nm_np1_fr_med_24.pt,walk,49
/data/dev/projects/ai/Trackey/trackey/research/EXTRACTED_HMDB51_FEATURES/walk_TheBoondockSaints_walk_u_nm_np1_le_med_84.pt,walk,49
/data/dev/projects/ai/Trackey/trackey/research/EXTRACTED_HMDB51_FEATURES/walk_TheBoondockSaints_walk_u_nm_np3_ba_bad_100.pt,walk,49
/data/dev/projects/ai/Trackey/trackey/research/EXTRACTED_HMDB51_FEATURES/walk_TheLastManOnearth_walk_f_cm_np1_ba_med_25.pt,walk,49
/data/dev/projects/ai/Trackey/trackey/research/EXTRACTED_HMDB51_FEATURES/walk_TheLastManOnearth_walk_f_cm_np1_ba_med_27.pt,walk,49
/data/dev/projects/ai/Trackey/trackey/research/EXTRACTED_HMDB51_FEATURES/walk_TheLastManOnearth_walk_f_cm_np1_ba_med_28.pt,walk,49
/data/dev/projects/ai/Trackey/trackey/research/EXTRACTED_HMDB51_FEATURES/walk_TheLastManOnearth_walk_f_cm_np1_ba_med_9.pt,walk,49
/data/dev/projects/ai/Trackey/trackey/research/EXTRACTED_HMDB51_FEATURES/walk_TheLastManOnearth_walk_f_cm_np1_fr_med_36.pt,walk,49
/data/dev/projects/ai/Trackey/trackey/research/EXTRACTED_HMDB51_FEATURES/walk_TheLastManOnearth_walk_f_cm_np1_fr_med_4.pt,walk,49
/data/dev/projects/ai/Trackey/trackey/research/EXTRACTED_HMDB51_FEATURES/walk_TheLastManOnearth_walk_f_cm_np1_le_med_13.pt,walk,49
/data/dev/projects/ai/Trackey/trackey/research/EXTRACTED_HMDB51_FEATURES/walk_TheLastManOnearth_walk_f_cm_np1_le_med_16.pt,walk,49
/data/dev/projects/ai/Trackey/trackey/research/EXTRACTED_HMDB51_FEATURES/walk_TheLastManOnearth_walk_f_cm_np1_le_med_17.pt,walk,49
/data/dev/projects/ai/Trackey/trackey/research/EXTRACTED_HMDB51_FEATURES/walk_TheLastManOnearth_walk_f_cm_np1_le_med_35.pt,walk,49
/data/dev/projects/ai/Trackey/trackey/research/EXTRACTED_HMDB51_FEATURES/walk_TheLastManOnearth_walk_f_cm_np1_le_med_57.pt,walk,49
/data/dev/projects/ai/Trackey/trackey/research/EXTRACTED_HMDB51_FEATURES/walk_TheLastManOnearth_walk_f_cm_np1_ri_med_14.pt,walk,49
/data/dev/projects/ai/Trackey/trackey/research/EXTRACTED_HMDB51_FEATURES/walk_TheLastManOnearth_walk_f_cm_np1_ri_med_15.pt,walk,49
/data/dev/projects/ai/Trackey/trackey/research/EXTRACTED_HMDB51_FEATURES/walk_TheLastManOnearth_walk_f_cm_np1_ri_med_2.pt,walk,49
/data/dev/projects/ai/Trackey/trackey/research/EXTRACTED_HMDB51_FEATURES/walk_TheLastManOnearth_walk_f_nm_np1_ba_med_18.pt,walk,49
/data/dev/projects/ai/Trackey/trackey/research/EXTRACTED_HMDB51_FEATURES/walk_TheLastManOnearth_walk_f_nm_np1_ba_med_19.pt,walk,49
/data/dev/projects/ai/Trackey/trackey/research/EXTRACTED_HMDB51_FEATURES/walk_TheLastManOnearth_walk_f_nm_np1_ba_med_22.pt,walk,49
/data/dev/projects/ai/Trackey/trackey/research/EXTRACTED_HMDB51_FEATURES/walk_TheLastManOnearth_walk_f_nm_np1_ba_med_26.pt,walk,49
/data/dev/projects/ai/Trackey/trackey/research/EXTRACTED_HMDB51_FEATURES/walk_TheLastManOnearth_walk_f_nm_np1_ba_med_3.pt,walk,49
/data/dev/projects/ai/Trackey/trackey/research/EXTRACTED_HMDB51_FEATURES/walk_TheLastManOnearth_walk_f_nm_np1_fr_bad_31.pt,walk,49
/data/dev/projects/ai/Trackey/trackey/research/EXTRACTED_HMDB51_FEATURES/walk_TheLastManOnearth_walk_f_nm_np1_fr_med_0.pt,walk,49
/data/dev/projects/ai/Trackey/trackey/research/EXTRACTED_HMDB51_FEATURES/walk_TheLastManOnearth_walk_f_nm_np1_fr_med_1.pt,walk,49
/data/dev/projects/ai/Trackey/trackey/research/EXTRACTED_HMDB51_FEATURES/walk_TheLastManOnearth_walk_f_nm_np1_fr_med_21.pt,walk,49
/data/dev/projects/ai/Trackey/trackey/research/EXTRACTED_HMDB51_FEATURES/walk_TheLastManOnearth_walk_f_nm_np1_fr_med_29.pt,walk,49
/data/dev/projects/ai/Trackey/trackey/research/EXTRACTED_HMDB51_FEATURES/walk_TheLastManOnearth_walk_f_nm_np1_fr_med_37.pt,walk,49
/data/dev/projects/ai/Trackey/trackey/research/EXTRACTED_HMDB51_FEATURES/walk_TheLastManOnearth_walk_f_nm_np1_fr_med_38.pt,walk,49
/data/dev/projects/ai/Trackey/trackey/research/EXTRACTED_HMDB51_FEATURES/walk_TheLastManOnearth_walk_f_nm_np1_fr_med_41.pt,walk,49
/data/dev/projects/ai/Trackey/trackey/research/EXTRACTED_HMDB51_FEATURES/walk_TheLastManOnearth_walk_f_nm_np1_fr_med_53.pt,walk,49
/data/dev/projects/ai/Trackey/trackey/research/EXTRACTED_HMDB51_FEATURES/walk_TheLastManOnearth_walk_u_cm_np1_le_med_20.pt,walk,49
/data/dev/projects/ai/Trackey/trackey/research/EXTRACTED_HMDB51_FEATURES/walk_TheLastManOnearth_walk_u_cm_np1_ri_med_10.pt,walk,49
/data/dev/projects/ai/Trackey/trackey/research/EXTRACTED_HMDB51_FEATURES/walk_TheLastManOnearth_walk_u_cm_np1_ri_med_54.pt,walk,49
/data/dev/projects/ai/Trackey/trackey/research/EXTRACTED_HMDB51_FEATURES/walk_TheLastManOnearth_walk_u_nm_np1_fr_med_55.pt,walk,49
/data/dev/projects/ai/Trackey/trackey/research/EXTRACTED_HMDB51_FEATURES/walk_TheLittleShopofHorrors_walk_f_cm_np1_fr_med_12.pt,walk,49
/data/dev/projects/ai/Trackey/trackey/research/EXTRACTED_HMDB51_FEATURES/walk_TheLittleShopofHorrors_walk_f_nm_np1_ba_med_3.pt,walk,49
/data/dev/projects/ai/Trackey/trackey/research/EXTRACTED_HMDB51_FEATURES/walk_TheLittleShopofHorrors_walk_f_nm_np1_le_med_6.pt,walk,49
/data/dev/projects/ai/Trackey/trackey/research/EXTRACTED_HMDB51_FEATURES/walk_TheLittleShopofHorrors_walk_f_nm_np1_ri_med_5.pt,walk,49
/data/dev/projects/ai/Trackey/trackey/research/EXTRACTED_HMDB51_FEATURES/walk_TheLittleShopofHorrors_walk_u_cm_np1_fr_med_0.pt,walk,49
/data/dev/projects/ai/Trackey/trackey/research/EXTRACTED_HMDB51_FEATURES/walk_TheLittleShopofHorrors_walk_u_cm_np1_ri_med_1.pt,walk,49
/data/dev/projects/ai/Trackey/trackey/research/EXTRACTED_HMDB51_FEATURES/walk_TheLittleShopofHorrors_walk_u_nm_np1_fr_med_9.pt,walk,49
/data/dev/projects/ai/Trackey/trackey/research/EXTRACTED_HMDB51_FEATURES/walk_ThePerfectScore_walk_u_cm_np1_fr_med_8.pt,walk,49
/data/dev/projects/ai/Trackey/trackey/research/EXTRACTED_HMDB51_FEATURES/walk_ThePerfectScore_walk_u_nm_np1_fr_med_9.pt,walk,49
/data/dev/projects/ai/Trackey/trackey/research/EXTRACTED_HMDB51_FEATURES/walk_TheRoyalTenenbaums_walk_f_nm_np1_le_med_3.pt,walk,49
/data/dev/projects/ai/Trackey/trackey/research/EXTRACTED_HMDB51_FEATURES/walk_The_Departed_-_Part_2_walk_u_cm_np1_fr_bad_5.pt,walk,49
/data/dev/projects/ai/Trackey/trackey/research/EXTRACTED_HMDB51_FEATURES/walk_The_Departed_-_Part_2_walk_u_cm_np1_le_med_7.pt,walk,49
/data/dev/projects/ai/Trackey/trackey/research/EXTRACTED_HMDB51_FEATURES/walk_The_Departed_-_Part_2_walk_u_nm_np1_fr_med_2.pt,walk,49
/data/dev/projects/ai/Trackey/trackey/research/EXTRACTED_HMDB51_FEATURES/walk_The_Departed_-_Part_2_walk_u_nm_np1_fr_med_3.pt,walk,49
/data/dev/projects/ai/Trackey/trackey/research/EXTRACTED_HMDB51_FEATURES/walk_The_Fugitive_2_walk_f_cm_np1_ba_med_6.pt,walk,49
/data/dev/projects/ai/Trackey/trackey/research/EXTRACTED_HMDB51_FEATURES/walk_The_Fugitive_2_walk_f_cm_np1_fr_med_5.pt,walk,49
/data/dev/projects/ai/Trackey/trackey/research/EXTRACTED_HMDB51_FEATURES/walk_The_Fugitive_2_walk_f_cm_np5_fr_med_21.pt,walk,49
/data/dev/projects/ai/Trackey/trackey/research/EXTRACTED_HMDB51_FEATURES/walk_The_Fugitive_2_walk_u_cm_np1_fr_med_13.pt,walk,49
/data/dev/projects/ai/Trackey/trackey/research/EXTRACTED_HMDB51_FEATURES/walk_The_Fugitive_3_walk_f_cm_np1_ba_bad_0.pt,walk,49
/data/dev/projects/ai/Trackey/trackey/research/EXTRACTED_HMDB51_FEATURES/walk_The_Fugitive_3_walk_f_cm_np1_ba_med_7.pt,walk,49
/data/dev/projects/ai/Trackey/trackey/research/EXTRACTED_HMDB51_FEATURES/walk_The_Fugitive_3_walk_f_cm_np1_fr_med_8.pt,walk,49
/data/dev/projects/ai/Trackey/trackey/research/EXTRACTED_HMDB51_FEATURES/walk_The_Fugitive_3_walk_u_cm_np1_fr_med_3.pt,walk,49
/data/dev/projects/ai/Trackey/trackey/research/EXTRACTED_HMDB51_FEATURES/walk_The_Fugitive_4_walk_f_cm_np1_ba_med_6.pt,walk,49
/data/dev/projects/ai/Trackey/trackey/research/EXTRACTED_HMDB51_FEATURES/walk_The_Fugitive_4_walk_u_cm_np2_fr_med_5.pt,walk,49
/data/dev/projects/ai/Trackey/trackey/research/EXTRACTED_HMDB51_FEATURES/walk_The_Fugitive_5_walk_f_cm_np1_fr_med_4.pt,walk,49
/data/dev/projects/ai/Trackey/trackey/research/EXTRACTED_HMDB51_FEATURES/walk_The_Fugitive_5_walk_u_cm_np2_ri_med_13.pt,walk,49
/data/dev/projects/ai/Trackey/trackey/research/EXTRACTED_HMDB51_FEATURES/walk_The_Fugitive_6_walk_f_nm_np2_fr_med_7.pt,walk,49
/data/dev/projects/ai/Trackey/trackey/research/EXTRACTED_HMDB51_FEATURES/walk_The_Fugitive_6_walk_u_cm_np1_ba_med_17.pt,walk,49
/data/dev/projects/ai/Trackey/trackey/research/EXTRACTED_HMDB51_FEATURES/walk_The_Fugitive_6_walk_u_cm_np1_fr_med_6.pt,walk,49
/data/dev/projects/ai/Trackey/trackey/research/EXTRACTED_HMDB51_FEATURES/walk_The_Fugitive_6_walk_u_nm_np1_fr_med_16.pt,walk,49
/data/dev/projects/ai/Trackey/trackey/research/EXTRACTED_HMDB51_FEATURES/walk_The_House_on_Haunted_Hill_walk_f_cm_np1_fr_med_18.pt,walk,49
/data/dev/projects/ai/Trackey/trackey/research/EXTRACTED_HMDB51_FEATURES/walk_The_House_on_Haunted_Hill_walk_f_cm_np1_fr_med_7.pt,walk,49
/data/dev/projects/ai/Trackey/trackey/research/EXTRACTED_HMDB51_FEATURES/walk_The_House_on_Haunted_Hill_walk_f_cm_np1_fr_med_9.pt,walk,49
/data/dev/projects/ai/Trackey/trackey/research/EXTRACTED_HMDB51_FEATURES/walk_The_House_on_Haunted_Hill_walk_f_cm_np1_ri_med_16.pt,walk,49
/data/dev/projects/ai/Trackey/trackey/research/EXTRACTED_HMDB51_FEATURES/walk_The_House_on_Haunted_Hill_walk_f_nm_np1_ba_med_0.pt,walk,49
/data/dev/projects/ai/Trackey/trackey/research/EXTRACTED_HMDB51_FEATURES/walk_The_House_on_Haunted_Hill_walk_f_nm_np1_fr_med_11.pt,walk,49
/data/dev/projects/ai/Trackey/trackey/research/EXTRACTED_HMDB51_FEATURES/walk_The_House_on_Haunted_Hill_walk_f_nm_np1_fr_med_20.pt,walk,49
/data/dev/projects/ai/Trackey/trackey/research/EXTRACTED_HMDB51_FEATURES/walk_The_House_on_Haunted_Hill_walk_f_nm_np1_fr_med_8.pt,walk,49
/data/dev/projects/ai/Trackey/trackey/research/EXTRACTED_HMDB51_FEATURES/walk_The_House_on_Haunted_Hill_walk_u_cm_np1_ba_med_15.pt,walk,49
/data/dev/projects/ai/Trackey/trackey/research/EXTRACTED_HMDB51_FEATURES/walk_The_House_on_Haunted_Hill_walk_u_cm_np1_fr_med_13.pt,walk,49
/data/dev/projects/ai/Trackey/trackey/research/EXTRACTED_HMDB51_FEATURES/walk_The_House_on_Haunted_Hill_walk_u_cm_np1_fr_med_14.pt,walk,49
/data/dev/projects/ai/Trackey/trackey/research/EXTRACTED_HMDB51_FEATURES/walk_The_House_on_Haunted_Hill_walk_u_cm_np1_fr_med_19.pt,walk,49
/data/dev/projects/ai/Trackey/trackey/research/EXTRACTED_HMDB51_FEATURES/walk_The_House_on_Haunted_Hill_walk_u_cm_np1_ri_med_4.pt,walk,49
/data/dev/projects/ai/Trackey/trackey/research/EXTRACTED_HMDB51_FEATURES/walk_The_House_on_Haunted_Hill_walk_u_cm_np1_ri_med_6.pt,walk,49
/data/dev/projects/ai/Trackey/trackey/research/EXTRACTED_HMDB51_FEATURES/walk_The_House_on_Haunted_Hill_walk_u_nm_np1_ba_med_10.pt,walk,49
/data/dev/projects/ai/Trackey/trackey/research/EXTRACTED_HMDB51_FEATURES/walk_The_Matrix_Revolutions_5_walk_f_nm_np1_le_med_1.pt,walk,49
/data/dev/projects/ai/Trackey/trackey/research/EXTRACTED_HMDB51_FEATURES/walk_The_Matrix_Revolutions_6_walk_f_nm_np5_ba_med_8.pt,walk,49
/data/dev/projects/ai/Trackey/trackey/research/EXTRACTED_HMDB51_FEATURES/walk_TrumanShow_walk_f_cm_np1_ba_med_12.pt,walk,49
/data/dev/projects/ai/Trackey/trackey/research/EXTRACTED_HMDB51_FEATURES/walk_TrumanShow_walk_f_cm_np1_ba_med_17.pt,walk,49
/data/dev/projects/ai/Trackey/trackey/research/EXTRACTED_HMDB51_FEATURES/walk_TrumanShow_walk_f_cm_np1_ba_med_5.pt,walk,49
/data/dev/projects/ai/Trackey/trackey/research/EXTRACTED_HMDB51_FEATURES/walk_TrumanShow_walk_f_cm_np1_fr_med_24.pt,walk,49
/data/dev/projects/ai/Trackey/trackey/research/EXTRACTED_HMDB51_FEATURES/walk_TrumanShow_walk_f_cm_np1_le_med_2.pt,walk,49
/data/dev/projects/ai/Trackey/trackey/research/EXTRACTED_HMDB51_FEATURES/walk_TrumanShow_walk_f_cm_np1_ri_med_36.pt,walk,49
/data/dev/projects/ai/Trackey/trackey/research/EXTRACTED_HMDB51_FEATURES/walk_TrumanShow_walk_f_nm_np1_ba_med_28.pt,walk,49
/data/dev/projects/ai/Trackey/trackey/research/EXTRACTED_HMDB51_FEATURES/walk_TrumanShow_walk_f_nm_np1_fr_med_1.pt,walk,49
/data/dev/projects/ai/Trackey/trackey/research/EXTRACTED_HMDB51_FEATURES/walk_TrumanShow_walk_f_nm_np1_fr_med_23.pt,walk,49
/data/dev/projects/ai/Trackey/trackey/research/EXTRACTED_HMDB51_FEATURES/walk_TrumanShow_walk_f_nm_np1_fr_med_29.pt,walk,49
/data/dev/projects/ai/Trackey/trackey/research/EXTRACTED_HMDB51_FEATURES/walk_TrumanShow_walk_f_nm_np1_fr_med_8.pt,walk,49
/data/dev/projects/ai/Trackey/trackey/research/EXTRACTED_HMDB51_FEATURES/walk_TrumanShow_walk_f_nm_np1_le_med_4.pt,walk,49
/data/dev/projects/ai/Trackey/trackey/research/EXTRACTED_HMDB51_FEATURES/walk_TrumanShow_walk_f_nm_np1_le_med_7.pt,walk,49
/data/dev/projects/ai/Trackey/trackey/research/EXTRACTED_HMDB51_FEATURES/walk_TrumanShow_walk_f_nm_np1_ri_med_6.pt,walk,49
/data/dev/projects/ai/Trackey/trackey/research/EXTRACTED_HMDB51_FEATURES/walk_TrumanShow_walk_f_nm_np1_ri_med_9.pt,walk,49
/data/dev/projects/ai/Trackey/trackey/research/EXTRACTED_HMDB51_FEATURES/walk_TrumanShow_walk_u_cm_np1_ri_med_18.pt,walk,49
/data/dev/projects/ai/Trackey/trackey/research/EXTRACTED_HMDB51_FEATURES/walk_Two_Towers_2_walk_f_cm_np2_le_med_1.pt,walk,49
/data/dev/projects/ai/Trackey/trackey/research/EXTRACTED_HMDB51_FEATURES/walk_Two_Towers_5_walk_f_nm_np1_fr_bad_1.pt,walk,49
/data/dev/projects/ai/Trackey/trackey/research/EXTRACTED_HMDB51_FEATURES/walk_Two_Towers_6_walk_u_cm_np1_fr_med_0.pt,walk,49
/data/dev/projects/ai/Trackey/trackey/research/EXTRACTED_HMDB51_FEATURES/walk_Two_Towers_7_walk_f_cm_np1_fr_med_2.pt,walk,49
/data/dev/projects/ai/Trackey/trackey/research/EXTRACTED_HMDB51_FEATURES/walk_UNREPEATABLE_walk_f_nm_np1_le_med_0.pt,walk,49
/data/dev/projects/ai/Trackey/trackey/research/EXTRACTED_HMDB51_FEATURES/walk_Veoh_Alpha_Dog_1_walk_f_cm_np1_ba_med_7.pt,walk,49
/data/dev/projects/ai/Trackey/trackey/research/EXTRACTED_HMDB51_FEATURES/walk_Veoh_Alpha_Dog_1_walk_f_cm_np2_fr_med_56.pt,walk,49
/data/dev/projects/ai/Trackey/trackey/research/EXTRACTED_HMDB51_FEATURES/walk_Veoh_Alpha_Dog_1_walk_f_cm_np2_fr_med_58.pt,walk,49
/data/dev/projects/ai/Trackey/trackey/research/EXTRACTED_HMDB51_FEATURES/walk_Veoh_Alpha_Dog_1_walk_f_nm_np1_ba_med_32.pt,walk,49
/data/dev/projects/ai/Trackey/trackey/research/EXTRACTED_HMDB51_FEATURES/walk_Veoh_Alpha_Dog_1_walk_f_nm_np1_ba_med_36.pt,walk,49
/data/dev/projects/ai/Trackey/trackey/research/EXTRACTED_HMDB51_FEATURES/walk_Veoh_Alpha_Dog_1_walk_f_nm_np1_fr_med_15.pt,walk,49
/data/dev/projects/ai/Trackey/trackey/research/EXTRACTED_HMDB51_FEATURES/walk_Veoh_Alpha_Dog_1_walk_f_nm_np1_fr_med_27.pt,walk,49
/data/dev/projects/ai/Trackey/trackey/research/EXTRACTED_HMDB51_FEATURES/walk_Veoh_Alpha_Dog_1_walk_f_nm_np1_fr_med_30.pt,walk,49
/data/dev/projects/ai/Trackey/trackey/research/EXTRACTED_HMDB51_FEATURES/walk_Veoh_Alpha_Dog_1_walk_f_nm_np1_fr_med_33.pt,walk,49
/data/dev/projects/ai/Trackey/trackey/research/EXTRACTED_HMDB51_FEATURES/walk_Veoh_Alpha_Dog_1_walk_f_nm_np1_ri_med_24.pt,walk,49
/data/dev/projects/ai/Trackey/trackey/research/EXTRACTED_HMDB51_FEATURES/walk_Veoh_Alpha_Dog_1_walk_f_nm_np2_ba_med_55.pt,walk,49
/data/dev/projects/ai/Trackey/trackey/research/EXTRACTED_HMDB51_FEATURES/walk_Veoh_Alpha_Dog_1_walk_f_nm_np2_fr_med_39.pt,walk,49
/data/dev/projects/ai/Trackey/trackey/research/EXTRACTED_HMDB51_FEATURES/walk_Veoh_Alpha_Dog_1_walk_f_nm_np3_ba_med_23.pt,walk,49
/data/dev/projects/ai/Trackey/trackey/research/EXTRACTED_HMDB51_FEATURES/walk_Veoh_Alpha_Dog_1_walk_l_nm_np1_ba_med_31.pt,walk,49
/data/dev/projects/ai/Trackey/trackey/research/EXTRACTED_HMDB51_FEATURES/walk_Veoh_Alpha_Dog_1_walk_u_cm_np1_fr_med_13.pt,walk,49
/data/dev/projects/ai/Trackey/trackey/research/EXTRACTED_HMDB51_FEATURES/walk_Veoh_Alpha_Dog_1_walk_u_cm_np1_ri_med_59.pt,walk,49
/data/dev/projects/ai/Trackey/trackey/research/EXTRACTED_HMDB51_FEATURES/walk_Veoh_Alpha_Dog_1_walk_u_cm_np2_fr_med_14.pt,walk,49
/data/dev/projects/ai/Trackey/trackey/research/EXTRACTED_HMDB51_FEATURES/walk_Veoh_Alpha_Dog_2_walk_f_cm_np1_ri_med_25.pt,walk,49
/data/dev/projects/ai/Trackey/trackey/research/EXTRACTED_HMDB51_FEATURES/walk_Veoh_Alpha_Dog_2_walk_f_cm_np2_ri_med_10.pt,walk,49
/data/dev/projects/ai/Trackey/trackey/research/EXTRACTED_HMDB51_FEATURES/walk_Veoh_Alpha_Dog_2_walk_f_cm_np4_fr_med_15.pt,walk,49
/data/dev/projects/ai/Trackey/trackey/research/EXTRACTED_HMDB51_FEATURES/walk_Veoh_Alpha_Dog_2_walk_f_nm_np1_fr_med_9.pt,walk,49
/data/dev/projects/ai/Trackey/trackey/research/EXTRACTED_HMDB51_FEATURES/walk_Veoh_Alpha_Dog_2_walk_f_nm_np1_ri_med_8.pt,walk,49
/data/dev/projects/ai/Trackey/trackey/research/EXTRACTED_HMDB51_FEATURES/walk_Veoh_Alpha_Dog_2_walk_f_nm_np4_fr_med_16.pt,walk,49
/data/dev/projects/ai/Trackey/trackey/research/EXTRACTED_HMDB51_FEATURES/walk_Veoh_Alpha_Dog_2_walk_f_nm_np4_fr_med_17.pt,walk,49
/data/dev/projects/ai/Trackey/trackey/research/EXTRACTED_HMDB51_FEATURES/walk_Veoh_Alpha_Dog_2_walk_u_nm_np1_fr_med_22.pt,walk,49
/data/dev/projects/ai/Trackey/trackey/research/EXTRACTED_HMDB51_FEATURES/walk_Veoh_Alpha_Dog_2_walk_u_nm_np1_le_med_29.pt,walk,49
/data/dev/projects/ai/Trackey/trackey/research/EXTRACTED_HMDB51_FEATURES/walk_WeddingCrashers_walk_f_nm_np1_fr_med_19.pt,walk,49
/data/dev/projects/ai/Trackey/trackey/research/EXTRACTED_HMDB51_FEATURES/walk_WeddingCrashers_walk_u_cm_np1_ri_med_7.pt,walk,49
/data/dev/projects/ai/Trackey/trackey/research/EXTRACTED_HMDB51_FEATURES/walk_WeddingCrashers_walk_u_nm_np1_fr_med_1.pt,walk,49
/data/dev/projects/ai/Trackey/trackey/research/EXTRACTED_HMDB51_FEATURES/walk_WeddingCrashers_walk_u_nm_np1_fr_med_16.pt,walk,49
/data/dev/projects/ai/Trackey/trackey/research/EXTRACTED_HMDB51_FEATURES/walk_WeddingCrashers_walk_u_nm_np1_fr_med_20.pt,walk,49
/data/dev/projects/ai/Trackey/trackey/research/EXTRACTED_HMDB51_FEATURES/walk_americanthrift1_walk_f_cm_np1_fr_med_2.pt,walk,49
/data/dev/projects/ai/Trackey/trackey/research/EXTRACTED_HMDB51_FEATURES/walk_americanthrift1_walk_u_cm_np1_le_med_0.pt,walk,49
/data/dev/projects/ai/Trackey/trackey/research/EXTRACTED_HMDB51_FEATURES/walk_eddieizzardcircle_walk_f_nm_np1_le_med_0.pt,walk,49
/data/dev/projects/ai/Trackey/trackey/research/EXTRACTED_HMDB51_FEATURES/walk_gangboy256kb_walk_f_nm_np1_fr_med_2.pt,walk,49
/data/dev/projects/ai/Trackey/trackey/research/EXTRACTED_HMDB51_FEATURES/walk_happy_go_lovely_walk_f_cm_np1_fr_med_11.pt,walk,49
/data/dev/projects/ai/Trackey/trackey/research/EXTRACTED_HMDB51_FEATURES/walk_happy_go_lovely_walk_f_cm_np1_fr_med_13.pt,walk,49
/data/dev/projects/ai/Trackey/trackey/research/EXTRACTED_HMDB51_FEATURES/walk_happy_go_lovely_walk_f_cm_np1_fr_med_5.pt,walk,49
/data/dev/projects/ai/Trackey/trackey/research/EXTRACTED_HMDB51_FEATURES/walk_happy_go_lovely_walk_f_nm_np1_fr_med_15.pt,walk,49
/data/dev/projects/ai/Trackey/trackey/research/EXTRACTED_HMDB51_FEATURES/walk_happy_go_lovely_walk_f_nm_np1_fr_med_18.pt,walk,49
/data/dev/projects/ai/Trackey/trackey/research/EXTRACTED_HMDB51_FEATURES/walk_happy_go_lovely_walk_u_cm_np1_fr_med_6.pt,walk,49
/data/dev/projects/ai/Trackey/trackey/research/EXTRACTED_HMDB51_FEATURES/walk_happy_go_lovely_walk_u_cm_np1_ri_med_7.pt,walk,49
/data/dev/projects/ai/Trackey/trackey/research/EXTRACTED_HMDB51_FEATURES/walk_happy_go_lovely_walk_u_nm_np1_fr_med_4.pt,walk,49
/data/dev/projects/ai/Trackey/trackey/research/EXTRACTED_HMDB51_FEATURES/walk_jonhs_netfreemovies_holygrail_walk_f_nm_np2_fr_med_20.pt,walk,49
/data/dev/projects/ai/Trackey/trackey/research/EXTRACTED_HMDB51_FEATURES/walk_likebeckam_walk_f_cm_np1_fr_med_21.pt,walk,49
/data/dev/projects/ai/Trackey/trackey/research/EXTRACTED_HMDB51_FEATURES/walk_likebeckam_walk_f_cm_np1_fr_med_25.pt,walk,49
/data/dev/projects/ai/Trackey/trackey/research/EXTRACTED_HMDB51_FEATURES/walk_likebeckam_walk_f_cm_np1_fr_med_27.pt,walk,49
/data/dev/projects/ai/Trackey/trackey/research/EXTRACTED_HMDB51_FEATURES/walk_likebeckam_walk_f_cm_np1_ri_med_31.pt,walk,49
/data/dev/projects/ai/Trackey/trackey/research/EXTRACTED_HMDB51_FEATURES/walk_likebeckam_walk_f_nm_np1_ba_med_32.pt,walk,49
/data/dev/projects/ai/Trackey/trackey/research/EXTRACTED_HMDB51_FEATURES/walk_likebeckam_walk_f_nm_np1_ba_med_9.pt,walk,49
/data/dev/projects/ai/Trackey/trackey/research/EXTRACTED_HMDB51_FEATURES/walk_likebeckam_walk_f_nm_np1_fr_med_10.pt,walk,49
/data/dev/projects/ai/Trackey/trackey/research/EXTRACTED_HMDB51_FEATURES/walk_likebeckam_walk_f_nm_np1_fr_med_11.pt,walk,49
/data/dev/projects/ai/Trackey/trackey/research/EXTRACTED_HMDB51_FEATURES/walk_likebeckam_walk_f_nm_np1_fr_med_36.pt,walk,49
/data/dev/projects/ai/Trackey/trackey/research/EXTRACTED_HMDB51_FEATURES/walk_likebeckam_walk_f_nm_np1_fr_med_8.pt,walk,49
/data/dev/projects/ai/Trackey/trackey/research/EXTRACTED_HMDB51_FEATURES/walk_likebeckam_walk_f_nm_np1_ri_med_34.pt,walk,49
/data/dev/projects/ai/Trackey/trackey/research/EXTRACTED_HMDB51_FEATURES/walk_likebeckam_walk_u_cm_np1_ba_med_40.pt,walk,49
/data/dev/projects/ai/Trackey/trackey/research/EXTRACTED_HMDB51_FEATURES/walk_prelinger_ControlY1950_walk_f_nm_np1_fr_med_5.pt,walk,49
/data/dev/projects/ai/Trackey/trackey/research/EXTRACTED_HMDB51_FEATURES/walk_prelinger_LetsBeGo1953_walk_f_cm_np1_ri_med_10.pt,walk,49
/data/dev/projects/ai/Trackey/trackey/research/EXTRACTED_HMDB51_FEATURES/walk_prelinger_LetsBeGo1953_walk_f_cm_np1_ri_med_9.pt,walk,49
/data/dev/projects/ai/Trackey/trackey/research/EXTRACTED_HMDB51_FEATURES/walk_prelinger_LetsBeGo1953_walk_f_cm_np2_ri_med_5.pt,walk,49
/data/dev/projects/ai/Trackey/trackey/research/EXTRACTED_HMDB51_FEATURES/walk_prelinger_LetsBeGo1953_walk_f_nm_np1_ba_med_1.pt,walk,49
/data/dev/projects/ai/Trackey/trackey/research/EXTRACTED_HMDB51_FEATURES/walk_prelinger_LetsBeGo1953_walk_f_nm_np1_fr_med_0.pt,walk,49
/data/dev/projects/ai/Trackey/trackey/research/EXTRACTED_HMDB51_FEATURES/walk_prelinger_LetsPlay1949_walk_f_nm_np1_le_med_10.pt,walk,49
/data/dev/projects/ai/Trackey/trackey/research/EXTRACTED_HMDB51_FEATURES/walk_prelinger_LetsPlay1949_walk_h_nm_np1_ba_med_11.pt,walk,49
/data/dev/projects/ai/Trackey/trackey/research/EXTRACTED_HMDB51_FEATURES/walk_prelinger_LetsPlay1949_walk_u_cm_np2_le_med_0.pt,walk,49
/data/dev/projects/ai/Trackey/trackey/research/EXTRACTED_HMDB51_FEATURES/walk_prelinger_LetsPlay1949_walk_u_cm_np2_le_med_6.pt,walk,49
/data/dev/projects/ai/Trackey/trackey/research/EXTRACTED_HMDB51_FEATURES/walk_prelinger_they_grow_up_so_fast_1_walk_f_cm_np10_ri_med_2.pt,walk,49
/data/dev/projects/ai/Trackey/trackey/research/EXTRACTED_HMDB51_FEATURES/walk_prelinger_they_grow_up_so_fast_1_walk_f_cm_np1_le_med_3.pt,walk,49
/data/dev/projects/ai/Trackey/trackey/research/EXTRACTED_HMDB51_FEATURES/walk_prelinger_they_grow_up_so_fast_1_walk_f_nm_np1_fr_bad_11.pt,walk,49
/data/dev/projects/ai/Trackey/trackey/research/EXTRACTED_HMDB51_FEATURES/walk_prelinger_they_grow_up_so_fast_1_walk_f_nm_np1_fr_med_5.pt,walk,49
/data/dev/projects/ai/Trackey/trackey/research/EXTRACTED_HMDB51_FEATURES/walk_preparationoffoods256kb_walk_f_cm_np1_ri_med_1.pt,walk,49
/data/dev/projects/ai/Trackey/trackey/research/EXTRACTED_HMDB51_FEATURES/walk_prideandprejudice1_walk_f_nm_np1_ba_med_0.pt,walk,49
/data/dev/projects/ai/Trackey/trackey/research/EXTRACTED_HMDB51_FEATURES/walk_prideandprejudice1_walk_f_nm_np1_fr_med_2.pt,walk,49
/data/dev/projects/ai/Trackey/trackey/research/EXTRACTED_HMDB51_FEATURES/walk_prideandprejudice1_walk_f_nm_np1_fr_med_4.pt,walk,49
/data/dev/projects/ai/Trackey/trackey/research/EXTRACTED_HMDB51_FEATURES/walk_prideandprejudice1_walk_u_nm_np1_fr_med_13.pt,walk,49
/data/dev/projects/ai/Trackey/trackey/research/EXTRACTED_HMDB51_FEATURES/walk_prideandprejudice1_walk_u_nm_np1_fr_med_8.pt,walk,49
/data/dev/projects/ai/Trackey/trackey/research/EXTRACTED_HMDB51_FEATURES/walk_prideandprejudice1_walk_u_nm_np1_le_med_15.pt,walk,49
/data/dev/projects/ai/Trackey/trackey/research/EXTRACTED_HMDB51_FEATURES/walk_prideandprejudice1_walk_u_nm_np1_le_med_9.pt,walk,49
/data/dev/projects/ai/Trackey/trackey/research/EXTRACTED_HMDB51_FEATURES/wave_20060723sfjffbartsinger_wave_f_cm_np1_ba_med_0.pt,wave,50
/data/dev/projects/ai/Trackey/trackey/research/EXTRACTED_HMDB51_FEATURES/wave_21_wave_u_nm_np1_fr_goo_5.pt,wave,50
/data/dev/projects/ai/Trackey/trackey/research/EXTRACTED_HMDB51_FEATURES/wave_50_FIRST_DATES_wave_f_cm_np1_fr_med_0.pt,wave,50
/data/dev/projects/ai/Trackey/trackey/research/EXTRACTED_HMDB51_FEATURES/wave_50_FIRST_DATES_wave_u_cm_np1_fr_goo_30.pt,wave,50
/data/dev/projects/ai/Trackey/trackey/research/EXTRACTED_HMDB51_FEATURES/wave_50_FIRST_DATES_wave_u_cm_np1_fr_med_1.pt,wave,50
/data/dev/projects/ai/Trackey/trackey/research/EXTRACTED_HMDB51_FEATURES/wave_50_FIRST_DATES_wave_u_cm_np1_fr_med_36.pt,wave,50
/data/dev/projects/ai/Trackey/trackey/research/EXTRACTED_HMDB51_FEATURES/wave_A_Beautiful_Mind_2_wave_u_cm_np1_ri_med_3.pt,wave,50
/data/dev/projects/ai/Trackey/trackey/research/EXTRACTED_HMDB51_FEATURES/wave_Abschieds-winken_!!!!!!_Gruss_Guido_wave_u_cm_np1_fr_bad_0.pt,wave,50
/data/dev/projects/ai/Trackey/trackey/research/EXTRACTED_HMDB51_FEATURES/wave_Abschieds-winken_!!!!!!_Gruss_Guido_wave_u_cm_np1_fr_bad_1.pt,wave,50
/data/dev/projects/ai/Trackey/trackey/research/EXTRACTED_HMDB51_FEATURES/wave_AllThePresidentMen_wave_h_nm_np1_fr_med_6.pt,wave,50
/data/dev/projects/ai/Trackey/trackey/research/EXTRACTED_HMDB51_FEATURES/wave_AmericanGangster_wave_u_cm_np1_fr_med_57.pt,wave,50
/data/dev/projects/ai/Trackey/trackey/research/EXTRACTED_HMDB51_FEATURES/wave_American_History_X_wave_u_nm_np1_fr_med_16.pt,wave,50
/data/dev/projects/ai/Trackey/trackey/research/EXTRACTED_HMDB51_FEATURES/wave_BATMAN_BEGINS_wave_u_cm_np1_fr_med_19.pt,wave,50
/data/dev/projects/ai/Trackey/trackey/research/EXTRACTED_HMDB51_FEATURES/wave_BIG_FISH_wave_u_nm_np1_fr_bad_4.pt,wave,50
/data/dev/projects/ai/Trackey/trackey/research/EXTRACTED_HMDB51_FEATURES/wave_BIG_FISH_wave_u_nm_np1_fr_goo_10.pt,wave,50
/data/dev/projects/ai/Trackey/trackey/research/EXTRACTED_HMDB51_FEATURES/wave_BIG_FISH_wave_u_nm_np1_fr_goo_9.pt,wave,50
/data/dev/projects/ai/Trackey/trackey/research/EXTRACTED_HMDB51_FEATURES/wave_BIG_FISH_wave_u_nm_np1_le_goo_28.pt,wave,50
/data/dev/projects/ai/Trackey/trackey/research/EXTRACTED_HMDB51_FEATURES/wave_BLACK_HAWK_DOWN_wave_u_nm_np1_ba_goo_19.pt,wave,50
/data/dev/projects/ai/Trackey/trackey/research/EXTRACTED_HMDB51_FEATURES/wave_Bubble_Gum_Club_2_wave_h_nm_np2_fr_med_0.pt,wave,50
/data/dev/projects/ai/Trackey/trackey/research/EXTRACTED_HMDB51_FEATURES/wave_BuddhaPainter_wave_u_nm_np1_fr_med_1.pt,wave,50
/data/dev/projects/ai/Trackey/trackey/research/EXTRACTED_HMDB51_FEATURES/wave_Bush_Wave_vs__Obama_Wave_and_Which_Commander-in-chief_Salutes_the_Best__You_Decide_wave_u_cm_np1_fr_med_0.pt,wave,50
/data/dev/projects/ai/Trackey/trackey/research/EXTRACTED_HMDB51_FEATURES/wave_Bush_Wave_vs__Obama_Wave_and_Which_Commander-in-chief_Salutes_the_Best__You_Decide_wave_u_cm_np1_fr_med_1.pt,wave,50
/data/dev/projects/ai/Trackey/trackey/research/EXTRACTED_HMDB51_FEATURES/wave_Bush_Wave_vs__Obama_Wave_and_Which_Commander-in-chief_Salutes_the_Best__You_Decide_wave_u_cm_np1_fr_med_10.pt,wave,50
/data/dev/projects/ai/Trackey/trackey/research/EXTRACTED_HMDB51_FEATURES/wave_Bush_Wave_vs__Obama_Wave_and_Which_Commander-in-chief_Salutes_the_Best__You_Decide_wave_u_cm_np1_fr_med_2.pt,wave,50
/data/dev/projects/ai/Trackey/trackey/research/EXTRACTED_HMDB51_FEATURES/wave_Bush_Wave_vs__Obama_Wave_and_Which_Commander-in-chief_Salutes_the_Best__You_Decide_wave_u_cm_np1_fr_med_3.pt,wave,50
/data/dev/projects/ai/Trackey/trackey/research/EXTRACTED_HMDB51_FEATURES/wave_Bush_Wave_vs__Obama_Wave_and_Which_Commander-in-chief_Salutes_the_Best__You_Decide_wave_u_cm_np1_fr_med_4.pt,wave,50
/data/dev/projects/ai/Trackey/trackey/research/EXTRACTED_HMDB51_FEATURES/wave_Bush_Wave_vs__Obama_Wave_and_Which_Commander-in-chief_Salutes_the_Best__You_Decide_wave_u_cm_np1_fr_med_5.pt,wave,50
/data/dev/projects/ai/Trackey/trackey/research/EXTRACTED_HMDB51_FEATURES/wave_Bush_Wave_vs__Obama_Wave_and_Which_Commander-in-chief_Salutes_the_Best__You_Decide_wave_u_cm_np1_fr_med_7.pt,wave,50
/data/dev/projects/ai/Trackey/trackey/research/EXTRACTED_HMDB51_FEATURES/wave_Bush_Wave_vs__Obama_Wave_and_Which_Commander-in-chief_Salutes_the_Best__You_Decide_wave_u_cm_np1_fr_med_8.pt,wave,50
/data/dev/projects/ai/Trackey/trackey/research/EXTRACTED_HMDB51_FEATURES/wave_Bush_Wave_vs__Obama_Wave_and_Which_Commander-in-chief_Salutes_the_Best__You_Decide_wave_u_cm_np1_fr_med_9.pt,wave,50
/data/dev/projects/ai/Trackey/trackey/research/EXTRACTED_HMDB51_FEATURES/wave_Bush_Wave_vs__Obama_Wave_and_Which_Commander-in-chief_Salutes_the_Best__You_Decide_wave_u_cm_np1_le_med_6.pt,wave,50
/data/dev/projects/ai/Trackey/trackey/research/EXTRACTED_HMDB51_FEATURES/wave_CastAway1_wave_u_cm_np1_ri_med_4.pt,wave,50
/data/dev/projects/ai/Trackey/trackey/research/EXTRACTED_HMDB51_FEATURES/wave_CharlieAndTheChocolateFactory_wave_u_nm_np1_fr_bad_1.pt,wave,50
/data/dev/projects/ai/Trackey/trackey/research/EXTRACTED_HMDB51_FEATURES/wave_CharlieAndTheChocolateFactory_wave_u_nm_np1_fr_med_2.pt,wave,50
/data/dev/projects/ai/Trackey/trackey/research/EXTRACTED_HMDB51_FEATURES/wave_CharlieAndTheChocolateFactory_wave_u_nm_np2_fr_goo_18.pt,wave,50
/data/dev/projects/ai/Trackey/trackey/research/EXTRACTED_HMDB51_FEATURES/wave_Chris_Benoit_waving_goodbye_wave_u_nm_np1_fr_med_0.pt,wave,50
/data/dev/projects/ai/Trackey/trackey/research/EXTRACTED_HMDB51_FEATURES/wave_Chris_Benoit_waving_goodbye_wave_u_nm_np1_fr_med_1.pt,wave,50
/data/dev/projects/ai/Trackey/trackey/research/EXTRACTED_HMDB51_FEATURES/wave_Crash_wave_u_cm_np1_ba_med_13.pt,wave,50
/data/dev/projects/ai/Trackey/trackey/research/EXTRACTED_HMDB51_FEATURES/wave_DONNIE_DARKO_wave_u_nm_np1_fr_goo_9.pt,wave,50
/data/dev/projects/ai/Trackey/trackey/research/EXTRACTED_HMDB51_FEATURES/wave_DONNIE_DARKO_wave_u_nm_np1_le_goo_8.pt,wave,50
/data/dev/projects/ai/Trackey/trackey/research/EXTRACTED_HMDB51_FEATURES/wave_EVOLUTION_wave_u_cm_np1_fr_med_4.pt,wave,50
/data/dev/projects/ai/Trackey/trackey/research/EXTRACTED_HMDB51_FEATURES/wave_EVOLUTION_wave_u_nm_np1_fr_med_18.pt,wave,50
/data/dev/projects/ai/Trackey/trackey/research/EXTRACTED_HMDB51_FEATURES/wave_EVOLUTION_wave_u_nm_np1_le_med_3.pt,wave,50
/data/dev/projects/ai/Trackey/trackey/research/EXTRACTED_HMDB51_FEATURES/wave_Eurotrip_wave_u_nm_np1_fr_goo_4.pt,wave,50
/data/dev/projects/ai/Trackey/trackey/research/EXTRACTED_HMDB51_FEATURES/wave_Gaye_waves_to_the_paparazzi_as_she_flees_New_York_after_stalking_Adam_Lambert_in_Central_Park_wave_u_cm_np1_fr_med_0.pt,wave,50
/data/dev/projects/ai/Trackey/trackey/research/EXTRACTED_HMDB51_FEATURES/wave_Glory_wave_u_nm_np6_fr_med_33.pt,wave,50
/data/dev/projects/ai/Trackey/trackey/research/EXTRACTED_HMDB51_FEATURES/wave_HP_PRISONER_OF_AZKABAN_wave_f_cm_np1_fr_med_12.pt,wave,50
/data/dev/projects/ai/Trackey/trackey/research/EXTRACTED_HMDB51_FEATURES/wave_HP_PRISONER_OF_AZKABAN_wave_u_nm_np1_ri_med_39.pt,wave,50
/data/dev/projects/ai/Trackey/trackey/research/EXTRACTED_HMDB51_FEATURES/wave_Hands_Up__Clap_Hands_And_Wave!_wave_f_cm_np1_ri_med_0.pt,wave,50
/data/dev/projects/ai/Trackey/trackey/research/EXTRACTED_HMDB51_FEATURES/wave_Hitch_Part_1_wave_u_nm_np1_fr_goo_1.pt,wave,50
/data/dev/projects/ai/Trackey/trackey/research/EXTRACTED_HMDB51_FEATURES/wave_Hitch_Part_2_wave_h_nm_np1_fr_goo_12.pt,wave,50
/data/dev/projects/ai/Trackey/trackey/research/EXTRACTED_HMDB51_FEATURES/wave_IamLegend_wave_u_nm_np1_ba_med_6.pt,wave,50
/data/dev/projects/ai/Trackey/trackey/research/EXTRACTED_HMDB51_FEATURES/wave_IndianaJonesandTheTempleofDoom_wave_h_nm_np1_fr_med_2.pt,wave,50
/data/dev/projects/ai/Trackey/trackey/research/EXTRACTED_HMDB51_FEATURES/wave_KUNG_FU_HUSTLE_wave_f_nm_np1_fr_med_7.pt,wave,50
/data/dev/projects/ai/Trackey/trackey/research/EXTRACTED_HMDB51_FEATURES/wave_L_cheln_Und_Winken_wave_h_cm_np1_fr_med_0.pt,wave,50
/data/dev/projects/ai/Trackey/trackey/research/EXTRACTED_HMDB51_FEATURES/wave_L_cheln_Und_Winken_wave_h_cm_np1_fr_med_1.pt,wave,50
/data/dev/projects/ai/Trackey/trackey/research/EXTRACTED_HMDB51_FEATURES/wave_MUSE_Wave_Goodbye_in_Wembley_wave_u_cm_np3_fr_med_1.pt,wave,50
/data/dev/projects/ai/Trackey/trackey/research/EXTRACTED_HMDB51_FEATURES/wave_MUSE_Wave_Goodbye_in_Wembley_wave_u_nm_np3_fr_med_0.pt,wave,50
/data/dev/projects/ai/Trackey/trackey/research/EXTRACTED_HMDB51_FEATURES/wave_Maddin_winkt_wave_h_cm_np1_fr_med_1.pt,wave,50
/data/dev/projects/ai/Trackey/trackey/research/EXTRACTED_HMDB51_FEATURES/wave_Maddin_winkt_wave_h_cm_np1_le_med_0.pt,wave,50
/data/dev/projects/ai/Trackey/trackey/research/EXTRACTED_HMDB51_FEATURES/wave_Maya_beim_Winken_wave_f_cm_np1_fr_med_0.pt,wave,50
/data/dev/projects/ai/Trackey/trackey/research/EXTRACTED_HMDB51_FEATURES/wave_Maya_beim_Winken_wave_f_cm_np1_fr_med_1.pt,wave,50
/data/dev/projects/ai/Trackey/trackey/research/EXTRACTED_HMDB51_FEATURES/wave_Maya_beim_Winken_wave_f_cm_np1_fr_med_2.pt,wave,50
/data/dev/projects/ai/Trackey/trackey/research/EXTRACTED_HMDB51_FEATURES/wave_Miro_Klose_winkt_wave_f_cm_np1_le_med_0.pt,wave,50
/data/dev/projects/ai/Trackey/trackey/research/EXTRACTED_HMDB51_FEATURES/wave_Newall_Green_High_Students_Waving_Goodbye_wave_u_cm_np1_fr_bad_2.pt,wave,50
/data/dev/projects/ai/Trackey/trackey/research/EXTRACTED_HMDB51_FEATURES/wave_Newall_Green_High_Students_Waving_Goodbye_wave_u_cm_np1_fr_med_0.pt,wave,50
/data/dev/projects/ai/Trackey/trackey/research/EXTRACTED_HMDB51_FEATURES/wave_Newall_Green_High_Students_Waving_Goodbye_wave_u_cm_np3_fr_med_1.pt,wave,50
/data/dev/projects/ai/Trackey/trackey/research/EXTRACTED_HMDB51_FEATURES/wave_Oceans12_wave_h_nm_np1_fr_goo_8.pt,wave,50
/data/dev/projects/ai/Trackey/trackey/research/EXTRACTED_HMDB51_FEATURES/wave_OldSchool_wave_f_cm_np1_fr_med_13.pt,wave,50
/data/dev/projects/ai/Trackey/trackey/research/EXTRACTED_HMDB51_FEATURES/wave_OldSchool_wave_u_nm_np1_fr_med_24.pt,wave,50
/data/dev/projects/ai/Trackey/trackey/research/EXTRACTED_HMDB51_FEATURES/wave_Pirates_5_wave_h_nm_np1_fr_med_8.pt,wave,50
/data/dev/projects/ai/Trackey/trackey/research/EXTRACTED_HMDB51_FEATURES/wave_Poldi_beim_Spiel_Deutschland_Schweden_16_8_wave_u_cm_np1_ri_med_0.pt,wave,50
/data/dev/projects/ai/Trackey/trackey/research/EXTRACTED_HMDB51_FEATURES/wave_RATRACE_wave_f_nm_np1_fr_goo_37.pt,wave,50
/data/dev/projects/ai/Trackey/trackey/research/EXTRACTED_HMDB51_FEATURES/wave_RATRACE_wave_f_nm_np1_fr_med_21.pt,wave,50
/data/dev/projects/ai/Trackey/trackey/research/EXTRACTED_HMDB51_FEATURES/wave_RATRACE_wave_f_nm_np1_ri_med_10.pt,wave,50
/data/dev/projects/ai/Trackey/trackey/research/EXTRACTED_HMDB51_FEATURES/wave_RATRACE_wave_u_cm_np1_fr_med_6.pt,wave,50
/data/dev/projects/ai/Trackey/trackey/research/EXTRACTED_HMDB51_FEATURES/wave_RATRACE_wave_u_nm_np1_fr_med_27.pt,wave,50
/data/dev/projects/ai/Trackey/trackey/research/EXTRACTED_HMDB51_FEATURES/wave_RATRACE_wave_u_nm_np1_fr_med_34.pt,wave,50
/data/dev/projects/ai/Trackey/trackey/research/EXTRACTED_HMDB51_FEATURES/wave_RATRACE_wave_u_nm_np1_fr_med_9.pt,wave,50
/data/dev/projects/ai/Trackey/trackey/research/EXTRACTED_HMDB51_FEATURES/wave_SchoolRulesHowTheyHelpUs_wave_f_nm_np1_ba_med_0.pt,wave,50
/data/dev/projects/ai/Trackey/trackey/research/EXTRACTED_HMDB51_FEATURES/wave_Song_I_Can_Wave_My_Hands_-_Cullen_s_Abc_s_wave_u_cm_np1_fr_med_0.pt,wave,50
/data/dev/projects/ai/Trackey/trackey/research/EXTRACTED_HMDB51_FEATURES/wave_Song_I_Can_Wave_My_Hands_-_Cullen_s_Abc_s_wave_u_cm_np1_fr_med_1.pt,wave,50
/data/dev/projects/ai/Trackey/trackey/research/EXTRACTED_HMDB51_FEATURES/wave_Song_I_Can_Wave_My_Hands_-_Cullen_s_Abc_s_wave_u_cm_np1_fr_med_2.pt,wave,50
/data/dev/projects/ai/Trackey/trackey/research/EXTRACTED_HMDB51_FEATURES/wave_Superbad_wave_f_cm_np1_fr_med_4.pt,wave,50
/data/dev/projects/ai/Trackey/trackey/research/EXTRACTED_HMDB51_FEATURES/wave_TrumanShow_wave_f_nm_np1_fr_med_26.pt,wave,50
/data/dev/projects/ai/Trackey/trackey/research/EXTRACTED_HMDB51_FEATURES/wave_TrumanShow_wave_u_nm_np1_fr_med_0.pt,wave,50
/data/dev/projects/ai/Trackey/trackey/research/EXTRACTED_HMDB51_FEATURES/wave_TrumanShow_wave_u_nm_np1_fr_med_25.pt,wave,50
/data/dev/projects/ai/Trackey/trackey/research/EXTRACTED_HMDB51_FEATURES/wave_UNREPEATABLE_wave_f_nm_np1_fr_med_5.pt,wave,50
/data/dev/projects/ai/Trackey/trackey/research/EXTRACTED_HMDB51_FEATURES/wave_We_Wave_-_Premiere_wave_f_cm_np2_fr_med_0.pt,wave,50
/data/dev/projects/ai/Trackey/trackey/research/EXTRACTED_HMDB51_FEATURES/wave_WeddingCrashers_wave_u_nm_np1_fr_goo_0.pt,wave,50
/data/dev/projects/ai/Trackey/trackey/research/EXTRACTED_HMDB51_FEATURES/wave_Wie_man_winkt!!_wave_u_cm_np1_fr_med_0.pt,wave,50
/data/dev/projects/ai/Trackey/trackey/research/EXTRACTED_HMDB51_FEATURES/wave__I_ll_Just_Wave_My_Hand__sung_by_Cornerstone_Male_Choir_wave_u_cm_np1_fr_med_0.pt,wave,50
/data/dev/projects/ai/Trackey/trackey/research/EXTRACTED_HMDB51_FEATURES/wave__I_ll_Just_Wave_My_Hand__sung_by_Cornerstone_Male_Choir_wave_u_cm_np1_fr_med_1.pt,wave,50
/data/dev/projects/ai/Trackey/trackey/research/EXTRACTED_HMDB51_FEATURES/wave__I_ll_Just_Wave_My_Hand__sung_by_Cornerstone_Male_Choir_wave_u_cm_np1_fr_med_2.pt,wave,50
/data/dev/projects/ai/Trackey/trackey/research/EXTRACTED_HMDB51_FEATURES/wave_eddieizzardcircle_wave_u_nm_np1_ri_med_8.pt,wave,50
/data/dev/projects/ai/Trackey/trackey/research/EXTRACTED_HMDB51_FEATURES/wave_likebeckam_wave_u_cm_np1_fr_med_6.pt,wave,50
/data/dev/projects/ai/Trackey/trackey/research/EXTRACTED_HMDB51_FEATURES/wave_likebeckam_wave_u_cm_np1_le_med_20.pt,wave,50
/data/dev/projects/ai/Trackey/trackey/research/EXTRACTED_HMDB51_FEATURES/wave_prelinger_LetsBeGo1953_wave_u_cm_np10_ba_med_2.pt,wave,50
/data/dev/projects/ai/Trackey/trackey/research/EXTRACTED_HMDB51_FEATURES/wave_prelinger_LetsBeGo1953_wave_u_cm_np10_ba_med_3.pt,wave,50
/data/dev/projects/ai/Trackey/trackey/research/EXTRACTED_HMDB51_FEATURES/wave_prideandprejudice1_wave_f_nm_np1_ri_med_14.pt,wave,50
/data/dev/projects/ai/Trackey/trackey/research/EXTRACTED_HMDB51_FEATURES/wave_veoh_harold_and_kumar_wave_u_nm_np1_fr_goo_5.pt,wave,50
/data/dev/projects/ai/Trackey/trackey/research/EXTRACTED_HMDB51_FEATURES/wave_wave_and_say_hi_wave_u_nm_np1_fr_med_0.pt,wave,50
/data/dev/projects/ai/Trackey/trackey/research/EXTRACTED_HMDB51_FEATURES/wave_winKen_wave_u_cm_np1_ba_bad_0.pt,wave,50
/data/dev/projects/ai/Trackey/trackey/research/EXTRACTED_HMDB51_FEATURES/wave_winKen_wave_u_cm_np1_ri_bad_1.pt,wave,50
